queue_length,farmers_ahead,active_counters,total_counters,average_processing_time,quantity,crop_type,centre_capacity,historical_load,time_of_day,day_of_week,wait_time
43,17,2,6,4.577772582044058,391,Maize,106,92,15.551866509300353,0,55.903581470113444
56,20,4,5,9.62766274487736,251,Rice,66,49,16.2357786046919,5,61.34586735244328
33,35,4,5,7.0883821324584835,298,Sugarcane,101,28,14.205004605193377,0,61.40647452368176
19,39,2,6,6.614019115026998,298,Maize,107,82,13.287749083964787,0,140.13259784870098
47,21,3,4,5.012177372028855,913,Cotton,125,59,15.21578004790515,1,50.57362909816514
12,29,5,6,5.8120292435591665,786,Wheat,152,26,8.357628788062204,4,31.484418141680187
25,29,2,6,5.861641671512989,552,Wheat,75,99,8.614005256033966,1,100.78115257435577
43,7,4,6,11.881633718986425,881,Maize,76,51,14.872734885761837,0,25.507333482546663
23,33,1,5,10.682795036067947,279,Wheat,73,80,11.35069964587058,4,361.6581904782396
27,8,4,5,4.122098333067453,317,Cotton,130,79,12.888343564482746,3,12.275035325712139
15,19,5,6,8.934692726147837,729,Cotton,188,70,15.819925636599102,1,34.246159492305466
15,39,4,5,6.04728077137539,917,Maize,135,59,13.771579084069339,2,58.72129787603237
28,24,5,6,4.835015430556674,932,Cotton,185,98,16.05261874663058,6,32.431061673378274
57,18,2,4,9.644798104958038,944,Wheat,81,30,12.191552421706435,2,102.84072675704365
40,4,4,5,5.052844395746794,419,Maize,78,92,10.874233529715447,2,19.56475963522363
44,10,3,2,7.549926236237885,122,Wheat,155,35,10.348369088838687,1,37.37976249331027
28,14,3,5,9.057321318719394,736,Cotton,145,44,9.316809510731971,3,43.05015330827884
7,7,4,4,8.43595804923991,183,Cotton,170,51,8.367965222739583,4,16.53573179270999
26,18,4,4,11.821032786421943,810,Sugarcane,153,93,8.531490156834046,1,61.10820269129674
57,22,1,5,10.28594090498018,425,Rice,182,29,10.709988271328143,1,247.06644887351052
6,26,4,3,10.193547009019918,798,Rice,190,76,10.7841259434457,1,63.12513882096917
28,39,1,6,6.84476315264825,428,Maize,177,60,11.817845290332107,4,281.07803043577627
48,31,1,6,4.067163936673134,703,Wheat,138,84,13.916173712395056,3,147.12433961170947
34,25,1,4,9.875287437365508,429,Rice,91,51,15.592995351320607,6,264.7897537858279
42,26,1,5,11.99785667436538,793,Maize,59,67,9.977050080587572,1,329.72801687097717
6,18,2,3,7.247032861948925,838,Cotton,75,73,15.592481765989891,5,73.09774888270528
25,28,3,2,11.884147991656938,810,Rice,125,94,9.389895277913677,0,116.81344484152714
37,38,1,6,5.133664876274771,572,Wheat,88,60,17.88693620689873,4,210.21873731153718
16,32,3,3,6.372098813093739,577,Sugarcane,101,80,10.850337830826135,5,72.41489857452831
26,18,1,6,5.365815453939765,334,Sugarcane,172,26,16.373350147041492,3,103.9236158548706
48,36,3,5,7.801407783414526,655,Rice,107,72,9.904658278891533,0,108.94610424024066
29,18,4,6,10.375851212057764,687,Sugarcane,125,72,17.506427804372567,1,52.257450506487736
53,32,4,2,6.725293532303631,752,Maize,149,45,16.26626785212212,5,68.05111902405172
31,15,3,5,11.249831497214972,793,Wheat,67,80,11.59389260547034,5,70.24743456278841
46,22,1,4,8.358643306638282,218,Cotton,91,54,12.214717260948545,0,198.17754959020326
32,6,2,3,7.723395309935018,139,Wheat,51,22,8.038379935229761,2,31.676662348505936
20,25,3,6,10.29628673756221,359,Cotton,82,88,10.514322443129657,5,88.99589090858072
19,31,5,5,4.8115479763342766,855,Sugarcane,108,83,10.892964559519516,3,36.697020841723116
51,11,2,5,10.190019769685398,740,Maize,149,30,12.527386989599284,5,70.57138458222501
55,7,5,6,5.943616001382614,105,Cotton,122,25,9.390498139951667,5,17.02711285839288
48,4,3,4,6.2465003774659005,410,Sugarcane,134,21,12.787668881222494,5,23.745538390331745
59,27,1,6,8.79563018656064,165,Cotton,71,96,14.684684854192522,5,263.71636356629136
56,4,5,4,11.215475400369641,473,Rice,66,84,11.712822981433185,3,32.43844004355263
7,25,3,6,8.627255598166919,830,Wheat,180,59,10.32195275565526,2,70.61885375453842
41,4,2,5,9.191594790355897,245,Maize,81,34,13.477164869538948,5,27.124140792129634
55,21,1,2,10.212756716842193,333,Sugarcane,82,49,8.29003902960277,0,236.35090293478996
11,14,5,2,6.074598071939894,128,Maize,59,25,11.40837450776448,6,12.032032681328126
25,12,3,5,10.61786938243314,920,Wheat,54,40,13.27590242908014,3,51.38192885436441
13,27,1,2,7.343681192537198,772,Cotton,117,76,11.358428161985223,1,204.77604451902664
43,32,1,4,5.4052455479293,742,Cotton,151,74,11.454314260975277,2,194.86817185715154
22,22,4,5,6.8009446356889995,759,Maize,122,82,16.482966626372033,3,44.01022374725931
8,32,1,4,5.969048893745803,999,Cotton,192,28,17.339917871951645,5,194.2960458691249
29,17,3,5,5.829708841085167,693,Cotton,101,71,16.273926473486586,3,39.09451593638334
18,29,2,4,6.260505589753329,569,Cotton,57,56,8.988674500784892,6,101.27757440489624
54,25,4,4,5.447446517936716,460,Rice,147,89,10.897424443809964,5,52.52779101261069
13,15,3,2,9.341614056661143,953,Sugarcane,79,93,15.112943666916648,4,55.67581011555205
30,12,3,5,8.639934056280937,694,Sugarcane,123,28,17.74392795002658,5,36.207305448298584
57,38,3,6,9.187535143867429,684,Wheat,127,35,10.422815484700806,6,130.33154061340664
6,32,5,2,6.7497977906252835,454,Cotton,173,51,16.982104790893004,0,39.955390050895
24,25,5,4,10.157867220592355,825,Maize,190,22,15.390149871630681,2,46.249688635861226
32,0,2,4,5.036869927633318,125,Cotton,108,33,17.834503663795324,3,11.015304538746136
51,37,3,6,8.569093675690882,389,Wheat,111,40,8.93585481741734,2,121.7807876247692
11,1,5,6,6.203623777971791,170,Cotton,78,91,11.947457481930373,1,1.0
48,5,5,4,8.220879205580891,961,Rice,142,66,12.781150023345004,4,19.126201262832215
12,37,5,6,6.589097401921913,788,Wheat,111,40,14.720826252445782,5,48.98285264510562
51,23,2,3,10.324094120730361,188,Sugarcane,184,61,14.53972036275129,6,141.31514779309393
39,17,2,2,11.130174710704758,276,Sugarcane,183,36,17.063453447142308,0,108.37499548090368
18,26,3,5,9.94064978697305,126,Rice,111,59,16.386731225883317,5,88.43916165527327
21,7,4,6,5.404669702793974,388,Sugarcane,117,77,8.553726689161797,6,12.701282134503657
40,27,3,6,6.1989351871068985,939,Rice,66,23,12.865401230098872,0,64.91992178111686
54,9,5,3,11.354864524147327,916,Sugarcane,189,61,12.070612302190995,1,34.87218458569145
44,16,5,5,7.49776102126561,674,Sugarcane,106,76,17.97144586525375,3,34.785665386238
8,28,1,3,11.529443274794135,630,Cotton,137,55,12.272581942444912,4,327.3385606269203
6,5,3,5,7.139613510898134,583,Wheat,111,71,14.826191400026863,0,17.20948979370496
10,13,5,2,11.61419728472531,533,Sugarcane,147,41,10.844294331338906,5,30.477136740289648
58,21,5,6,11.405911901866649,592,Wheat,127,87,14.14628955917377,2,63.07067608235412
46,5,4,2,9.28421511989293,377,Wheat,76,29,10.066330886184334,1,20.307677919159286
8,25,1,5,4.070616387692023,445,Sugarcane,182,43,14.03606655649612,5,108.45593262776708
58,38,3,6,7.202677455807495,678,Wheat,89,54,16.68190238587981,0,106.88363164598883
33,11,2,3,11.289881037564767,337,Rice,186,97,8.192377914458872,5,80.41183993524173
22,34,3,4,11.080882312864919,236,Maize,193,39,13.04586409539346,3,128.7350049482388
30,13,3,3,5.499102400768909,262,Rice,62,71,17.82370624356398,4,36.91812135139154
48,21,4,4,7.193459967752821,938,Sugarcane,192,33,9.5926252244832,6,45.41919826408012
38,22,3,3,10.684079423035772,946,Rice,193,58,9.834123280488884,0,96.57920300868415
14,6,4,5,8.623022826000435,999,Maize,93,92,12.70823721101543,3,18.171302371577553
40,39,4,2,10.778393867569605,392,Rice,165,53,16.709931803269093,3,116.32197093551646
18,24,5,4,10.612539075588504,127,Wheat,167,86,13.627596094371142,1,58.82489818457889
35,12,2,5,11.259856055619863,355,Sugarcane,144,95,13.08708644570584,5,83.33863866910995
52,20,4,2,4.937764705556654,902,Wheat,96,31,8.867570591046212,3,36.430809963493246
19,9,1,2,5.161721131628125,723,Wheat,133,61,17.61986014574681,1,56.637142286928146
12,8,1,6,4.66247223175242,851,Sugarcane,89,50,11.471159314796992,2,50.37119962549851
18,14,2,6,11.482150728763454,854,Sugarcane,120,90,10.518071521475626,5,95.91851017555031
27,1,4,6,7.801299075023145,764,Cotton,155,28,12.117439447430517,1,2.866623262148405
44,24,2,4,4.514602267859585,364,Maize,144,70,12.141821617058199,0,67.38195796820524
25,12,5,4,6.57223922011233,663,Wheat,72,56,12.585331087280595,1,20.60564177173805
20,33,1,2,6.811301129039735,580,Wheat,96,41,14.885382018791653,4,233.36709468040846
49,33,3,4,10.476478587814057,500,Sugarcane,93,28,16.679465686144653,2,131.68307881023506
22,34,1,2,9.883815137367383,559,Sugarcane,131,99,8.573128801268561,1,351.8945032447336
51,37,4,5,9.515096396500553,876,Rice,61,83,12.907685646667053,2,103.76641478089385
57,2,2,3,4.17490842073103,665,Wheat,143,82,12.13978124826072,5,22.751267658336516
28,5,1,2,11.28556637141103,232,Wheat,128,92,8.108801128188233,1,70.67865480661517
30,18,3,2,5.7244421353259325,290,Sugarcane,190,31,16.164894509025018,3,38.46038906218542
29,2,3,5,9.032491237541421,223,Wheat,130,46,9.043132011207234,3,12.306215513206537
49,17,2,6,4.494552344091353,530,Maize,169,66,9.14748009507005,5,54.489442638601666
45,38,2,6,4.652208734976436,317,Cotton,150,92,8.482984180517033,0,106.03223467975087
33,8,1,6,4.076618369040977,976,Sugarcane,162,47,10.00421633814484,3,45.35754853867461
19,11,4,2,8.527421156362646,502,Sugarcane,76,54,9.768162815544983,4,28.327345719751847
49,4,5,2,9.035037356935238,421,Wheat,197,57,11.47865836088495,3,20.64881420682466
5,2,3,4,4.40369842586583,400,Cotton,67,60,14.592703942510298,4,6.843236352557397
29,10,2,4,6.323879078112311,170,Cotton,113,86,8.54294227628479,1,40.69882851291173
11,29,5,3,10.811635313424134,313,Sugarcane,58,75,16.602757601747864,5,59.87060158611923
13,3,5,3,4.810466934583313,973,Sugarcane,167,28,11.265786153565559,1,1.0
28,4,5,4,5.73237731642665,644,Sugarcane,172,22,14.06607331071925,4,1.8784632385999522
5,0,4,2,7.3951296677794165,473,Maize,74,70,8.120051122107544,0,1.839990177953337
48,26,2,5,10.738192821064928,435,Wheat,162,96,11.65807915068367,6,159.54478671451932
12,27,3,4,6.038792435801634,270,Maize,178,68,8.020509119053683,3,59.146871244108084
28,28,2,2,11.977096122906737,443,Sugarcane,108,99,9.654582735772166,4,185.87318776245442
15,17,1,4,6.842094505108227,555,Cotton,67,54,12.478504304713184,3,123.2148520475074
55,11,3,6,7.091589267868985,961,Wheat,96,35,13.350874219497499,6,36.671310422809725
21,12,2,4,4.976849633846355,509,Wheat,128,59,9.529285997213456,2,37.49341788045805
12,1,3,6,9.441583206852247,400,Sugarcane,71,88,15.452162776156523,0,3.210575762841332
39,36,1,2,5.947721462275853,595,Sugarcane,137,27,9.890036655206046,1,226.07803619284846
39,15,3,6,9.03094076236037,390,Sugarcane,114,73,9.158450921570573,4,50.74786529054469
37,23,5,4,5.785261827223413,848,Sugarcane,188,52,11.334245127611744,2,33.03933852732631
9,34,4,6,7.102978137811744,948,Sugarcane,156,70,13.514286636609533,5,65.45419120688318
46,21,1,5,10.85337673563534,536,Sugarcane,139,21,17.88901816419748,4,243.46669096217403
43,35,3,6,9.91124729179256,201,Wheat,87,57,12.187157296351502,5,129.20030151791454
45,10,1,6,5.2367271995497875,109,Maize,175,75,12.259964172421107,6,72.91936733498969
32,28,5,3,8.861665338992811,140,Cotton,98,39,8.593334701165217,4,50.943414360565065
11,34,4,5,9.029125213390476,469,Sugarcane,154,71,15.658196731593033,5,73.01029472598636
13,14,1,2,4.724547788014888,225,Cotton,194,28,9.817830018610433,6,67.19206369695405
12,30,5,6,7.726445234687486,884,Wheat,106,84,15.448035645453782,4,50.2063666421772
16,15,5,5,6.085347165340863,482,Cotton,63,85,17.106168777299416,4,24.522656456439783
38,9,5,2,7.737041142107864,426,Wheat,132,38,15.682207620913612,1,23.122625361494748
37,31,3,5,10.216567930583,549,Rice,57,35,14.42453420412215,1,110.3017393563753
52,1,2,3,5.2660764784825576,622,Maize,72,88,14.039162954886297,1,26.666024964559245
59,23,1,2,4.98643364470435,930,Rice,93,39,12.536328924145405,0,130.47350005660752
27,22,2,2,6.1545319608461835,806,Wheat,115,71,9.44542695116377,5,80.18157532235382
28,1,5,6,11.618203602772667,631,Rice,52,33,15.788386091217523,1,5.768833421708847
41,37,2,4,9.982593689479732,372,Wheat,190,96,12.773222703925939,3,200.56122950942182
39,30,5,2,4.155646902516373,601,Rice,118,54,14.256458231356444,1,34.46297711364376
48,39,5,2,7.208038739867013,846,Wheat,131,76,11.740152289134425,4,61.66289911135509
44,25,4,3,6.059183832643082,586,Maize,50,53,10.007227196804344,4,45.391043963930514
26,28,4,3,9.10515654697739,326,Maize,70,78,16.065084637882627,3,68.99877716725202
31,2,2,3,7.674339628273545,326,Maize,132,99,11.4239980557379,2,24.857667629752715
39,13,1,6,11.715988198911527,965,Wheat,105,47,16.666800289714118,4,168.59466905411313
5,24,2,2,5.7518276078739055,440,Cotton,151,62,17.657249025226818,4,73.38328943375575
39,0,1,3,8.702851327991524,371,Rice,179,54,16.299885272070362,1,15.727473310787182
41,2,2,3,9.601680119921781,890,Rice,80,34,9.281380452908508,1,25.135370443021223
51,25,3,5,10.604515914763052,494,Rice,190,22,16.550109273574435,4,98.77135753348304
18,17,3,5,7.255768243424057,223,Rice,63,46,13.193578254132323,3,43.78602455110762
7,8,1,3,9.495375261259852,294,Maize,125,23,10.414116008976464,4,77.9050919157707
5,37,4,6,6.425611771074262,682,Cotton,62,41,8.931560336261457,1,54.07228995795532
9,22,1,4,7.483808738894562,843,Rice,137,88,10.785098391299147,5,176.00837017797997
30,20,2,5,11.165017049627194,272,Cotton,144,42,9.374270821762149,1,117.15689730891258
59,0,5,5,11.599260874647634,302,Wheat,191,32,8.256445822014328,6,10.366793767958171
18,20,3,2,9.750538775418118,132,Wheat,163,79,17.87764349114108,1,75.03378036371787
43,26,5,2,6.99481512620948,310,Rice,143,46,16.315422484030265,6,43.103611908049295
31,5,3,3,10.560462319797313,912,Sugarcane,149,69,15.389492630968597,3,24.660945466288737
13,35,2,2,4.2069366538033615,793,Maize,119,98,9.930137711932788,4,84.33110307065601
19,27,3,2,4.8219672843153685,852,Rice,175,31,8.277364389508488,1,48.37735640634636
19,16,1,4,9.290989891002889,150,Maize,167,29,12.85203882574691,2,156.6688698565378
30,39,5,6,6.329988602160459,982,Rice,176,68,15.416944299363228,5,56.719318376209564
46,2,5,3,11.611089747203822,991,Maize,119,54,17.628373633597626,1,11.7323241635559
17,11,2,4,7.488484896738438,954,Sugarcane,192,57,16.438836886031545,0,54.56169005899873
55,38,5,3,7.434918563113416,506,Sugarcane,105,73,16.935023559945577,6,73.40328009343563
36,11,2,6,9.42463608152745,640,Wheat,137,39,10.38662747741028,2,60.51603372993577
43,1,4,3,10.140548498449517,617,Rice,62,31,9.553260176233687,1,11.204851731269661
53,21,1,2,7.804469905001092,232,Sugarcane,184,22,10.477817700933718,0,180.6577316694468
56,22,3,6,5.712007213693793,195,Sugarcane,158,21,9.385794732583609,3,55.27335813078299
36,29,3,4,10.186469141804974,523,Rice,198,41,15.984838237117923,0,108.67414411772778
8,4,3,4,6.562810198989021,957,Rice,151,54,17.030430609658254,4,10.550678799099137
34,8,4,5,5.400886154350861,181,Wheat,151,28,11.073420262617205,5,17.584606968372494
41,20,1,4,9.053121519400106,888,Sugarcane,191,36,16.769261829390842,4,197.58668904245263
27,10,5,5,4.723629335922803,414,Maize,52,33,8.550351801589134,3,12.053131658520542
43,4,5,2,11.77082140068844,828,Rice,112,51,14.773565396271767,3,15.562143928817251
49,34,1,4,9.059178115297096,379,Rice,158,78,13.27493209895792,3,332.03256104550917
19,26,1,6,11.887164167374046,742,Rice,61,77,10.767432956197823,0,320.3162508039969
47,1,3,5,6.711147387829088,185,Rice,104,55,15.682010953414373,0,16.453252127139756
33,23,5,4,11.769641289523182,939,Sugarcane,167,52,10.120472814467284,6,57.9955460505038
40,30,1,2,5.164497981828989,465,Maize,197,93,12.161494874275562,3,178.1250276790755
17,32,5,6,4.325558178776228,924,Wheat,173,83,15.098593360728831,0,29.350933776599593
36,38,1,6,4.2638724836368205,465,Cotton,140,32,11.38228981141862,4,173.70214863395015
11,29,2,2,7.718962964793817,192,Sugarcane,118,53,16.553601855897256,1,124.06750261030379
55,36,3,4,4.664033579828758,170,Sugarcane,104,24,16.654270106396396,2,63.47160740636691
26,27,1,3,8.097343073340813,425,Cotton,124,89,10.025304197280192,3,230.76252536936343
32,30,4,4,6.620004028071204,606,Cotton,109,52,12.403899886650795,4,59.71047608688801
6,10,1,5,6.685031939792925,425,Rice,91,24,12.320126432897782,0,69.40300228677832
46,22,2,5,9.08487197236136,943,Maize,183,91,12.100451353007957,2,120.5694205760293
49,1,4,4,5.304784049212961,290,Sugarcane,118,37,13.019721381862785,6,7.775570028542862
57,39,4,5,10.132426962717847,313,Sugarcane,71,37,8.743663140853691,3,111.02499003002903
10,26,1,3,8.656247358229077,146,Wheat,114,45,16.700499953341904,0,230.20442766979096
32,34,2,3,11.319557030780087,829,Cotton,133,39,10.899147783531113,6,201.9749719070213
32,1,4,6,6.918725230140187,188,Cotton,137,23,8.018123934538119,0,5.888355014187819
48,38,3,5,11.861719936537003,886,Sugarcane,197,41,14.851039326690106,2,156.39062248058417
48,36,3,4,8.606621173712185,326,Cotton,96,92,14.504720837608739,0,120.4657031724268
24,20,5,6,11.78721564950027,496,Rice,73,28,17.83162213267626,2,51.636550725278255
34,4,5,3,4.216485232376923,316,Wheat,121,78,15.192472144074454,4,10.550835387351839
15,20,2,6,9.823810579299103,851,Sugarcane,147,52,11.327061081562782,6,101.16889858298148
59,28,4,2,10.532972194341891,400,Wheat,88,26,17.526175517984086,6,84.24593001825009
32,19,3,5,4.425386293411901,515,Rice,104,52,11.65345799262368,3,40.404180656841476
29,37,3,4,8.631757312129967,952,Wheat,165,85,16.212446859075975,0,110.08883211067325
43,19,2,3,10.415538348715586,993,Cotton,126,91,11.356740692451858,1,118.86111262287078
37,24,4,6,8.488309801784581,269,Sugarcane,157,78,8.487083134901996,2,62.95699738057837
5,1,2,4,4.510508723243733,464,Wheat,196,54,15.337848609943546,4,2.7412411613941696
31,31,1,5,9.547577927186492,331,Maize,107,51,11.502109307518655,5,317.4300458471446
56,25,3,4,4.484775317386469,719,Sugarcane,150,20,11.388876990352857,1,53.02113479660576
17,5,2,5,10.539751160131509,427,Wheat,140,71,15.158516268665002,3,35.10483414127274
45,2,2,5,4.344273466453555,332,Sugarcane,137,54,11.220378610700598,4,22.76138486408859
7,32,1,5,5.099179048082966,781,Wheat,191,59,9.180127042130245,2,170.99176285483452
43,0,5,6,6.200860724186148,746,Wheat,180,63,12.045102519056055,4,10.355790086241827
10,4,3,5,9.0669183380864,742,Cotton,176,58,16.238440395488333,6,15.488239724082366
12,12,2,4,11.810872797050447,136,Wheat,191,39,9.302044880064603,5,72.78904116903072
31,18,3,2,4.942582820959475,870,Maize,57,22,13.54480775763837,6,38.301395224745555
13,11,5,4,5.141661353711347,501,Cotton,64,72,9.322592939437138,4,12.0915738093318
41,24,2,6,6.9509631736078425,735,Maize,52,31,8.491828484394818,4,98.2958108164439
37,34,1,5,10.689753102042562,525,Maize,158,27,11.787097745652927,3,378.6662953780707
55,11,3,2,7.737847622006513,507,Rice,188,83,14.57883316330265,1,50.06240706860053
46,29,1,6,6.572884802046573,874,Maize,58,60,10.749873331962748,4,207.16337353742605
48,4,5,3,8.48963065767089,964,Wheat,53,30,12.457311477374176,6,11.644419500085323
28,33,5,3,6.084185579566,316,Sugarcane,162,45,12.913309247431226,0,42.945793630167586
19,21,3,3,7.209279257980167,269,Cotton,129,57,16.41290281341896,4,55.877726250713316
58,38,5,2,6.660841193856335,709,Cotton,183,24,16.189792084053515,4,59.269273371476295
36,12,4,4,10.433128179317167,457,Cotton,54,51,8.023472098509224,3,42.26750846135597
36,2,3,2,11.394045811504007,285,Sugarcane,98,88,12.139189942191694,3,23.955074156147937
28,19,4,2,10.076577537255295,824,Maize,132,34,14.560910319600197,6,53.952532992464214
45,30,5,2,7.512668608239868,969,Rice,118,80,16.52396170561594,3,60.886992482043574
56,4,3,3,8.03467981997331,923,Wheat,169,71,8.488977833177929,6,29.327124753264535
53,23,4,4,5.0005895514354854,843,Cotton,61,47,14.282483184109164,5,38.13229812525232
53,39,5,2,9.974917689076303,778,Wheat,103,38,16.420194975661154,6,91.69650559668632
56,32,2,4,8.771805435160353,917,Maize,153,73,10.550760205833743,3,161.8982222471414
16,7,2,5,11.21951996909949,260,Rice,129,34,10.052563313666568,4,46.836182418615834
43,23,1,2,5.604889148601226,383,Cotton,122,32,12.678493876066028,4,144.4053720940466
6,19,2,2,10.077808975460897,283,Maize,50,42,17.62579581773543,2,96.0043379593085
7,15,4,2,9.477373293753518,636,Rice,186,99,14.928863945079552,3,35.984887881686625
53,11,2,5,6.126764270478017,241,Cotton,67,81,12.244850464717135,2,56.605927899088655
41,12,3,5,9.3390291163266,794,Maize,151,44,8.208627999441672,1,46.88969772674196
53,38,3,3,11.394987044613195,695,Wheat,134,51,13.56725863437884,6,162.50248276189058
21,24,3,6,11.347487901336951,330,Sugarcane,164,40,11.487880017969157,3,89.09948534832473
53,31,2,4,9.75701259612913,567,Cotton,112,20,9.857136421530365,5,167.14467589658074
6,23,2,6,4.384584900272481,487,Rice,52,47,13.001481022022286,5,54.67844231096944
6,8,1,2,10.978114698561292,834,Rice,161,31,11.413826339672049,6,95.57786865625353
32,39,5,2,9.26222885603632,257,Sugarcane,195,98,8.387246827919288,1,80.4540798508123
58,22,1,3,6.4834740254618755,417,Sugarcane,69,39,15.255060202316683,5,161.86265025637474
27,12,4,6,5.4980028936455945,284,Maize,142,70,15.325829199625044,0,28.376540632140948
41,31,3,2,4.929630903978537,520,Sugarcane,85,45,14.188314497587253,4,65.92917785557486
36,14,2,6,4.401895194062088,282,Cotton,53,62,16.408206534962314,4,42.21343438092086
37,35,5,3,10.032825983606052,696,Sugarcane,169,69,10.031815437810062,2,75.18864979125269
5,4,5,6,5.8867439915462025,676,Cotton,158,93,10.862015516141305,4,5.910160877150491
23,21,2,4,4.1940234883460406,151,Wheat,127,47,12.586557828766654,1,54.72486691267827
6,15,1,3,7.178165214735914,102,Sugarcane,66,45,8.601751839871797,4,114.07976767682122
57,9,5,6,7.860856644738711,176,Wheat,98,96,16.83545779908167,3,30.53573953249302
48,23,1,2,5.353841847201015,746,Rice,158,44,12.90628607906515,0,146.5428685448439
30,17,2,5,4.352386689300398,937,Sugarcane,165,50,11.246632422774503,2,46.14403661834747
36,17,1,5,5.513003864784551,681,Rice,59,98,12.779634473630292,6,113.61236203065396
10,6,3,3,9.432822094692595,773,Wheat,169,37,11.251298217362386,2,16.134137478012082
36,3,2,5,4.657949418009651,707,Rice,172,59,10.862634204326847,2,17.729741966271014
59,25,2,4,8.44029624445595,115,Wheat,125,86,12.480184392570346,3,127.91530908335422
8,4,5,3,5.171295903265333,329,Maize,172,82,12.819046723850681,4,6.399548481912818
59,15,5,2,5.565513388643355,988,Wheat,186,30,12.333453933722776,3,20.946994048585474
15,34,5,2,7.144623066133589,366,Maize,139,46,13.479309532061977,1,45.37324778897687
21,25,3,3,4.806602688429851,405,Rice,198,56,15.833790022848518,5,39.4578665374633
42,17,3,5,5.385628022257703,954,Wheat,50,31,8.572681916646813,4,35.302117827633005
28,28,4,5,6.791619291610833,105,Maize,55,47,16.11518686612491,3,57.29879243430959
9,22,2,2,6.637352043986935,209,Wheat,160,25,10.285343923561813,1,72.25494722501692
56,13,5,4,9.994171885405855,242,Cotton,195,89,10.520929165570676,1,48.45940812319755
38,14,2,5,4.598258441011395,766,Cotton,150,63,13.994664890668176,3,42.13663116033389
10,32,1,4,10.883605885330748,306,Rice,188,66,17.75671302775833,3,358.3563274550147
26,24,3,5,10.529857365915639,528,Cotton,118,55,8.173993335524987,0,92.30842718903372
15,20,4,3,10.127933117535507,265,Sugarcane,198,63,14.731335896142852,3,53.60290133202865
52,16,1,6,6.47497889970506,359,Maize,156,88,14.968972059160002,2,121.84266898462386
20,22,2,2,10.5830542843263,784,Sugarcane,155,42,13.73651796007669,4,121.46195513590696
37,16,3,3,5.462416642314246,493,Cotton,58,42,8.096901143962203,6,38.45839090058174
13,13,5,5,4.995273646840226,220,Rice,51,54,14.06351796786607,1,11.316433320776662
10,28,1,2,4.359650667915899,512,Sugarcane,162,88,9.150213090526433,6,133.2106235236133
20,19,3,6,11.514482904044607,239,Rice,181,80,8.780676892574,2,79.50957250462575
33,29,2,6,6.464087181642189,267,Wheat,139,57,14.960615849049478,5,103.92329202272994
7,18,2,5,11.340943041423248,183,Sugarcane,61,71,15.002345556182021,2,107.26524822476728
24,38,1,2,6.180908492154638,520,Wheat,132,21,16.899118681936706,1,245.0254444654614
40,12,1,5,11.260527674690795,805,Sugarcane,132,38,8.033804689093163,5,155.08886307008723
23,17,1,6,11.231432422768705,887,Maize,142,82,11.787598541202083,4,201.910606145745
30,22,4,3,11.389408360085703,367,Rice,88,86,8.122719989552888,0,65.53625186177511
7,32,5,3,7.96922751427355,137,Wheat,108,42,11.646625461942445,0,49.78847169462796
23,38,3,4,10.927570294391135,402,Cotton,177,45,12.916579383346226,5,147.76762495298775
24,39,2,6,11.606127169338562,437,Sugarcane,121,49,13.297291615500274,2,230.7415868095842
36,17,2,6,6.596935535177436,853,Wheat,183,38,11.559327135665942,2,70.57623248692907
11,8,5,5,7.350995245460441,429,Sugarcane,77,58,15.25301368106488,3,12.73645150770421
56,32,1,4,9.753921498685951,298,Sugarcane,124,47,12.155949227512181,0,328.10097137242803
45,31,1,4,6.402878573786407,909,Sugarcane,90,92,13.171265423132404,0,211.23461232557847
37,16,2,2,10.030474471301272,104,Wheat,121,80,16.000876009861674,4,93.30245294573751
44,18,5,5,4.5911371617082715,531,Wheat,137,67,9.743027663344005,3,29.715894521434688
43,26,2,3,8.187987074308339,470,Sugarcane,102,98,11.208952325618197,1,123.54161595380572
22,5,1,2,4.978507872669962,994,Cotton,172,32,13.214296006680303,1,32.96209765713913
44,34,3,4,6.346587811493412,966,Rice,60,30,15.67618224964933,4,77.06680090250242
5,36,1,3,6.069003139891776,202,Sugarcane,136,59,12.253554274890066,1,226.40942936573828
15,33,3,6,10.711456588501328,534,Cotton,199,70,8.727667722700348,0,122.28453771351857
32,19,4,5,5.54813804324958,749,Rice,54,89,17.88830531872069,2,39.77058282499809
29,24,5,4,10.46758336127295,904,Sugarcane,161,99,15.079107226828931,3,55.44512352730844
54,3,4,6,10.351682767263377,480,Rice,111,49,15.22735135947622,1,15.666915579387863
27,9,1,4,7.991064444457839,165,Sugarcane,96,49,12.65104911521469,1,85.60684473997618
35,9,5,3,5.870746044769037,678,Wheat,86,97,13.47040056942646,1,23.089615180623383
34,23,1,2,5.815170719649782,369,Sugarcane,160,73,17.940484437835114,1,147.3743851465228
46,20,5,3,7.719397176926782,146,Sugarcane,75,26,13.951157036774507,2,44.585112009977905
39,10,5,5,4.0704720591481305,464,Sugarcane,92,86,10.18929466084955,2,19.12938159484916
11,26,1,5,8.250806036890928,980,Sugarcane,110,29,17.643797397192536,5,218.4174981920674
20,15,1,4,11.622236206136442,279,Cotton,177,80,13.377626824461089,6,187.70851515158233
30,25,5,3,5.237655054900772,167,Maize,118,56,8.206733488749297,4,32.27287886297466
52,29,5,2,8.586764971804827,214,Cotton,175,34,13.733514779903137,6,62.16566121227642
56,15,1,5,11.694229509155655,125,Cotton,176,69,8.704756030061953,0,195.31338458874512
53,6,1,2,10.8841771159328,658,Wheat,82,23,13.275883103536511,1,81.88304508110426
6,15,2,6,10.803040931050722,306,Sugarcane,113,61,16.253316838683723,4,84.55008163238602
5,34,2,4,10.574799443169512,172,Cotton,193,87,13.388663711522192,0,186.5378990769039
52,15,2,2,6.472188848449485,358,Rice,142,29,11.734533339096647,2,67.95956248271997
16,39,4,4,11.124934650134499,485,Sugarcane,172,41,16.82609750835914,1,108.84486843080771
9,11,5,6,11.530722809865368,129,Wheat,64,50,17.275900779296464,6,22.541718938300786
41,34,3,2,7.966339386392315,520,Wheat,69,95,11.474909823997638,2,106.10886357110076
36,20,4,2,6.83656837807567,102,Rice,71,92,12.989507839769967,5,45.82239599147753
59,35,5,6,7.313832124846849,620,Wheat,59,47,17.82922296089737,1,63.061008103826865
13,16,3,3,6.673651534650125,619,Sugarcane,145,88,9.781008458877096,2,43.435512437079026
45,31,2,2,5.699347536196321,620,Maize,186,99,10.98153236005745,6,107.97990636229905
39,5,3,2,8.947587762023115,987,Maize,80,38,12.284224556745372,4,25.07650751917707
23,23,1,5,8.500775089962584,500,Cotton,145,97,9.008882974158004,4,211.9718870254638
52,26,1,3,7.700680568314205,763,Wheat,123,66,10.720425685242448,6,223.04693954170597
20,19,5,2,4.766763093478654,753,Sugarcane,124,43,13.44688686854613,2,21.41280270608353
7,24,4,6,10.375143717647997,947,Rice,123,75,10.284980603904417,2,66.75093876290809
24,1,2,4,5.399468502006314,373,Rice,186,30,14.862849854038434,6,10.635236348590851
28,8,5,6,4.916496347168385,571,Sugarcane,91,96,11.476714820955898,3,12.409408754440065
58,27,2,3,8.98457116386358,471,Sugarcane,123,93,8.89794936306831,6,142.00697919250297
37,37,1,5,7.189154889901785,530,Rice,133,73,15.645330248695975,1,281.1490653933875
28,2,4,5,4.478467802818636,638,Wheat,194,78,13.674163041769694,3,10.017451580260563
56,19,4,5,6.844546839688466,447,Cotton,51,84,16.248692827397953,6,47.63886187963147
15,5,1,6,10.174242818279701,170,Cotton,91,51,11.601516171298604,2,56.038970619685074
53,38,3,4,8.92199364173678,581,Cotton,155,37,8.193794353722954,4,122.49056681015551
12,32,4,4,6.902288183895974,830,Sugarcane,188,23,8.466884939327946,1,52.07387182372465
40,0,3,2,5.534438333076705,901,Rice,176,99,15.954498218751572,4,16.198248808305877
42,36,2,4,9.054364966438186,355,Rice,122,70,12.106412121127878,2,177.76902103376295
44,5,4,4,11.100442407570842,202,Rice,144,66,17.763857052217986,6,24.738466748354664
24,33,1,2,9.17018174412731,246,Rice,139,73,16.30308371396938,6,315.78485773547436
39,14,3,6,10.503230837201794,769,Rice,170,44,8.161218826440646,3,60.815189920009885
52,25,2,6,8.172222708434969,959,Maize,69,29,16.699802000990143,6,117.32452438119631
29,13,2,3,9.74376885392823,239,Sugarcane,121,26,10.128661738751987,6,71.72002054760034
39,6,4,6,11.16981419022682,754,Sugarcane,119,84,12.862649294290312,1,31.04006597442366
29,30,4,5,10.185431826069241,720,Maize,195,38,13.0612134793775,5,79.36946600150944
33,23,5,5,11.278831627185166,522,Cotton,166,26,8.597212021553638,3,57.69725912803693
22,30,5,3,7.449116816928479,970,Wheat,101,64,9.256656464221129,1,46.15350688919463
50,28,4,4,11.233762041016453,931,Sugarcane,74,97,12.230474014254005,5,94.29094842325038
22,31,5,3,8.97253787585366,163,Sugarcane,115,57,14.426208765553483,5,51.157679295164805
6,16,1,2,10.96039012865355,370,Maize,77,26,10.644169773403405,4,176.15917380469983
58,13,1,3,4.315012243502683,797,Sugarcane,138,65,13.264009659386861,0,74.02477627908874
39,39,5,3,9.262819055308288,967,Sugarcane,69,86,11.791353785953557,1,86.06180669451236
20,35,4,5,10.78380063102319,934,Cotton,119,94,14.303635057524666,6,104.33266239791838
45,23,1,2,5.393616269145598,612,Maize,86,27,12.24437301295873,2,136.4263511440366
40,26,2,2,9.294295467719385,106,Sugarcane,65,22,16.516330999216773,6,129.67752338095892
37,24,4,3,10.599637713733053,492,Rice,149,31,17.83744068549565,1,65.38522489125958
8,31,3,2,6.3035949570610965,100,Maize,127,62,17.130518325239905,5,65.21689924413212
37,17,3,2,7.241970623251136,360,Cotton,63,26,9.686042354218259,2,50.29949423908312
18,17,4,6,8.556141747993756,146,Wheat,73,67,12.57177678623766,0,44.13999219917286
25,36,5,2,8.153341511076498,967,Sugarcane,132,99,12.588177206578854,0,65.75818880936174
52,25,1,4,4.313515144297085,877,Rice,87,64,16.40466391747634,4,128.0470138728037
24,8,1,2,4.7893767846833075,101,Rice,131,44,11.5718932381963,4,48.21091906118749
12,34,4,5,4.8037326344348905,634,Wheat,58,23,13.496018693821494,6,37.13183477404308
11,7,2,6,6.0981432439934,458,Maize,170,23,14.092790032330994,0,23.714264405988416
7,19,5,5,5.966912902419594,576,Cotton,108,69,9.115207855972043,1,20.77033348164513
21,21,2,5,9.937779070294397,521,Sugarcane,100,77,13.579611305943047,5,116.2003402876495
37,18,4,4,8.581955088129156,914,Sugarcane,158,84,10.468414883546322,1,49.92635542351838
52,29,4,6,10.111808677161928,695,Sugarcane,100,86,10.066168803414625,4,85.06933221022676
16,27,2,3,4.559168459286961,303,Rice,68,47,10.503155801522714,1,68.50686172845153
55,34,3,2,7.881713899772805,326,Maize,111,94,8.993519986675608,1,109.59135456583986
26,10,4,4,6.590204634122156,863,Wheat,59,56,8.697302506219536,1,20.45925211958954
59,30,5,4,10.799514486045972,916,Maize,180,21,14.46866369400544,1,74.45656856100062
26,38,2,3,9.662313255279226,250,Cotton,194,92,17.4097886388748,2,193.7388359042051
50,35,3,4,10.95406776661437,346,Cotton,136,80,14.879996211440641,4,141.57654126069403
34,29,2,3,4.3714169792484805,917,Wheat,122,70,11.118556086127395,0,75.39763288448303
42,22,3,3,9.766587916532803,116,Rice,132,50,11.350465949663946,0,84.11539590283235
42,18,3,3,8.320066817276624,403,Wheat,142,62,13.41389203224132,2,63.93431448243445
49,11,5,4,10.600000232124525,988,Cotton,64,47,16.663018763116725,4,29.266431115401506
55,14,4,3,8.057284727406568,613,Rice,155,58,10.024645503485822,6,42.4604338736817
58,30,3,4,8.321672623215271,296,Maize,149,84,12.6851136179403,5,99.7159141847148
12,36,4,6,4.414139047536521,545,Cotton,125,35,12.989467224428436,2,39.03961377649528
31,36,5,3,9.348182920287734,440,Rice,127,86,17.312236222091098,4,74.62227669641453
31,14,4,4,6.1851190048404,880,Rice,192,98,13.361528781577578,2,33.21146815225734
38,28,1,4,4.157551377430564,160,Sugarcane,164,87,15.808586732681054,6,132.3395545204321
25,25,3,4,4.53149730004824,366,Maize,144,55,8.878011798992507,1,48.56172449065267
34,1,5,2,11.658284871728206,196,Rice,182,49,11.269236127593482,2,13.219513079632954
37,19,2,2,6.768618316638776,382,Wheat,93,42,14.114234532780712,2,74.83987326546267
32,14,5,3,10.94460502896927,346,Maize,52,82,14.776379319200085,3,36.23643733522058
51,3,3,6,11.677417872554047,134,Maize,96,88,16.85212150692102,6,26.443917417150246
37,21,5,3,11.546137510698582,885,Cotton,61,66,13.904237448225796,6,52.31409830046419
9,37,2,5,11.053801925595362,568,Maize,64,30,10.895792106181414,4,209.18918052773668
52,22,1,5,11.158751299690408,167,Maize,77,38,13.390952386967243,1,261.35428181667135
23,25,3,6,6.312064354727612,288,Sugarcane,136,81,15.115300092915096,2,57.53105048049733
8,10,3,6,5.211759122082866,140,Maize,124,91,15.84345205717792,1,19.35920934167856
39,27,5,6,9.11410049670339,707,Rice,143,62,17.44584270689341,5,53.3424597779788
53,1,4,2,7.904844734950591,782,Wheat,61,94,9.907526426650437,4,23.081125814375536
21,7,4,2,4.789973749561368,166,Sugarcane,103,28,14.60945160740756,6,13.742149471233875
48,28,2,5,9.420330528179287,407,Sugarcane,132,44,10.003087555269833,6,145.98702207357925
32,10,1,6,8.502880059878187,218,Sugarcane,81,97,11.178723289884681,0,101.24378212008745
34,36,1,4,10.904539206483513,952,Sugarcane,178,50,9.427644990314485,3,399.41630732978734
33,17,5,5,8.873470365507188,782,Cotton,193,32,15.729937439058874,3,28.936267726056315
50,13,5,6,8.59156943777403,285,Sugarcane,60,84,17.13999520477916,4,32.997060165072
57,9,4,4,7.526013786661023,169,Cotton,146,49,8.299288022511131,3,32.67593608012999
10,34,1,6,7.7022965591109624,856,Cotton,104,92,16.135080348312417,0,279.19958711728765
39,8,1,3,11.635049815832929,770,Maize,79,48,10.417553831137978,1,109.7814973917295
45,34,1,4,5.107568075201915,383,Wheat,117,37,12.869692094347693,6,188.34098201599943
41,10,2,3,7.569750548657497,718,Maize,105,22,15.482191796815087,2,48.771600539018365
28,11,2,2,9.246617871414742,647,Cotton,138,54,13.068543220343805,6,60.95951858393809
33,2,5,5,7.464085164723197,447,Maize,147,85,10.31249898903192,4,10.347316483934593
53,38,4,6,6.265725016326062,294,Rice,66,23,17.061657009200168,5,69.19952143400471
50,13,3,5,6.298858966102839,879,Sugarcane,62,60,13.93582642924228,5,37.072626746691284
57,27,4,6,5.869248370061726,583,Sugarcane,189,98,17.312555832051334,4,56.25615265774715
35,10,2,3,6.751225604664717,687,Cotton,173,49,16.46641337936225,3,43.88686319839449
39,38,2,4,10.973398204668536,379,Maize,81,30,16.765876425546026,2,215.81139289740005
37,24,5,4,8.041796402583962,932,Rice,136,52,11.617127349906397,6,45.4679402052936
56,20,3,6,5.9219098246225474,447,Rice,142,57,17.87315130569836,3,57.544460390618006
25,9,1,3,7.076213736212259,691,Rice,83,24,16.523944636928817,3,75.43260117801726
36,14,3,6,4.846643296628544,577,Cotton,132,78,11.376069915192076,1,33.91247737042735
27,18,3,6,11.232285917909904,197,Maize,61,70,16.964153574547506,1,70.7647854722575
37,21,3,6,7.265582656731456,381,Rice,53,84,15.552928303212916,6,69.1124049345748
7,20,5,4,11.843129636744607,729,Rice,138,87,15.251370257538344,3,45.17537686704755
22,31,2,6,6.780310186100154,518,Maize,131,77,8.062258304598865,0,121.50772794115693
29,22,1,4,10.69084837781697,322,Maize,177,67,8.225679176835214,4,253.1565188695977
46,12,3,2,6.051082506331626,351,Sugarcane,171,77,14.947925338696837,5,38.6430352457007
35,4,1,3,4.609223147020818,179,Wheat,82,56,10.786835448917788,0,31.576800258439025
58,3,3,2,4.253866893390406,925,Wheat,105,26,8.585183471671076,4,14.521612172557077
7,27,2,6,8.849347413158268,781,Rice,111,79,10.859510607711101,2,118.50867897479283
44,13,1,4,6.492589373388715,512,Maize,80,78,16.37909474435491,2,104.93860239191557
50,7,4,3,7.548159043806627,768,Sugarcane,73,29,12.706117971613363,0,22.570018142253165
28,8,2,5,10.549176284806363,492,Cotton,118,52,14.15579258672286,3,55.13265291176968
54,34,1,3,5.984864685558417,433,Wheat,147,70,16.005054142712034,5,228.4600375128384
36,36,3,3,6.469219813879306,988,Wheat,58,97,11.233744718844626,3,86.71095324946823
51,20,3,6,10.762689480469337,427,Maize,57,55,8.111459082208157,6,86.67369127704463
26,17,2,2,7.942098186748033,101,Cotton,156,57,11.233210858109555,6,83.37228717235999
27,32,2,2,10.6213213364199,302,Wheat,142,74,17.56678389880819,2,178.36783894479223
6,7,3,5,6.995808027730531,357,Sugarcane,118,49,12.822849857220396,3,20.445952690650756
31,16,1,6,7.186959846616868,862,Wheat,95,45,13.698076037779536,1,127.80441237700005
46,30,4,3,5.33710689422605,466,Maize,187,61,15.604293598010697,2,52.76491118592166
6,33,5,2,11.330766828759732,245,Maize,151,66,9.149333785799548,6,72.93279236319347
30,5,2,2,11.174269552100876,936,Cotton,123,38,15.339359668307356,4,32.883629065312356
21,21,3,4,11.873736116518188,477,Wheat,176,96,10.977544464474057,5,88.1178820835904
44,13,1,3,7.219577017357692,540,Cotton,188,99,11.88161495604128,4,112.96347296462544
37,2,2,6,10.548919534069137,554,Wheat,165,44,10.694898641433255,3,18.601062539082264
13,11,1,2,7.319629853376949,506,Rice,57,37,9.53545546126846,4,87.58908334244182
47,35,2,6,7.634390311367782,886,Wheat,117,28,11.614613738094626,4,152.7270455427959
58,11,3,3,10.639995148758597,118,Maize,195,36,8.946389487419935,0,58.48983221517577
52,1,1,3,5.418934167091198,979,Maize,177,23,16.447780598969544,0,19.764625992028538
43,1,3,2,5.7624874756940185,532,Rice,171,74,11.059463517515866,4,19.667082769674614
33,14,1,5,6.51782592316652,528,Wheat,52,73,14.536173183268515,2,108.94554975590025
46,22,2,6,10.30543226000046,351,Wheat,157,47,10.966955555864516,5,128.48998420332595
59,28,5,6,6.981212394944662,895,Maize,192,59,10.107040417537252,4,57.74183918167364
30,16,5,4,6.8653456662460925,942,Rice,177,28,15.136570983968323,5,18.262802804366675
39,31,4,3,11.990530762041935,661,Maize,169,55,14.240038205401301,1,100.07317560855138
54,6,4,3,7.070449144795836,922,Rice,104,27,10.181049312189494,2,23.86274115441485
29,29,3,2,5.982164290524696,748,Maize,119,81,14.120961483863823,5,69.5504326533909
28,27,1,2,8.985709425607546,837,Sugarcane,170,68,8.05001677739519,1,253.8008115395602
17,13,4,2,10.415039615640007,320,Wheat,149,89,9.769146066002122,5,35.706525797876644
11,29,2,4,4.556862669785274,212,Cotton,81,61,15.277539783978089,1,66.94287362276161
40,16,5,5,8.9511378491078,248,Sugarcane,55,21,12.101506665261754,6,32.293726168433146
49,31,1,2,4.285883647041798,659,Maize,193,50,10.036288869489274,6,152.66285635041456
24,5,5,2,8.210658807836143,157,Rice,65,95,13.059163770202552,3,18.798913010992948
5,23,1,2,6.0559325100624735,296,Cotton,63,38,12.652170010201338,0,139.42206375396358
12,5,4,4,6.453133581385486,836,Rice,111,84,14.33936292501929,3,11.204781908229828
50,26,4,6,7.736767711859061,748,Rice,195,93,8.725383199402629,5,63.736141925049445
20,17,3,5,11.416859685964695,806,Wheat,57,79,16.193496305255948,1,73.89373442992463
18,23,1,6,9.68533845270301,817,Maize,182,81,8.582767789291482,3,236.00723754583908
16,36,2,3,11.494764770275971,117,Wheat,137,79,12.538552745398071,3,212.94382451831234
55,23,4,3,9.27976803646942,879,Rice,90,35,15.104730236683352,2,61.31800881023291
27,37,3,2,4.056861976702877,314,Wheat,160,26,11.448110346649074,3,60.00074304078716
19,33,4,6,6.124681578781421,817,Sugarcane,108,96,17.101185300440598,2,57.9443473107008
32,39,5,4,11.246180621762992,735,Rice,58,87,15.552318563556685,6,96.30484384181906
38,14,4,5,9.147564167741958,115,Rice,91,93,12.260480648574394,3,41.13325123554843
6,10,1,6,11.853177892562199,776,Sugarcane,67,31,9.838263937728549,5,120.9263858593347
36,21,3,6,5.247712153746365,759,Rice,95,24,8.434389085704149,6,41.82383696498843
27,23,1,5,6.373982664852155,887,Cotton,172,66,16.016643274207073,3,157.5186782539667
26,0,2,6,6.8989412761362905,498,Cotton,77,30,9.94274245856226,1,3.9149067326336064
55,17,2,6,6.612462545338484,332,Maize,86,53,10.696741743788348,6,77.4260274100059
29,11,4,5,6.015932241199045,124,Maize,123,98,8.103783630505808,1,24.910236339528005
26,27,3,4,7.547725726054223,500,Wheat,69,70,8.182268849675415,4,79.29221140706639
26,39,3,5,9.13838498695497,879,Wheat,161,24,10.304184341680006,6,119.32408268166878
53,6,3,2,6.490055383093568,464,Sugarcane,173,67,16.728684862716406,4,33.759003128317936
56,22,3,2,4.6375993865140455,394,Sugarcane,197,50,15.808230484565094,2,50.26616587728474
46,20,4,2,9.668260215145306,536,Rice,99,59,15.698731150124427,6,62.01895136697449
10,33,1,2,7.672132446250149,170,Maize,182,26,16.270347743480663,1,251.70297550835235
19,10,4,3,8.451858448720506,811,Maize,122,59,9.86613568927977,4,26.619813823057743
58,21,1,4,7.643205257311321,658,Maize,92,88,17.790652893434416,5,191.2549897177825
47,34,5,3,11.122860027639282,124,Maize,175,33,10.321926323466219,3,83.53387792773064
41,28,5,6,8.46995997733104,824,Wheat,154,29,9.499298509392426,1,60.28767374054544
37,27,1,6,11.386214718813997,473,Cotton,85,68,10.946446936990188,5,317.9095331812397
12,17,4,5,8.084602732448001,644,Sugarcane,150,36,13.304533421568117,5,30.642608948272084
57,13,2,2,6.340705297922255,557,Sugarcane,52,70,9.244306204096183,6,62.57238867014725
48,17,4,5,6.843540697409573,313,Maize,85,99,15.386210233842016,3,42.47381918990604
48,27,2,6,8.177034348678283,310,Maize,161,81,11.715266890447765,3,135.3555412810552
9,23,4,2,8.23991550244007,640,Wheat,94,49,13.68416535617164,5,43.77341536717834
43,7,3,4,9.49870161239159,870,Wheat,149,74,15.3423602365008,2,38.6972799650382
8,7,3,6,5.795958977493046,138,Sugarcane,185,53,17.01893747595618,6,13.115158720199732
10,3,5,5,9.270743199724013,359,Maize,122,88,16.193469667232648,1,1.4717101306687779
49,26,5,5,10.228704067046017,776,Maize,199,52,13.374686744522368,3,62.648017164591465
36,35,1,6,9.41273591573592,194,Sugarcane,118,24,17.911728954846165,2,339.5908720565512
56,4,2,3,7.854624878540727,489,Wheat,98,61,13.29739188008214,0,35.80579709383703
34,32,3,4,11.933445208934671,319,Sugarcane,158,22,13.359721582608035,0,136.2123680519348
51,33,4,6,7.23850527303373,367,Wheat,168,82,9.584881950015427,3,73.02546347022395
39,29,1,6,4.852724916638634,593,Wheat,66,57,9.487205361148021,3,158.70579496037462
59,7,4,5,10.572033723258745,729,Wheat,173,32,9.687011263154936,0,31.533507457554297
44,38,3,2,5.697609751043346,165,Maize,53,27,13.918213609592566,4,79.52238450868809
56,25,3,2,9.706284583219537,486,Sugarcane,133,80,12.15171913485425,2,97.60699896592871
20,36,3,2,5.431810261721007,292,Wheat,194,49,11.858845016644288,3,70.15098110590526
17,33,3,5,4.135019126863515,419,Cotton,184,69,9.27558292530306,6,52.82692531714315
54,6,4,2,5.278388830312205,646,Wheat,152,88,11.810902117787787,0,24.555481672789504
46,39,1,6,7.015909572606575,274,Wheat,166,57,11.779898724567522,0,290.4117038974263
34,27,3,3,4.852945977038386,211,Wheat,111,78,14.208143764899095,0,53.34171429652086
23,38,5,3,5.581432673885456,407,Rice,107,21,11.884096991648073,0,41.60251264875997
21,38,1,3,10.117010221475145,901,Cotton,107,76,12.187620141519076,6,397.0239008754755
23,27,5,2,10.159068863817046,439,Maize,155,26,10.725429592579276,0,60.15982225213911
32,13,4,3,10.539905817527814,179,Sugarcane,121,99,9.315039119308274,0,42.8555839723142
59,37,3,2,10.72924189238074,577,Sugarcane,186,29,11.000108855544118,3,150.76918479008293
30,3,1,6,7.363487156910043,210,Sugarcane,55,48,8.427653403388879,5,36.08139311871068
41,17,3,6,10.940397285548228,586,Maize,68,53,10.03709968684932,5,73.18602321969257
30,24,3,5,8.207495000112345,552,Wheat,135,91,11.249524529811994,2,83.40413579767883
57,6,1,5,7.764776935488065,512,Cotton,160,64,9.45646291925983,0,67.74863659433163
27,37,3,4,9.748290631966206,703,Sugarcane,197,90,14.649696553528436,0,132.08575708458687
13,27,3,6,5.710547290879258,285,Rice,113,77,10.807650282290359,5,55.86131305894002
16,4,2,2,10.315979014619776,652,Rice,184,97,14.155275737308912,0,33.11705574569471
57,2,2,4,7.435726612529626,186,Cotton,167,52,14.438856123439717,0,25.72350768539376
5,30,1,6,5.0183633120300835,323,Sugarcane,73,70,12.4728827842314,0,154.33244625598132
5,19,1,2,4.954495308135741,150,Wheat,172,83,12.491064433167544,1,103.12210692731246
51,18,3,6,5.319253950773601,225,Sugarcane,57,57,13.814632624956017,1,51.67255889078594
38,10,5,6,11.124581873950259,245,Wheat,116,99,10.62456352171836,0,31.723164401009054
36,39,1,2,11.92750257807238,140,Sugarcane,60,31,8.21244967191731,0,479.6753952326683
58,2,3,6,6.855790393610268,454,Rice,149,82,14.450245979351994,4,22.35641407151998
52,22,5,6,6.337150817642381,544,Maize,115,84,14.08525383815407,4,43.06388474270004
29,6,2,6,5.7501677807546985,462,Cotton,178,79,12.763810644716703,2,31.469019654996337
44,22,1,5,10.590531817337965,635,Wheat,56,39,16.757656105084642,1,251.81543532485384
49,6,3,3,5.673659859351009,914,Maize,73,85,13.086248327392646,3,26.112396309994033
57,33,2,6,11.392721039442158,383,Wheat,189,37,11.034946637057782,2,204.14384957771335
5,18,4,2,9.338803031770261,135,Cotton,112,61,15.135324537630495,6,39.973648429387296
20,8,2,6,11.177022333353557,376,Maize,121,93,17.624035203964507,6,58.15123470479128
43,17,3,5,8.43207883515317,795,Maize,190,25,15.36878887817708,2,59.112518471054656
9,24,5,5,9.525438897459974,424,Cotton,137,85,17.088478840691756,0,47.49839379038995
26,13,4,6,8.955664805261662,765,Cotton,165,99,9.127142782866747,0,38.579032114117766
33,24,4,4,10.649563650590375,281,Wheat,73,88,9.209863320770893,3,77.25208986938823
59,18,4,3,10.686886489487048,570,Maize,87,41,9.546057062744099,4,58.129478001698274
7,38,1,2,8.718343998761,911,Cotton,59,41,15.028544368219581,0,335.9145759541972
16,14,3,2,9.060061194638179,516,Wheat,137,84,11.897070629575335,1,52.55853337157243
30,15,4,2,11.37500736398264,765,Sugarcane,76,68,12.777111290826047,3,46.37347964926521
20,26,2,2,11.438931871719756,988,Cotton,79,96,10.619201152175798,5,159.0681122146656
55,39,5,5,9.313998271161452,249,Maize,177,31,15.36105806777001,3,80.89861293623312
41,9,3,3,4.062034225385308,503,Sugarcane,166,82,16.453479825677412,0,25.484095814671804
26,3,2,6,4.835289718031528,613,Cotton,51,32,9.602141351955241,3,19.582379361885465
33,18,1,6,10.863540254195328,908,Rice,57,81,9.927341264618518,4,205.20673981075592
18,27,4,4,4.677712930966412,665,Maize,194,78,11.394007664586656,0,35.41823417919464
32,20,2,6,5.708153446840531,540,Maize,97,30,10.801665949052925,4,67.30847346546503
9,13,3,3,5.8443734417732145,345,Wheat,113,20,13.315365919340474,4,26.44673798310053
51,32,2,6,8.801878158239239,145,Rice,190,87,15.525792113728738,5,164.01322784888615
53,9,1,5,8.613062383070114,174,Cotton,198,28,15.932736944557735,1,89.92739557830036
34,18,5,6,6.315340187363202,248,Rice,156,22,10.08449687749218,0,28.727485315655287
50,29,4,2,5.660890924547543,505,Cotton,179,91,9.755818541420146,1,60.46080520534263
56,21,3,2,10.116256238859807,102,Wheat,176,28,11.636942754500689,1,82.08064242038142
9,2,4,2,11.48364924484781,108,Sugarcane,133,88,9.477239628053415,3,6.509909553190672
16,36,4,2,4.42244543933151,613,Rice,65,41,8.917970657024629,2,37.08474107723994
20,17,4,5,5.065443701638903,337,Maize,190,88,10.425815550887108,0,21.627991920090658
30,10,2,5,9.13731190964566,639,Cotton,181,42,11.939437768932923,4,60.85845886996135
30,1,2,5,10.435531613371406,389,Rice,51,99,13.878416657821813,5,20.288841964215205
52,11,5,6,10.329509350211197,280,Cotton,163,24,15.232787995118205,3,25.357997401595476
25,5,1,2,9.757465224661514,414,Rice,114,58,10.228115064219686,1,53.28508346222855
43,39,3,4,11.099423635984735,365,Maize,75,22,16.186638030341403,5,150.39940885655994
40,28,2,4,5.738791036566503,182,Cotton,79,45,8.336707615567335,1,91.45351341826506
37,29,4,2,4.858327571935577,960,Cotton,167,27,12.440459967372382,0,43.142263072076965
34,1,1,3,8.922903760730946,864,Sugarcane,87,71,14.330765459162652,3,27.30229660509061
41,8,3,6,10.578207132187458,357,Wheat,197,88,10.91264027598535,5,44.132700397697405
27,1,3,4,8.656348627844586,659,Rice,74,25,14.836919469416829,5,7.665236335865427
14,28,3,5,11.70397989967125,745,Maize,174,46,16.670534753046837,4,112.87526476249337
58,32,3,3,10.364515691134315,911,Sugarcane,101,41,8.893663204919969,1,129.75883859214707
9,9,5,5,9.606334407274087,298,Sugarcane,132,75,13.125604220620792,3,17.70935012143288
40,33,3,3,4.482058326973869,391,Wheat,140,62,8.187705031296051,6,62.950808993952116
38,7,1,3,4.861937909853457,747,Maize,187,46,10.795742861949746,4,44.5633585672618
56,36,2,6,10.278701060729555,182,Rice,110,64,9.369402781363442,3,204.77971387892504
35,32,1,5,5.585903404616235,365,Cotton,160,65,14.24275004827313,1,192.21527923405628
14,5,4,5,4.230681408631924,516,Wheat,51,52,10.486836670637935,1,7.814230728810952
23,39,5,4,11.286085485975718,969,Cotton,130,47,10.823981697526436,4,88.54654353583936
36,18,5,2,11.126442989609874,830,Sugarcane,184,70,10.056302920171204,3,48.95359219818097
5,31,4,2,5.747870617851935,960,Cotton,109,83,10.438025049535806,1,43.974907497417995
9,26,1,4,10.241650064583638,118,Rice,129,54,10.25110215380661,6,269.3274660065889
49,0,1,3,4.383837289693241,629,Rice,162,55,14.978713209118528,3,15.708566379742578
8,32,4,4,6.280464030586105,470,Cotton,76,25,17.558103998258435,6,44.818103402920215
20,39,3,4,8.989335266052999,790,Cotton,50,77,12.902314249068212,0,125.44937125955518
28,31,3,5,10.105431969267084,122,Wheat,135,42,14.003877957126077,6,113.29946927543722
20,4,2,4,4.083193510305517,484,Rice,129,33,16.18106143387792,4,13.866579522351097
59,16,1,3,6.6096689061899525,926,Cotton,109,92,12.76106147846961,2,130.99667899437762
6,7,1,2,5.714764480509392,855,Maize,102,75,11.020243677318213,4,47.64561321863751
53,33,4,6,11.990243245989788,718,Wheat,85,98,17.509748214929562,1,119.86696318197765
32,8,4,4,9.36785785908188,742,Wheat,84,44,17.061565523978423,3,21.556122339027155
36,22,3,4,7.245371623037951,621,Wheat,82,39,10.203597628273748,5,62.550398380201734
31,34,1,5,4.60522081584548,478,Wheat,194,90,15.030764472428945,4,173.37831452640975
24,6,1,5,8.78936206005571,810,Cotton,118,37,14.47139536527076,2,64.27615989756652
28,14,5,4,9.133611767488514,916,Sugarcane,156,36,14.496328496513673,0,25.18706507152914
16,19,2,4,10.531247420025082,923,Maize,147,33,16.3060301894338,1,108.89506582286593
54,24,2,3,6.308614823354908,189,Sugarcane,145,45,14.741056211704159,3,92.0789866795682
39,2,3,2,11.851424643840772,243,Sugarcane,138,51,13.180038430270294,0,15.04810310107921
37,23,1,2,7.515725914511596,906,Cotton,108,78,16.460659327135872,1,188.21006627638738
37,33,5,6,6.367550037275949,720,Wheat,110,90,10.648409980340023,4,54.24535833738252
55,21,1,2,6.787594672011663,963,Wheat,199,76,14.792255218807519,4,164.04561467935397
47,10,4,6,8.156688423736991,303,Cotton,76,92,15.01520278691443,2,33.54846987909179
41,7,3,5,11.493612516057018,655,Cotton,161,31,16.70320210643537,5,40.33269308481019
16,38,2,6,9.881270383355204,619,Rice,139,22,17.983076368662594,0,192.42418005914047
7,34,1,6,8.61687719571026,491,Wheat,64,51,13.575512931970142,4,297.4759886839927
5,37,3,2,5.302483103838894,400,Maize,158,34,12.844139288694876,2,65.01973663207922
37,7,2,4,5.194826487126973,604,Rice,90,28,14.00683230882193,3,30.780760208907775
44,36,1,5,8.017575310508512,964,Sugarcane,61,68,14.586776146438371,3,310.1707549349841
14,26,5,3,9.829669636813193,252,Wheat,145,63,15.129842247204913,0,49.89070355222961
47,27,3,6,10.00809738204088,628,Cotton,53,47,10.812205617724908,3,105.12485975234522
48,39,1,6,5.807315071010067,438,Cotton,168,64,12.870323891442094,4,250.98689815470829
33,33,2,6,4.800796102778026,848,Cotton,54,32,11.709205795912942,3,86.46120902441724
17,31,2,4,7.075687914030316,611,Wheat,179,66,8.387732827593814,4,118.58176583384986
16,14,5,3,11.345380345952595,434,Maize,95,40,14.09523436431167,2,31.98834633796962
35,16,3,2,8.362938021355058,608,Cotton,124,69,16.7481452257297,6,55.539335719657686
50,32,3,5,6.560798134654195,155,Wheat,175,66,17.214727020489825,6,82.93991535459435
6,15,1,4,6.589101346712973,655,Sugarcane,186,24,13.174236528175255,4,98.38832119061446
55,28,2,3,5.05669636177748,920,Rice,185,26,15.658845768531855,4,85.2744712742706
54,8,2,5,7.785789888849264,852,Wheat,107,57,15.124127404121214,0,46.58750894239425
39,32,5,2,10.330901428118707,650,Wheat,152,56,10.288979765730218,6,69.19908001368673
27,28,5,5,11.748469532218731,229,Cotton,112,51,8.629105436104803,3,65.27724098247204
21,12,3,6,8.012759999663803,197,Rice,192,75,15.478564049424932,4,38.28383405126727
30,20,2,6,5.3377193267415075,892,Rice,122,62,10.82694390638713,0,64.03661717828689
12,20,1,4,9.463603198422916,521,Cotton,143,86,13.4938245035409,0,197.71445003377445
33,4,4,5,10.054330741962364,179,Maize,199,46,13.240643763591361,0,13.849980039983151
30,9,1,6,4.573597995384818,387,Wheat,71,70,16.178739055763554,1,58.13627393785057
14,5,5,4,10.80111303704983,946,Cotton,143,67,14.446456608877698,6,8.411210038257336
30,12,1,4,10.634579119966858,845,Maize,166,91,16.47147313331283,0,143.77787850906768
38,0,2,4,7.780328432312944,945,Cotton,123,72,15.52235981577742,0,18.17306868027832
55,19,3,2,8.483380148926948,268,Sugarcane,113,67,17.998313187333345,6,71.33705938193259
45,7,4,6,9.707264509687352,178,Maize,199,29,16.63874968843984,4,32.13956856405339
11,9,3,6,9.413985000502874,170,Maize,190,28,10.110766006160164,0,29.824517290903902
8,8,4,3,4.1322878255456725,362,Rice,96,65,17.613889191433145,0,8.440722434783492
57,2,4,2,4.979482430787886,811,Wheat,140,29,11.401343086309094,1,13.064343183162421
54,10,2,6,5.300724446249966,822,Cotton,70,55,14.078400236668664,1,46.295920880056805
49,11,2,6,10.04540711257679,629,Cotton,80,29,17.41350723219867,6,70.66827637265904
15,9,5,3,7.52066850313904,884,Wheat,170,46,10.141652846181264,6,14.155546803518476
33,24,5,5,8.3640210110946,309,Wheat,87,98,16.57298962083147,0,47.833092980811585
40,24,4,5,10.181499495163873,216,Rice,88,38,17.531526051089116,0,68.01130693062179
29,10,5,2,6.727858152512726,715,Wheat,149,30,16.537501477800532,4,10.96693808933799
25,35,2,4,9.991121818550184,176,Sugarcane,60,51,16.191713289324092,4,183.15145055736056
40,38,5,3,7.538394197036477,414,Rice,118,39,10.646143662623349,1,64.2524392362739
14,25,4,3,7.017441502193653,110,Maize,83,65,12.070996598985891,4,44.544770039303216
41,13,3,6,6.664298112437921,992,Wheat,54,79,15.603340337260827,6,41.93420513028253
13,38,1,6,11.719558523939064,150,Maize,69,98,9.181654199718592,6,456.1266510426027
28,39,5,3,10.17578728567183,106,Rice,112,87,16.883725313109966,3,87.48438572973674
39,0,2,4,4.161567526188235,648,Sugarcane,94,36,10.102569671838072,5,7.794109780702524
53,3,3,5,11.659323892145615,360,Sugarcane,62,84,13.648066805537418,2,28.24259633858563
39,29,2,2,10.203517037813388,673,Wheat,186,76,9.050595062550242,6,159.37212864632582
52,11,5,5,5.1933977156340445,611,Sugarcane,182,38,9.85189946649961,6,19.939581881558546
40,34,4,2,4.610705003290537,299,Cotton,143,24,13.855000615955989,1,46.5462839888695
22,12,1,4,6.465552749275627,429,Rice,141,74,14.346421614802832,1,91.12445468270315
53,30,1,3,8.993452234768494,189,Sugarcane,150,23,10.697515189308998,4,287.8254770460289
43,37,3,4,8.932373513195738,690,Rice,170,71,9.190973149320925,2,122.7531984788731
36,22,1,3,6.206801001193764,154,Rice,173,38,13.49555928670929,2,152.20791741468764
28,3,4,6,7.565399829259342,320,Cotton,117,50,16.40637839458306,6,16.630894105168082
27,15,2,2,5.695121245709884,191,Wheat,74,22,10.01445591566879,0,48.271503216999214
36,6,4,6,4.4046294813339,685,Rice,63,86,14.915653096511528,1,18.281235735708375
41,21,3,3,8.13576373941503,155,Cotton,111,48,11.858810698667646,0,67.27556598104742
16,28,3,2,6.775929074016305,843,Sugarcane,194,72,17.430880632296454,4,68.15136432345737
53,10,1,2,8.34305945838344,278,Maize,166,27,8.82573148363251,2,98.0754782078111
59,32,4,6,11.572058579763613,160,Wheat,196,24,8.399683543884496,0,106.17954505843979
17,28,2,2,5.146962493562569,971,Maize,149,83,9.243082619112974,2,84.89679939232909
27,38,4,3,4.015696146487643,216,Cotton,115,46,15.824448401466483,5,38.92072434919298
29,11,2,3,4.6150257062570015,689,Rice,94,52,17.227697328273376,0,37.03556594713757
39,6,2,6,7.701666368813032,335,Cotton,120,77,16.224766452295007,6,35.995223259089414
45,38,4,4,9.655456238418587,132,Wheat,77,81,15.178320109318843,0,106.4708371684584
34,25,5,3,8.646108826537512,666,Wheat,108,45,8.575846580743013,2,48.95457881612268
21,39,4,3,7.959156858989976,342,Sugarcane,57,33,10.138115905748073,4,80.65371435182969
53,8,2,2,6.831705048739299,885,Cotton,59,51,17.353790625954097,6,45.201953163488895
24,33,3,2,6.479793372252008,173,Wheat,70,60,14.227930603638328,6,77.5619257138874
52,12,3,3,7.010289400839841,120,Cotton,84,33,12.683242074591695,6,40.43267566871495
29,35,1,6,8.89307963207257,964,Sugarcane,53,67,14.523121069451118,6,328.73434609533274
26,24,3,4,5.34203164692429,812,Sugarcane,134,67,9.785937600351499,5,51.57196574716422
17,23,5,2,10.170896664437006,253,Cotton,74,57,16.928689621553996,3,49.41300944983557
23,16,2,2,8.602025920744882,353,Wheat,69,26,14.563036282170529,3,73.47368580426358
53,1,4,4,6.153251020891421,306,Rice,145,52,12.712444747291428,1,14.539446146263462
40,12,4,2,8.00922370249027,248,Rice,145,43,12.573755902317863,5,35.46167382882355
16,30,5,6,11.70222950148133,794,Sugarcane,176,45,16.223775367373538,3,66.72940695699509
45,28,3,2,4.163932233161552,401,Wheat,71,69,11.078685397377765,5,53.30660316280285
23,27,2,2,5.596181127209833,396,Sugarcane,98,61,9.371318012408956,2,84.04627916733568
16,26,3,3,7.587041919226224,590,Sugarcane,138,32,9.856695443621636,1,71.36768574231354
13,14,1,6,9.107517774238625,872,Sugarcane,55,50,8.811359929206118,3,139.3760513614338
11,30,3,6,5.6978261302838815,143,Sugarcane,195,42,13.078629269924752,5,60.64837687928893
32,39,1,3,11.45123158700957,243,Cotton,61,56,14.772581929956171,3,464.09882620812783
18,14,4,5,9.140576099397137,343,Cotton,77,78,17.339852012340074,0,34.19237676645764
35,32,2,4,11.019455591651443,518,Wheat,68,77,15.508149740101938,6,182.37177708845292
56,19,1,6,6.634543442002548,616,Wheat,92,35,13.831107146439118,0,145.62038323206139
23,11,3,5,10.631631474453037,161,Maize,148,58,16.639539354680345,3,48.06688696937678
51,36,3,4,7.02575373519557,957,Rice,192,91,16.922130602010313,5,101.62026500327967
20,8,4,6,6.02201417968964,637,Cotton,85,28,15.123856414990996,5,11.10262238351898
57,22,5,2,11.293242713310345,416,Wheat,146,83,8.562845942202683,5,66.09401749108592
9,7,5,6,4.737747805430836,534,Sugarcane,134,41,10.917623138748262,1,7.610254478102742
39,31,3,4,11.543110368451234,936,Cotton,91,94,11.361859583687222,6,135.3488520490171
16,13,5,5,7.668121646940844,795,Rice,140,73,17.973814137308764,2,24.860943723127413
29,26,2,2,11.941003787886894,917,Cotton,175,41,12.641625762680818,5,166.67824830864677
56,24,5,4,8.316757229880231,480,Rice,94,33,15.618852459781746,3,51.63379465181172
25,12,2,4,10.059905376658424,135,Maize,79,85,16.137972739239338,2,75.92782513215927
40,20,3,6,4.056568130704032,641,Wheat,88,98,14.532601189774285,5,41.012567839805655
57,30,3,3,7.973334559681321,680,Rice,79,69,8.182764641413103,1,95.96832749991216
27,36,3,3,9.899627772944921,331,Maize,158,24,8.19349483884287,4,121.60382180823824
20,4,4,2,10.262616159667592,787,Cotton,137,36,16.187779165950886,1,12.673436086688236
43,12,5,4,5.264388660812784,889,Wheat,135,20,15.392399734313681,4,21.491339244907223
49,27,1,5,7.351767603062229,132,Rice,86,33,13.361165286604228,0,216.56759341734187
57,24,1,2,7.35257566495471,680,Rice,139,74,10.488657164748542,2,191.3622346588299
46,34,3,2,4.829126467992447,451,Wheat,199,36,8.867136995602173,0,75.20718714770582
43,38,5,6,7.544364061531733,354,Cotton,146,28,9.64268366648087,6,64.49454455004873
18,6,2,5,10.456743669568043,149,Cotton,73,31,13.803237744050353,2,39.699466445369765
35,37,1,4,6.401445900951896,122,Sugarcane,118,85,13.458266359108075,1,255.35756090083504
9,31,3,4,7.460596175151065,353,Cotton,137,34,17.41266928128158,3,73.3296788756645
39,2,1,4,11.687669480497142,493,Wheat,148,53,17.572767180753456,3,40.190556099344285
27,38,1,2,4.253664607132498,775,Maize,171,56,13.760068464239332,4,169.98621410572872
33,36,1,6,8.732174143162846,981,Wheat,135,72,16.41432600205526,3,330.70056504121385
47,21,3,2,9.947488734221032,372,Rice,66,60,16.12249516111082,2,85.40875141017463
15,7,3,3,10.087059472249427,792,Sugarcane,61,97,15.523765669345345,6,34.94432921262724
22,16,4,3,9.727504199072355,958,Sugarcane,79,23,12.373380154325556,3,38.84766983023741
51,26,4,4,9.811611547747491,349,Maize,190,27,11.894063133128663,0,66.7631489909435
16,32,4,6,4.472101325384399,336,Rice,55,90,10.64133973958233,5,41.10152944187699
13,16,1,4,8.273092953090663,331,Cotton,174,36,17.370950085740013,3,140.04915534890128
14,11,5,4,10.26375257325805,527,Cotton,60,41,16.344253499153048,0,21.230263399699957
48,26,3,2,4.752520392298637,733,Cotton,177,27,9.771157754266419,4,52.38398835840429
21,7,4,4,4.096399379094943,341,Wheat,173,41,10.524630909441802,4,8.644833281680222
42,22,5,4,10.516494652797265,233,Cotton,109,59,13.813276010750645,1,57.337703736885885
11,28,4,6,9.698355100531913,170,Rice,59,41,12.135997735444072,1,71.98511874596025
50,19,4,6,7.297651335315541,957,Sugarcane,65,24,10.13897645810037,1,43.79437049501328
17,15,5,6,11.523171460593375,564,Wheat,133,28,15.91156551726846,0,35.06527704656041
44,16,4,4,10.13278475721177,520,Cotton,196,79,8.015531287244645,1,56.7181186535539
46,15,1,6,11.74288753285262,409,Rice,149,39,11.432765334712638,4,189.68287184381032
13,18,1,6,11.43452207637974,378,Maize,64,53,17.29349912566017,3,210.61026197718084
54,7,1,5,7.850348823834457,318,Rice,134,55,15.607679981465143,0,78.15003211061409
31,37,2,5,10.037671829148529,796,Sugarcane,88,90,12.012849780286079,1,197.9827643010548
6,37,4,3,9.353531110461113,406,Rice,54,57,17.287284185823506,1,85.42976109457354
9,28,2,2,10.491561680739931,413,Rice,135,86,17.00803205731812,4,155.5444617090903
33,35,3,2,10.301507218007936,502,Wheat,80,51,8.525837239133487,3,126.6115711855664
41,25,5,6,5.225855760265814,828,Sugarcane,87,65,9.279410972872524,2,34.64095348406983
42,30,3,3,5.869884254468371,587,Cotton,192,44,11.872302979047713,3,70.9265969957923
23,11,2,3,6.125852617420539,892,Sugarcane,68,83,17.293976515571536,1,39.44515351692547
12,16,1,5,10.547988473736083,504,Maize,64,52,16.442051697664837,1,176.02536578612947
52,14,4,3,10.485933631433511,478,Sugarcane,163,66,8.47761714200924,3,46.9461773322021
49,8,4,4,7.962682775515537,380,Wheat,137,88,13.123309377442602,3,30.179639943857847
5,38,1,6,8.64665807401537,736,Cotton,197,48,15.202532954131515,4,332.53711206272067
26,11,4,4,10.615377223747199,790,Sugarcane,58,78,10.75922686143727,2,30.61063717840708
56,31,5,2,6.500748805421946,426,Cotton,54,50,15.22524499788136,6,51.09736037942692
21,24,5,5,4.401430215330906,134,Wheat,188,45,11.69725488388557,0,17.68685966389457
11,38,5,4,7.860771506233338,169,Rice,167,82,10.74056500680716,0,56.98531612730897
29,17,3,6,11.309737150789374,459,Maize,152,77,11.925648270307402,6,74.47428062327579
49,14,1,4,10.323746087680583,789,Sugarcane,140,68,17.508010002842703,2,167.15789960124343
8,31,5,4,6.932938424867886,507,Cotton,51,84,17.05294375932114,4,46.15109301848911
40,5,2,3,4.518170883862694,660,Sugarcane,197,78,17.13951286515134,3,25.09547083966346
10,34,5,5,9.095356043060079,679,Wheat,70,81,17.173791084574617,1,59.53986150500017
35,33,3,2,10.67592636696416,618,Rice,100,87,9.78274091127234,6,130.09164261430237
23,37,2,6,9.319588531637109,705,Wheat,50,66,16.9606139905559,6,184.2626697443277
48,4,1,6,7.4005973181041576,483,Cotton,58,41,10.12276435763667,2,47.51729201822702
58,17,1,2,4.986828905432571,180,Sugarcane,162,99,16.381356177314693,6,107.0823517623499
43,15,5,6,11.286193953098838,537,Cotton,70,83,13.418988859865166,4,43.781370574458585
31,7,2,3,6.207666606027064,349,Wheat,129,65,10.399622775469346,5,31.25216129715075
14,24,2,4,5.794296291943675,137,Sugarcane,189,78,11.985204129926908,2,69.29602926700649
30,31,5,3,10.527813324877233,961,Cotton,86,51,12.333781834356808,1,72.66329611986453
23,25,5,3,11.849759509790857,144,Sugarcane,140,56,15.331712512848984,0,63.43378178848946
43,21,4,3,9.281282069958083,458,Maize,120,86,14.06021471547795,3,66.7737755436784
7,30,4,2,8.998483912196406,236,Wheat,159,71,16.16782158815681,4,72.81476915567481
49,9,5,5,6.5554469537685005,922,Wheat,153,62,11.968049873974486,0,23.235162994903238
17,11,3,2,4.163307605481035,919,Maize,158,53,15.435905356855468,1,22.748543663235008
54,27,4,2,5.534382926581677,560,Rice,53,80,15.92804500850439,2,52.80840495810685
32,5,5,3,8.675443492452576,466,Cotton,189,90,8.631442833322257,4,18.261196815891697
24,19,2,5,5.210531694528364,404,Rice,116,86,11.756381660883214,6,59.725390569630164
32,4,4,2,11.070686455450616,328,Sugarcane,53,64,16.859894925012046,5,19.125119274727147
12,22,3,5,5.5051575028230815,282,Cotton,64,60,15.049759184234528,4,45.7620470441733
45,8,1,3,8.176835624095212,566,Cotton,86,71,12.184463474201781,0,85.97478752455362
43,28,2,2,8.09610596615036,937,Cotton,186,85,9.829742525218688,6,123.85787425075799
5,15,3,5,8.831565041037205,303,Maize,63,31,8.966108369387179,0,45.338931652132345
7,21,3,6,6.619472557744312,722,Wheat,172,34,10.293508089831388,1,42.23608883742358
17,7,3,2,10.988273608522523,998,Maize,160,35,10.44692442189366,5,26.674770970607067
32,19,2,2,7.554412287800557,167,Maize,175,22,11.706619458512288,0,74.30651386120869
53,13,3,2,9.601228629892592,968,Maize,131,46,9.769216425632914,4,54.17085559130153
29,38,1,5,9.087286887733626,649,Rice,99,42,9.460475340506331,6,360.39867500657
37,36,4,4,4.937248664957626,809,Maize,127,83,16.44006756227435,5,56.96900415276695
42,33,2,2,8.981114821620892,404,Wheat,74,52,10.495382421691763,3,162.40625011869582
57,10,3,6,8.405621423848768,703,Cotton,88,67,13.616053692068299,6,51.631678123542514
10,39,5,6,11.188832506047248,875,Rice,75,74,9.992995480346405,1,85.5544019067078
48,32,4,3,11.047013091879226,854,Maize,109,46,12.917535061400674,1,100.09591566935123
49,30,2,4,5.207638299293171,727,Maize,101,66,10.767120135506966,3,98.99272158553363
36,33,5,4,4.653481164692861,194,Cotton,119,50,8.86799678119562,1,39.260281021110984
49,6,5,5,6.35673775368695,824,Cotton,97,98,17.821758295739265,5,24.09092269202719
51,22,3,3,11.892902853474471,345,Rice,103,54,12.578061165360584,1,105.30208833341383
25,6,2,5,4.172590211250534,784,Wheat,164,55,11.930473982884289,0,24.224907488588617
20,24,3,3,9.383137916583014,896,Rice,165,43,9.991221304301776,1,81.31001294427602
58,2,1,4,8.868109870727817,178,Cotton,178,36,12.953658803915673,4,33.12047140848706
25,37,5,5,9.172626243662535,532,Wheat,163,64,14.352189854646603,0,71.9916183650881
15,19,1,3,5.746287118165932,379,Maize,70,81,11.046500781187486,2,123.0039209156897
41,33,3,4,5.813738766398799,760,Maize,159,20,12.804184004116586,4,70.2032133709425
40,29,4,4,7.445136657390597,468,Sugarcane,121,39,10.370810450137135,2,59.82525399184337
39,16,5,2,4.766862456535651,378,Cotton,67,89,13.277130817235696,5,26.054541857184187
23,9,4,5,4.596905672151522,450,Sugarcane,64,88,15.872144801536948,0,21.269034338359887
24,34,2,2,4.706875627888778,325,Rice,91,83,8.602134461705985,4,89.07202609982758
22,19,5,4,8.583833370450062,505,Rice,69,89,13.178389675652312,6,35.96352158466864
51,17,1,5,7.18193485518315,545,Wheat,65,69,11.993630823117295,6,136.74483305704678
45,26,4,5,6.348934245258189,422,Cotton,184,72,8.740413415283104,6,51.582322547245504
53,35,2,6,6.526555037210445,729,Wheat,144,57,17.405090649104018,0,134.1759357632024
18,22,5,3,5.65826644679259,172,Wheat,142,71,10.598429844307546,5,24.991860355819604
19,31,2,6,7.292042682575479,617,Rice,130,80,13.646115349848225,6,119.57131768267277
35,9,1,6,5.624464553599739,420,Rice,182,93,11.726202510786925,2,67.34776989767457
5,10,5,4,9.584368338394661,121,Cotton,195,44,10.711327070255667,3,13.93529580067986
57,37,2,3,4.991460101231489,278,Rice,127,48,13.271806506222187,5,112.65577819041565
58,5,3,6,11.58593667664677,807,Cotton,144,54,14.890285964634723,5,32.426125960684175
58,33,5,6,4.718551521018258,208,Sugarcane,195,66,15.85535200864181,5,40.38610953230949
7,35,5,5,11.547685714239009,471,Maize,113,76,14.339244750441214,1,83.89613080903844
20,36,5,4,10.666359772163254,796,Sugarcane,75,51,13.26295989828472,5,79.37373667778323
27,16,5,6,9.445696964907043,555,Rice,193,65,15.772616495150755,6,31.216364233657607
15,39,3,3,11.298413244523868,666,Maize,126,55,13.174558997864372,3,154.31636533792266
16,39,1,2,5.113750348139015,328,Maize,107,90,17.742268368983705,6,205.28603705060294
14,11,3,2,5.410518193495323,630,Wheat,145,29,13.267407042619688,5,23.699375565082622
36,20,3,4,6.017220736470526,463,Maize,96,65,11.172471445578816,3,54.78554339985181
20,39,2,2,5.958492214127127,996,Cotton,120,45,12.46361990200641,0,127.24702116772471
12,18,4,5,6.486786167417281,524,Rice,172,67,12.899900782891216,0,27.909442718545822
42,2,4,5,8.605047186184747,315,Rice,95,67,10.834860877042754,1,15.506197003358304
16,17,2,3,4.225380890440837,147,Wheat,57,32,9.587428252692272,6,35.47051174518871
28,18,3,4,7.058180760319806,564,Wheat,51,49,12.313834141955857,3,53.905955698644235
32,5,2,4,5.971081023140772,771,Rice,195,89,16.970328196377668,6,31.435524174598555
57,15,5,2,8.853038784421777,372,Wheat,85,85,10.555311724645275,5,42.41428348958522
12,7,2,6,11.881354648412284,707,Maize,137,26,11.618186649072822,4,41.44471300461488
32,17,2,6,8.141236897466982,129,Maize,168,75,15.57723015204918,0,81.64668622160275
40,38,5,6,7.4054819129474705,732,Cotton,91,49,8.822732921404882,5,63.27533353242641
30,11,4,3,6.945948361160929,978,Wheat,151,74,16.250705509981525,3,31.109309925568976
12,9,5,4,10.279593751038862,965,Rice,188,52,15.2027881841616,2,19.45031258779103
54,6,1,2,4.5758474532058155,289,Sugarcane,108,61,13.497641407563197,5,46.753128640160426
32,0,2,3,11.678164115680971,251,Rice,98,25,10.094787943226969,6,5.7385740421276985
32,35,2,5,7.343343087904365,475,Sugarcane,153,27,8.926785611667988,0,138.1684866942407
41,20,4,5,6.509605806600904,354,Sugarcane,177,92,10.317191086639044,1,48.590528169220164
45,36,3,5,11.792544931197611,802,Cotton,123,94,15.614952393082074,3,161.6266400480311
40,23,5,4,11.487030905945598,753,Sugarcane,79,89,17.334946190299817,0,61.14672420673844
31,24,3,5,9.135473118125768,857,Maize,77,59,15.37888191841617,1,81.26775889146447
58,6,1,6,4.148058998803211,133,Maize,142,75,13.276170217278548,1,49.85188463251164
21,16,5,5,9.988279809652575,286,Cotton,76,99,17.50682737337329,2,36.32217239764375
13,28,1,3,6.68445920033601,978,Rice,176,36,16.28567339372855,1,193.49898879049968
37,29,1,5,7.106241846834089,548,Rice,147,26,14.558373208754617,0,218.1559099147611
57,6,1,6,5.269937031819109,185,Rice,101,59,8.379046972163529,0,50.70154530135471
24,32,5,5,8.187664670919194,772,Rice,93,77,10.87733508121847,5,61.44569421368077
17,6,5,2,9.95642076963013,975,Maize,181,81,11.08210091365009,4,15.046444579657528
32,23,4,6,6.1840889447445475,217,Maize,97,93,11.472452627957221,3,44.30773333820256
52,10,2,4,11.509863264347,722,Cotton,147,73,11.893856571022203,3,79.27545182292987
33,8,3,5,5.5578948480236345,157,Cotton,65,28,17.393692721146227,2,26.42353942503145
17,11,3,3,4.530098724755467,117,Cotton,96,70,15.41872408099361,3,22.945396368506774
50,34,1,5,9.154910986799209,978,Rice,159,29,14.919349870571638,1,324.71706156490546
39,3,5,3,10.794549855040374,970,Rice,124,68,12.26514958811735,6,10.911595995050781
10,35,5,2,11.625062874460099,239,Maize,64,49,11.375496083014472,0,79.05809299000381
22,27,1,4,10.13736808413215,557,Maize,151,28,9.195781907752902,1,288.48278961707945
55,12,2,6,5.5972000920485785,805,Wheat,143,65,12.534954735959158,6,54.14726778331442
9,22,3,6,11.821289478429843,741,Wheat,193,45,10.05342375475672,3,85.81585212698229
51,18,4,4,11.355487008230742,311,Rice,178,83,11.910104037430095,5,66.10632747922565
29,36,2,2,5.30533938209958,585,Maize,113,53,9.563912605277535,5,103.02463011277129
6,38,5,2,8.470286615322596,895,Rice,141,46,11.439959102135132,4,61.66028683339015
14,23,1,5,8.444139407447832,219,Sugarcane,92,46,8.429793699239497,3,196.3294384059974
34,15,3,2,7.540278225035767,990,Wheat,63,60,8.060232009554921,2,49.01393358512423
54,32,1,5,11.87425064207751,653,Cotton,117,37,16.69909222881396,0,397.90263276062916
49,11,5,3,4.4769778974417695,102,Rice,63,69,14.412641068917573,1,26.192860208376775
9,33,1,4,9.017671267548678,328,Sugarcane,192,62,13.876666541328817,3,306.0383441099228
59,6,3,3,5.642428981430481,328,Cotton,194,60,13.137940163279676,0,31.946549591634287
37,10,1,3,8.218649637847676,442,Sugarcane,141,95,15.267291772963663,5,103.00787814976448
58,30,3,3,10.23792617430015,240,Maize,187,37,15.361656050283191,1,118.11643600993588
5,28,1,3,5.973814425348371,156,Maize,66,80,17.352513679431233,3,176.52537805795774
22,12,1,6,7.146876371865188,315,Maize,185,91,10.444105000008525,3,100.13438529393513
36,30,3,2,11.606144594243194,742,Cotton,51,72,15.85198809868333,5,124.55544078578947
51,1,1,4,10.091845901762476,213,Cotton,114,99,17.91157740225804,3,34.96114258854555
53,38,2,4,8.581785476094684,802,Maize,168,72,8.290218595300377,2,181.54995459890566
15,14,4,3,5.775979102453734,854,Cotton,148,32,11.73985425730984,2,24.88087739611973
25,10,2,4,7.402443499820665,393,Maize,156,45,12.36035867609939,1,42.6202114929167
30,33,4,5,10.19249055239938,926,Rice,166,75,16.21832331668208,1,88.50811486080428
29,38,2,4,10.564344624879809,127,Maize,58,80,8.137434153648554,0,215.86381258551907
26,3,4,3,5.956849585139191,637,Wheat,191,69,13.986195321350689,4,4.014501831248355
31,10,1,4,9.296481683336154,695,Rice,123,40,16.92578810015292,0,107.08545861388664
53,28,3,2,4.760023936987199,958,Maize,71,27,9.476270584525217,5,59.92724463318888
17,1,3,3,4.1856984596037154,420,Wheat,65,89,9.155736168629797,4,8.39628102220055
37,15,5,6,8.389391387464169,941,Maize,143,83,17.997864387066695,3,33.77779871863389
38,38,4,2,5.79503883424343,813,Rice,135,69,16.259589346989895,3,62.175336343148146
45,12,5,4,4.631296249937063,672,Maize,81,21,14.97418515414104,0,14.481477048283821
39,36,5,6,9.83862650316184,796,Cotton,60,91,11.989812325954523,6,82.29738945140647
5,16,4,2,7.98379670691716,857,Maize,69,89,16.539629741688838,6,36.11084985383854
25,20,3,5,10.370216087667604,612,Rice,133,25,17.227730055410106,2,72.06619343916984
52,18,4,2,9.311553917444456,854,Sugarcane,116,41,15.32408548065399,2,52.25297367926535
59,6,1,6,9.83843951932392,131,Maize,93,65,11.980947797464918,1,81.83287762327271
10,37,5,5,6.458884650367199,846,Cotton,144,80,13.835371078352136,1,51.06943160200833
32,7,5,4,6.106206605465891,510,Rice,155,54,8.985172629730899,0,13.813154521753628
21,12,4,3,8.80699913676209,496,Wheat,184,81,9.580204751076245,2,34.08559239855266
9,36,5,4,5.600657123184675,116,Sugarcane,143,88,15.830373428921408,3,41.20323313598128
35,1,3,3,10.523296925056169,700,Maize,103,76,8.29315472153112,5,10.02548815138497
9,10,5,3,8.18336135179391,151,Rice,131,44,8.491959973023846,3,16.055268010863532
42,23,4,6,5.815919458782088,469,Cotton,62,92,13.080234915859528,2,40.28105027372693
7,5,3,5,9.001345858639269,263,Cotton,82,44,9.705292762587074,0,12.536770535423504
57,25,3,5,11.560285880668943,402,Rice,184,52,10.93704077650797,1,113.14652457646615
27,6,5,2,4.656757812726193,549,Cotton,60,27,11.98831424787042,6,4.395415510873628
41,38,4,4,4.874761658508024,643,Sugarcane,119,32,13.22255400652237,0,54.00398941792329
57,18,5,6,10.75071317490672,809,Wheat,70,80,10.83534721277298,2,57.8786704290778
41,5,1,4,4.876750196534989,601,Cotton,81,27,12.835464690924894,0,32.601337459172825
14,28,1,2,4.315002954823902,450,Cotton,182,46,11.706845791551316,2,128.25978072061866
14,38,3,2,6.783444648371783,478,Wheat,155,73,8.810311095780168,6,86.44755839535753
23,1,5,6,7.733647079372781,538,Sugarcane,142,22,16.67127383035256,0,1.0
21,18,1,2,8.555555493525517,300,Sugarcane,84,52,10.81365903205251,6,161.3376355744409
25,3,2,6,8.058401860514,206,Sugarcane,96,47,14.093732661473084,4,15.797839655106209
18,5,1,2,11.305476501264907,604,Cotton,61,71,13.698002152718846,3,70.93701174171585
13,36,5,5,10.149344803133099,483,Cotton,86,48,9.991667823496634,4,72.63097325833687
50,27,5,6,11.870482046893686,947,Sugarcane,93,80,8.299581704304007,2,81.19835562623794
5,29,1,5,7.811643385802578,956,Cotton,71,92,16.56931414811984,3,232.80946815824078
55,6,5,5,4.674636878713431,395,Maize,188,80,12.97689855477267,4,23.32576106588423
49,8,5,6,11.644245143542996,127,Cotton,136,41,12.144675147527142,5,28.845375523006908
17,24,2,4,4.032905292712779,436,Sugarcane,104,91,15.62910515031349,0,54.63597961140029
8,32,3,3,10.208768110712388,386,Rice,59,76,8.33158921717284,0,109.69587678197979
5,0,5,2,4.250256246173436,730,Sugarcane,166,64,15.652152837183756,3,1.0
53,5,4,2,10.089713525213106,442,Rice,129,49,12.089144633737234,2,26.203768810638888
44,17,3,4,11.503511518784434,130,Cotton,125,98,13.51623705320333,5,82.8853602471123
36,9,3,3,7.114082378648375,765,Cotton,137,33,15.524392405465417,4,33.93806571957191
38,27,4,4,5.927718809757741,871,Rice,146,99,13.46810592023354,2,50.46117798715989
32,10,1,3,5.810233220094647,586,Sugarcane,67,67,8.61772223461511,6,73.83184147925712
35,32,2,6,7.933741153201627,718,Wheat,160,37,15.286008912297188,0,137.7880885545285
12,0,5,6,5.367096286054332,350,Wheat,134,51,15.863416339967856,1,1.0
43,12,1,5,9.383389045277696,462,Sugarcane,114,57,12.618931580385729,1,131.46011298829492
30,36,4,5,6.946818859906999,206,Cotton,172,72,12.390594063171548,2,69.74130839963492
38,19,2,6,6.584875939226072,605,Rice,157,34,10.519255596355379,0,73.7840379551924
58,0,2,5,7.690284610051656,541,Rice,172,56,14.44162757431136,0,19.385155325796884
58,2,2,6,8.340700019518014,216,Sugarcane,80,68,16.819885139891294,1,26.68304224707707
7,17,4,4,5.135442098070366,344,Sugarcane,196,52,14.559687408649841,1,22.31188487751959
54,13,1,2,9.662106910374746,178,Maize,138,32,15.713248890094714,5,144.72658137207745
16,30,5,6,11.06357679924261,840,Rice,162,90,16.374556446713292,4,73.48355434241483
5,26,2,6,6.223895329609454,585,Maize,67,83,10.261441932639858,4,85.70299841323354
58,16,2,6,5.4431272146358785,122,Cotton,119,38,12.021043341170895,6,60.129521442257726
48,28,1,5,10.084043389752509,296,Rice,56,75,12.359596151936879,1,298.7102338256196
9,35,2,5,5.468333790125196,460,Sugarcane,50,56,13.589003648810795,6,98.41018638873314
34,36,2,5,4.330041282903653,799,Sugarcane,151,77,8.491821213359309,2,89.51800198850498
34,25,4,5,8.953945763062231,526,Cotton,148,28,13.884071710226527,5,61.70028413460089
21,16,3,4,5.918011330442802,316,Wheat,136,23,8.885214833834329,3,36.37562467089024
52,21,1,6,5.374483271428478,858,Maize,129,90,16.065698912805917,0,138.53225304829277
51,24,1,4,11.85282193371605,765,Sugarcane,108,32,17.63021987728105,0,304.45321857706324
27,1,1,5,6.334919867197821,806,Rice,83,82,10.897590058957942,0,22.453569926182883
19,21,4,4,11.227546321724287,727,Rice,188,82,13.066151248109417,4,64.73236326434849
41,4,4,6,5.425750127108834,295,Rice,57,80,16.231875450067683,1,13.179666770992693
25,3,5,6,10.55181705649948,666,Cotton,137,55,11.14654006047303,5,10.695211607627352
18,35,4,5,8.016150984387856,786,Wheat,102,27,9.577776933488137,5,67.45167445743883
6,5,1,6,4.628758152927962,542,Maize,192,46,15.390625237018742,4,26.78814352303745
15,20,5,4,9.86884234914858,558,Rice,77,45,14.983616211557877,1,38.0922823196855
55,12,3,3,11.13658697387824,558,Rice,191,64,13.699454606721712,6,58.71500894899193
43,36,2,6,5.304135922684172,583,Sugarcane,139,61,17.444367954338944,2,108.06889244936463
42,24,2,4,9.804721938689402,243,Wheat,106,33,17.551223034663018,4,129.71527443368706
38,25,5,4,7.560420152584991,413,Sugarcane,86,91,16.615494303810376,1,47.73785070121064
42,38,3,4,10.030963626053747,974,Cotton,51,71,10.930200854185934,2,140.0676466314104
54,19,2,6,9.711423585482446,828,Cotton,83,88,10.253659307523257,4,111.04589614016413
38,32,5,3,4.212801843704043,356,Maize,107,72,16.357406942938233,0,38.472086061405136
22,13,4,5,5.429768287737241,738,Cotton,122,70,14.513608913486458,2,18.548217158982123
34,35,1,5,7.768217943458195,573,Maize,157,96,11.961260303876895,4,295.77648845175474
19,16,3,6,11.468753375296643,784,Sugarcane,166,21,12.097564765672521,6,62.935843334301815
31,20,2,6,6.736587654038412,705,Rice,165,67,16.533321828885136,1,77.34565768469163
55,15,1,2,9.030987762241455,598,Rice,163,97,9.632472632239395,0,154.98938125191427
38,15,5,3,4.0966699641154305,318,Wheat,79,68,17.439734097962443,6,16.947760020254048
56,19,2,4,9.689015372375554,663,Cotton,132,78,14.332152935116365,1,113.20151784031555
42,28,1,4,8.824546102022437,630,Wheat,156,86,15.913577333744243,6,264.94526761798454
37,27,4,5,9.723157972926128,457,Wheat,108,99,11.708665544213604,3,74.57602710619287
28,7,3,6,11.237284904199559,336,Rice,169,28,13.868963602587236,3,27.53177408389668
19,23,5,3,5.17199146494248,782,Cotton,192,21,15.499904939613867,4,19.596697639491055
34,2,2,5,6.092716768064537,374,Rice,199,94,12.351299722078405,2,20.302549347903984
59,24,4,3,11.966247137345135,906,Wheat,124,62,12.87936341606241,5,89.91168666639989
46,18,3,6,5.250271668077016,975,Cotton,142,33,13.820798288641306,6,40.917848616247234
55,32,3,4,9.76501605220821,771,Rice,137,59,8.634069909315041,2,128.10591165822512
21,1,4,2,9.800607284087214,851,Maize,132,74,16.63186521357985,4,8.760092053180397
9,14,2,3,9.463949969884556,676,Maize,104,78,16.666779357525392,4,74.75109856548514
33,21,3,4,5.819524714516621,316,Sugarcane,182,66,10.814176728069842,5,54.72018572303046
8,9,5,3,5.721072505710966,658,Sugarcane,106,53,16.798225367722,0,3.78063302974582
14,17,1,3,9.330728544278305,496,Cotton,102,55,15.451948076587508,1,164.49349538960354
21,21,5,3,5.490001475673728,173,Sugarcane,50,52,12.831914078537357,5,23.748484309713064
14,26,3,6,9.292506653924299,775,Cotton,109,82,11.477640247280878,1,90.36378376914666
21,12,1,5,7.9402262562025445,809,Wheat,125,37,11.993789202534245,6,103.14188946701955
24,32,4,3,7.093030941195073,427,Maize,95,41,13.34418915431269,3,60.32571448705791
28,4,1,6,6.401858795023566,507,Cotton,53,24,12.125207018915912,3,37.0403921732868
9,25,1,2,11.580615466584934,247,Wheat,64,51,12.202383241091521,4,297.8935005518253
38,12,1,5,8.0647492619423,185,Maize,130,68,10.031233736235468,6,117.62410514373089
10,26,3,6,8.490015700087696,620,Rice,165,55,15.078120051561907,6,71.6521672092284
57,13,2,2,11.594048677494284,602,Wheat,61,92,14.095915729505707,2,95.89263502137966
6,23,3,5,9.231018544777069,864,Rice,50,33,17.919014870216227,6,68.68218665973016
17,2,2,6,11.66282342205462,331,Sugarcane,126,83,9.412442042024702,2,18.600329375196207
47,29,4,2,4.850933924181588,987,Cotton,79,51,9.137383487350208,0,47.58709757880297
47,34,4,6,10.773117054179231,597,Maize,183,28,13.159322991358003,3,102.4902786500826
52,13,4,2,6.683317024184727,522,Sugarcane,122,67,9.519907635100742,0,30.632973706872367
15,11,4,3,10.48390020056273,566,Wheat,99,71,14.106211510666819,1,34.35356989591293
55,27,4,3,10.845092993559827,346,Sugarcane,179,28,9.96115108669008,4,82.4382312129129
51,28,5,5,6.1719030891404465,469,Rice,55,51,12.829984978710389,2,45.033996997755246
27,16,3,2,7.270644932123831,612,Rice,124,29,14.113114498424205,3,41.038554183869124
59,39,2,3,9.808114834519232,878,Cotton,139,88,12.580407890349235,6,216.12758546873235
20,20,4,5,4.792445047175765,204,Sugarcane,141,30,11.19985304597185,3,22.228746417531717
35,22,5,4,10.044268274714721,333,Maize,126,77,15.823160826127934,5,52.25457955474947
15,19,5,3,4.883783408437952,557,Rice,125,47,16.54658024325841,4,19.50517894904712
58,10,5,3,11.315645858144464,356,Wheat,132,53,10.78049834246573,4,36.2614981326893
20,33,3,6,6.210714346370827,574,Sugarcane,67,72,16.133937346704773,5,73.011080547889
12,9,4,4,8.604794774938846,692,Maize,196,59,11.916340198383159,6,20.595758200273828
8,9,5,2,4.937228000610182,734,Maize,61,83,12.876236384925246,6,9.352628647139623
44,5,5,5,6.15594523729983,271,Maize,101,29,10.317496878343322,3,14.22603212809374
8,35,4,4,7.231640347896843,918,Maize,136,45,14.257237757616227,3,61.54292729990957
29,23,3,2,7.896391013464115,372,Rice,149,62,9.009267167769538,6,68.64226907665167
7,11,5,3,4.0005399811725955,970,Cotton,71,90,13.916375259707396,2,9.053138176125447
36,22,2,5,11.109246099043748,858,Sugarcane,151,63,17.89718081833754,2,131.05036670028468
7,26,1,5,4.061398476471017,974,Rice,111,90,15.534663072226222,4,117.39679855522064
31,36,1,4,10.189476503955401,987,Cotton,91,76,16.95039308634425,1,385.2288830720924
33,5,1,6,7.764631298850968,293,Maize,116,67,12.641955401945989,1,58.06742352145044
36,0,3,2,8.191040199211011,211,Wheat,186,98,9.421053403023313,4,15.901303924154677
54,5,5,4,5.666123834676327,122,Maize,192,81,10.884618938246913,4,16.335847199691013
55,21,1,6,8.858946802765633,993,Cotton,143,80,8.4902967421813,0,202.69070674436443
23,23,1,6,8.297855273355617,414,Cotton,171,86,13.018109724269486,6,205.27187501617405
25,24,4,6,5.313891252962363,301,Wheat,144,64,14.496668718933538,1,35.6817704800201
9,14,5,5,5.904952010793753,600,Rice,176,80,12.244833059788922,3,16.134623104803964
22,25,5,2,4.535229032099657,717,Wheat,71,90,13.632048989835985,0,27.675970304034873
32,7,4,2,4.530268576715621,705,Maize,103,21,11.207022483221406,0,12.47563317617663
46,23,5,4,4.1102062876194125,124,Sugarcane,174,93,8.85858093965514,5,30.475473305137175
26,37,2,3,5.76379460386467,756,Rice,107,66,12.319989924421884,4,119.22072191164416
25,5,3,4,9.437289819176446,607,Sugarcane,148,86,13.47797795361043,2,23.6294709659598
10,34,4,2,6.52972310513885,465,Sugarcane,68,48,17.82634793088623,0,54.49213561652018
5,0,1,5,6.741874158939013,630,Rice,191,82,11.472734045923962,4,9.767232324812708
9,35,5,4,5.055243146043558,821,Maize,71,44,14.77769657476997,0,31.484144939047738
45,11,2,3,8.60376534125136,693,Cotton,190,23,16.226244411622467,5,63.25579337531243
16,37,2,4,6.737149132373898,145,Maize,172,66,11.3539072770905,2,129.82967877226005
30,10,3,6,9.410534427441718,134,Cotton,105,88,17.299312391371576,4,46.27766664871082
50,11,2,3,9.931675750740428,301,Cotton,91,82,11.388312871699497,2,70.09969733857976
38,38,5,6,8.677543001987058,634,Rice,115,25,17.698043097478198,2,68.44094443488133
53,6,5,5,6.20855629449629,464,Rice,83,37,8.021569178726477,3,19.390482484880906
18,10,2,2,8.068862394698034,569,Wheat,78,55,14.341733233886787,2,52.432633995806924
30,35,5,4,6.015446437458427,399,Sugarcane,85,95,15.899262477501527,2,52.15525985048735
49,30,5,4,11.223302682831346,876,Sugarcane,167,76,10.800604189583122,2,81.92898556952333
31,32,1,6,10.131086000660458,515,Sugarcane,58,49,9.170502737035951,1,338.01940503859447
13,12,4,6,7.94404724804453,445,Sugarcane,134,33,8.243684408842235,3,22.475940611845807
30,17,5,2,11.723657145425172,448,Wheat,91,58,8.744069363624408,1,37.59393660617256
51,23,5,4,8.374043573841504,798,Cotton,116,21,13.430340427630345,2,43.50811201972374
26,8,3,2,6.628283815655585,909,Wheat,56,53,16.39167403545615,1,22.944581378199487
51,30,4,6,4.763738406352377,289,Rice,72,77,8.631308652654885,4,47.87250215912676
34,9,4,6,8.34996515850731,502,Maize,72,54,9.131803779317687,5,21.8473716940403
47,1,4,3,10.883332892650763,851,Cotton,65,53,8.051030021140932,5,19.05884773088061
52,37,2,6,10.933749825251589,448,Cotton,118,27,10.822773987635783,5,214.6527095127411
21,14,1,6,8.836536533461988,472,Wheat,62,62,17.212463861110514,1,130.1355043792798
30,2,1,2,7.147506905873702,738,Rice,59,82,10.762879978632984,4,38.16764798366232
40,30,3,3,9.202370464725439,604,Rice,108,81,12.408144470101547,0,109.14501093428876
5,5,4,3,10.097122836472316,390,Cotton,51,39,9.789573957516517,3,7.206788110666715
12,2,4,4,7.29299827515301,210,Wheat,178,71,9.162845364267689,5,3.8261412108807895
53,10,5,5,7.810033353719403,654,Sugarcane,103,65,9.823944466079885,1,24.06680473718503
39,14,2,4,9.444930459023544,602,Cotton,68,23,10.104328340810754,0,71.70211226605375
56,27,2,4,11.013220848821971,400,Sugarcane,146,81,9.302888257802659,2,167.2426741706402
19,9,3,4,10.328083025138199,745,Maize,77,29,15.915530115032727,6,35.109710332904406
51,37,1,3,4.1791309545627895,112,Rice,182,59,12.772456383903961,4,177.95405339547798
26,6,4,2,4.994978750276703,622,Cotton,125,24,13.397694275614892,5,13.248245285743085
18,14,3,6,10.822225442284175,201,Maize,68,37,11.746505752925575,1,57.35249780439561
30,17,2,3,10.670582624360268,296,Sugarcane,153,80,10.107428408530495,0,103.32544037272055
32,17,2,6,7.110454265189674,490,Cotton,91,76,8.939016645423193,5,75.46311368795348
27,23,2,6,8.674223378861324,154,Maize,84,82,8.759257030645887,0,113.18853076117092
18,1,4,5,11.24675985942917,282,Cotton,58,24,9.851420257456908,3,2.728486158149903
28,39,4,4,11.29246944805677,118,Maize,88,40,16.501761932985957,2,118.06584048928299
6,19,4,5,10.264742766087126,462,Maize,87,38,10.165451895784173,3,48.45018282307087
49,33,5,4,5.676711506877432,873,Sugarcane,64,42,11.54819591701042,1,46.97441919890729
30,25,1,3,9.84226245883156,572,Rice,158,88,13.727516437501642,2,259.5352005316663
18,6,2,6,4.808787458776453,108,Wheat,139,52,13.11413105008712,1,24.963906204886865
55,37,2,5,11.151507675636552,759,Maize,174,23,14.65820629731518,4,217.28607107577534
11,29,5,3,5.193190428629716,124,Rice,109,54,9.943148295510547,1,24.538347479455993
7,4,2,3,9.298789120891607,405,Wheat,111,78,13.240489287058553,5,17.686267918329488
51,10,2,4,8.88194619401879,683,Sugarcane,80,61,15.677491594402841,2,61.5721327990603
27,0,4,6,10.215197247036665,533,Cotton,79,94,11.875069547543639,6,10.638047711547038
50,33,4,4,8.412620018867644,521,Rice,115,68,17.718943983880617,1,79.45745381530693
47,0,1,4,4.476532603005857,933,Cotton,56,60,13.779494328927345,6,18.033352545307448
51,18,2,3,9.646770032353192,156,Cotton,161,96,14.74826557818649,3,111.02319183293876
49,1,3,4,7.0652364706821436,633,Wheat,152,97,12.590877396549544,0,22.61267937269446
22,20,2,2,6.562280009752879,923,Rice,160,68,16.578508439527347,1,73.35626510087789
42,19,2,6,11.933388396269878,647,Maize,87,90,12.514869239966878,2,133.3965353891043
39,22,1,4,8.723198127677822,278,Wheat,196,99,17.422803135846202,3,214.61344394626082
55,20,3,4,9.68575258615529,167,Rice,186,65,11.074905429885293,6,84.83658423719552
19,23,2,5,8.210609095485186,595,Maize,135,83,16.658194057520884,5,106.44293943580634
29,3,3,6,10.159781167613222,100,Cotton,183,69,14.39353173676378,2,15.218697293764347
59,11,4,6,10.016581883999802,147,Sugarcane,128,62,15.990546694056512,4,48.13707596181874
41,21,4,4,9.257168925441285,516,Sugarcane,197,46,8.377012845929215,0,58.25302173078087
32,19,3,2,11.981944491550214,763,Wheat,79,53,10.772796517532523,3,83.39743746015579
14,17,2,5,7.678348272665102,296,Maize,67,82,16.47078853808263,0,76.60106461812553
43,0,3,2,9.64953878638524,669,Maize,199,86,11.183336934224487,1,14.7655121165764
21,29,3,4,10.382223702439346,147,Sugarcane,137,46,15.126553533602724,6,96.80174372786549
43,32,4,6,7.008277676756355,454,Maize,144,26,17.92188814581423,0,66.9260932726602
26,23,3,6,7.657400220428949,333,Rice,67,42,9.77168749668703,1,63.039016289774494
30,13,5,2,11.753338131124682,536,Rice,110,85,12.175459405037415,5,37.539984652298756
48,35,5,3,4.258328137012865,799,Sugarcane,131,21,9.651267107661482,3,36.324540008299984
29,4,4,4,6.6823652316873146,993,Cotton,127,55,9.542864545109099,2,11.969254098754911
21,10,2,6,7.88970369870936,725,Cotton,184,77,14.330428265035916,6,50.00869886209765
17,23,2,3,4.011719944553522,189,Cotton,184,30,9.913760367674788,3,52.84414353273186
24,30,4,6,11.193016808052894,468,Sugarcane,114,26,12.826539489371537,2,87.28462353807168
29,12,2,6,6.2899552016972695,268,Wheat,89,85,17.779414736219692,5,47.84425581972245
8,15,1,3,6.061638656875554,462,Maize,165,98,11.331294820387587,2,97.03876867118726
14,23,5,2,10.562609562829934,972,Rice,73,50,16.736298466854628,0,46.6221209744791
7,12,1,4,6.223865828019803,276,Rice,59,65,11.963650614180963,6,78.9111391430593
45,23,1,3,9.260980751216179,599,Wheat,186,89,10.628649106124417,2,230.9924245693232
49,25,1,3,10.572025151215673,803,Maize,88,72,11.362517031157429,4,281.69821391294334
22,1,4,6,10.339814781682978,232,Cotton,180,87,9.27686477343791,4,13.848344328029132
51,15,1,3,10.255605899407431,271,Rice,157,65,14.78985155953763,0,175.15884059243527
40,37,3,4,4.709100558921879,629,Cotton,118,56,13.090199446862135,0,68.71392601703262
51,0,2,2,4.638775740578914,862,Cotton,56,95,14.138304631448765,3,21.139715292300668
26,10,4,2,6.4541602858991,540,Sugarcane,189,46,11.030927777301216,4,21.780657670348184
38,34,3,2,4.287583049568142,211,Sugarcane,72,44,14.534649654097024,5,56.282851753882454
51,28,3,4,8.003437892154114,139,Maize,138,31,9.645988882916475,4,87.33045198665009
12,36,5,6,7.158256530161746,201,Rice,66,79,14.524727160011986,2,46.24530141879609
44,16,5,4,8.456207300345193,468,Sugarcane,127,36,8.81138158184274,3,34.00490805209483
53,38,3,3,6.390308309357524,273,Maize,114,69,12.002731555530104,3,99.64167735181833
48,27,5,5,7.886032023923416,925,Wheat,135,95,14.097530487071474,3,58.177362435654196
23,28,2,5,6.67795812687243,440,Cotton,77,28,16.553175446092105,1,99.44669738895966
46,2,2,5,5.561664737786469,913,Rice,107,48,16.124150260948383,2,16.34691031319429
45,9,5,2,9.19493344910252,295,Rice,67,44,13.26950077017588,0,25.474268450117098
41,13,1,4,9.38748721199348,683,Maize,159,34,16.83370697368143,6,138.69538418924222
10,11,3,4,10.633853541998,281,Sugarcane,170,28,13.059029652524405,6,41.6453265279099
56,29,2,2,10.998014265229799,852,Cotton,93,32,13.171667156215616,5,175.33474891665082
30,31,5,3,9.635695234943324,900,Cotton,113,66,15.205536466773474,3,66.17215496955184
38,31,5,5,9.499984693580096,422,Rice,86,63,16.777823227711384,2,65.87752137076762
49,31,2,5,4.45340532269178,212,Rice,52,22,14.027164962920855,5,83.76521679262252
10,25,2,2,4.878233931665372,951,Cotton,63,93,17.441917559196536,2,67.92007189921242
41,0,1,5,10.500501683126988,774,Wheat,184,37,10.325860660526137,2,12.435378937866771
37,1,5,6,5.8636100929890524,650,Maize,194,29,17.243094290323953,4,4.906997693749327
57,16,5,4,6.844520481736664,334,Wheat,132,55,10.216529552412192,6,34.192967613834234
26,29,4,5,5.1623788294070145,604,Sugarcane,182,76,13.264154971449862,5,40.44818406927573
25,38,1,5,5.561215748599352,170,Wheat,128,22,15.960317962239664,0,218.63657737575284
10,6,2,6,10.20333788296165,318,Wheat,101,39,16.01584167296808,3,29.902643857297214
10,26,2,3,6.094876956124306,616,Sugarcane,158,37,10.781592621694644,0,81.76243729490098
59,8,3,3,7.592279730113521,852,Maize,75,68,17.858952202966414,0,45.87021158982828
52,21,2,6,5.213370984473914,264,Cotton,126,56,8.806034221194848,4,74.04953015025305
8,33,5,3,9.423439250528789,612,Wheat,80,39,8.347827470655746,0,55.319149953038206
34,0,2,2,9.82615787306781,480,Maize,89,93,16.415294590437338,6,15.692351107702434
15,8,5,6,6.8935385431897105,283,Sugarcane,81,83,16.190189105753802,0,15.415690418733316
34,19,5,4,10.277973168982005,468,Maize,150,41,15.128174464133533,2,39.76492076317967
35,18,1,4,5.919253215377012,547,Wheat,53,40,16.50774024114927,2,120.1902661596243
28,35,2,4,9.535230896801249,107,Cotton,130,99,9.375592562273537,3,181.00301778501944
59,39,1,5,9.83971665136363,719,Sugarcane,133,54,8.956875449297593,6,404.56008584495476
13,3,5,6,11.74925902231021,481,Sugarcane,124,20,17.694026331109296,1,1.0
59,8,2,6,5.85857332149373,481,Wheat,91,31,14.242379927925455,3,40.20364517126848
7,21,2,3,4.749683840342022,547,Maize,146,32,17.198467471931323,3,55.0538034197617
55,17,1,6,6.104283378318293,796,Cotton,152,27,17.064432242122315,6,119.73234912011989
35,11,1,6,4.982897572656952,895,Sugarcane,96,50,14.531398393695,2,71.19606456958266
44,38,5,3,5.357554467954477,253,Wheat,67,24,14.284745129296567,0,46.322236158199075
41,8,5,6,6.672916094847795,133,Wheat,51,63,11.599458039734788,6,20.08539458791543
40,5,2,6,7.311925973776007,596,Rice,154,70,9.491100559519923,4,37.54169668726574
28,18,2,2,11.229793806011036,963,Rice,151,44,14.866049526758754,5,109.59776160245119
35,6,4,3,5.564926172000169,121,Maize,137,64,16.178605699463965,6,17.441202564220426
10,15,4,2,11.77407180736973,479,Wheat,53,32,13.446237500375037,3,44.27189842617479
6,4,3,5,10.481225679169373,247,Maize,56,54,8.50869140115347,1,12.315352209036206
24,15,5,3,11.051771119147528,762,Maize,106,51,9.449177056937692,3,38.355929278058305
32,0,3,6,11.435551917921948,678,Cotton,79,91,9.019603384152086,0,11.754465573691817
15,36,3,6,10.025929577128966,689,Rice,139,41,14.578316486290033,3,121.65598758749151
8,38,1,2,10.310238652936489,843,Maize,85,25,13.647890871368679,0,390.7878425463828
19,18,1,2,7.502546372844956,650,Cotton,148,68,12.665002939436807,0,142.44317001604293
10,36,4,5,8.08360187740995,776,Cotton,162,30,13.434085559009647,4,71.85375188213278
58,16,3,5,11.459883414133074,198,Rice,196,90,10.75954842354258,4,84.78928356076649
53,25,4,6,7.026047292421196,740,Rice,51,34,16.047271715216603,5,52.82917639108856
34,21,5,4,4.335576584513658,630,Wheat,191,87,11.285452513725057,5,28.87298201036929
42,7,2,5,10.102035083798183,370,Maize,162,59,14.443011938862274,3,49.21393170740072
55,32,1,6,8.585260093740146,100,Cotton,149,53,11.908742466319774,5,290.39733696911645
6,1,5,5,10.519007698746492,386,Wheat,153,49,8.721665249729957,4,1.0
19,29,5,3,4.604410132887697,279,Maize,161,38,10.569514244211959,1,28.187829950124804
15,19,1,2,8.969855923806318,355,Maize,84,81,17.650983273954687,6,177.95796694367252
12,17,1,6,5.981647103926064,273,Wheat,198,81,9.905371204414903,2,107.47979001475046
30,9,3,5,11.226148755955872,953,Cotton,194,57,9.049286935611073,5,40.41728828975832
55,23,4,2,4.879279517933965,149,Wheat,131,49,10.911521922269834,6,39.35144693547042
49,3,5,4,10.744554181800504,631,Maize,81,51,16.77925907964656,6,21.43708399685201
48,36,3,5,4.708434015775283,716,Wheat,183,44,11.060264243263589,3,69.8045744393434
9,3,3,6,4.200778843975985,289,Wheat,78,31,12.173801396292133,5,7.556668670126431
10,12,5,3,5.8804754403353785,850,Maize,112,28,11.100769213023677,4,9.67881052923955
30,24,5,2,6.66435632741347,142,Rice,174,56,17.8897356270468,1,37.47022617953261
58,12,2,2,9.01223017449497,616,Cotton,145,36,17.998750991412933,2,73.74391765437196
8,17,4,3,5.05379677888843,859,Maize,130,54,12.827727532503182,5,17.25313755772565
23,23,5,6,7.4986394687286,165,Rice,181,79,15.848257095685199,1,36.271424648855294
24,1,1,4,5.63410881682299,495,Wheat,107,23,10.200598375663935,5,14.739009820921202
37,32,2,3,10.842426572376507,350,Rice,199,60,11.74295146694164,3,186.84250696760955
24,18,4,4,4.35973206361044,227,Maize,167,87,14.793396714287383,2,29.110676545726925
53,8,1,6,6.847501813508169,796,Maize,134,22,10.863284005651899,5,68.3679252918137
16,27,1,5,9.05099263975287,287,Wheat,133,28,10.246987428531778,4,249.57544552668136
51,34,4,5,11.304705424415513,282,Maize,136,30,17.222378819955203,6,110.56250542069878
5,38,2,6,10.943947381551162,682,Sugarcane,65,80,10.442980759016512,0,211.67301428485953
30,9,1,4,11.161535996137308,677,Rice,55,40,8.592778189408738,5,114.05634953585364
18,0,3,3,4.502826349463857,940,Sugarcane,56,44,15.510880139748172,6,4.950965156111179
42,20,4,6,10.727386091707675,861,Sugarcane,63,81,10.432682879288013,4,63.96006959772035
41,8,4,6,10.239300628352954,766,Rice,52,43,12.501841473787042,5,32.59344052088318
15,14,5,5,11.219453194204952,511,Maize,98,88,9.115570339659179,5,38.448178935172514
40,34,2,3,6.492610138064011,178,Rice,85,60,8.685155784066971,6,120.35987973135806
17,4,3,5,11.294120850186934,118,Wheat,78,76,12.604456717345032,0,24.078351998929396
47,21,3,4,7.221128680691582,577,Sugarcane,181,85,11.370883422037583,6,65.9503026477664
7,22,5,4,9.0727974842064,880,Sugarcane,199,28,13.05925226932003,1,34.42372186954339
37,6,1,2,7.3934319296559865,144,Maize,181,27,17.657832552602017,5,49.98626213695423
10,22,1,6,7.421187444125209,873,Rice,170,77,12.073882862479438,0,170.85939327533046
54,24,3,3,8.373096150359213,321,Cotton,72,90,14.026571037428614,0,83.57109547489951
14,26,2,3,6.84741367696658,228,Maize,151,57,8.975953823017324,1,94.57661992851648
9,5,1,5,10.341895954153886,717,Maize,181,39,16.85917604994843,5,53.272677778120155
27,33,4,5,9.06910988332191,862,Maize,67,66,16.05861103444396,5,78.74715940715471
14,8,5,3,9.518046092311565,732,Rice,50,98,13.224070055934384,1,16.41564444431603
48,32,2,5,5.848278401774109,329,Maize,81,47,9.833768742766308,0,112.09981978756488
6,5,1,2,11.75660230785114,892,Wheat,198,79,12.259499193876957,0,65.95512623514563
17,36,3,6,9.281408782183723,326,Wheat,90,41,10.97383995908648,3,115.922323537941
44,30,5,2,5.577566916243133,496,Sugarcane,134,70,17.945167553931825,4,44.58307949788551
6,33,1,4,10.00392194776827,374,Sugarcane,142,43,12.908382885334216,2,332.08923738990114
24,28,3,3,5.389712825660982,237,Rice,166,92,12.222331049850023,1,61.787719388462065
5,13,1,2,4.507079170396067,272,Cotton,145,80,9.690583161099664,1,66.27940485337817
41,35,5,2,8.220427169166674,426,Sugarcane,108,21,10.391089493695258,0,59.59387559295495
13,35,4,5,8.428191633298777,882,Sugarcane,181,95,15.115877141878027,1,78.678433072308
21,14,4,5,5.511724597852789,314,Sugarcane,190,74,13.349093325747237,4,30.241515188142326
13,7,3,5,6.787031554337272,327,Sugarcane,110,23,11.580313127047043,5,12.231122176605236
15,25,4,4,11.566154365429576,206,Maize,100,77,10.970136858774595,3,75.00860798960937
19,35,5,2,6.280025856699919,258,Sugarcane,140,32,10.007402462436412,5,44.24085498605572
28,20,3,6,5.244544486122949,993,Rice,114,46,8.338978928563616,5,37.54956761667065
42,27,1,5,11.940495669323631,235,Maize,98,49,17.77149968607385,3,337.03405054448433
59,3,2,4,6.418444291043734,862,Maize,152,81,15.531103509106298,6,34.63127549638133
39,15,1,4,9.44202938516863,129,Rice,191,84,17.278708151139984,0,158.25972711941608
34,21,5,5,5.852481451514131,197,Cotton,79,30,12.125508663942885,5,30.781763714790074
35,11,3,3,8.400969575891114,708,Sugarcane,191,68,16.693827503152008,5,39.15351580077363
53,15,1,2,7.090255892876924,868,Wheat,141,36,10.56249921909814,0,127.93266501061221
9,39,3,5,11.692634089273508,883,Cotton,111,34,13.098348139075558,2,158.63562419850075
48,37,4,6,7.4624469964039015,981,Sugarcane,52,46,10.024794398540555,4,74.5950630095785
54,36,2,2,8.673393473453793,622,Wheat,88,29,15.703371653358072,1,175.5621299826277
18,28,5,4,11.558130127201178,441,Maize,68,99,12.976020069330566,0,69.46014935102494
57,17,1,6,11.91387439950364,267,Maize,154,47,13.36272938394782,6,221.15725113253782
15,9,2,2,4.813266912039972,310,Maize,147,21,16.594546297035656,2,21.250888026332575
13,38,5,6,10.674565696339112,783,Sugarcane,177,54,15.392174174664895,3,77.0546841032871
38,17,5,4,7.05693195349799,937,Rice,59,34,17.662659567326525,1,30.944568219045607
16,0,4,5,8.758629649644902,731,Maize,177,78,12.053359991826444,5,3.3352174687019063
39,38,3,6,7.000384631641964,284,Maize,138,94,12.614547224711893,3,97.86085929725219
39,20,3,5,7.208929645238339,531,Maize,108,52,14.153386857597827,3,61.541754690276896
5,0,2,4,5.270860287880892,523,Sugarcane,132,74,12.533124514941862,4,5.475545600156455
44,14,4,4,8.582131667422928,138,Wheat,151,99,12.196153796682939,0,43.548096812173526
26,3,5,6,8.373727567557797,486,Cotton,197,94,11.405717419299506,0,15.66338614237817
33,19,4,6,5.514846308307199,868,Maize,93,71,16.318842193270925,0,37.049369240017526
12,9,4,4,8.333843434671532,890,Cotton,67,38,13.334893636426989,3,19.644578527930786
15,22,2,6,11.78481506104869,841,Rice,97,58,14.074031291775675,6,130.3039021593035
45,33,3,6,9.715268766830317,550,Rice,124,79,10.040755339175453,2,122.88445038725997
41,32,4,6,7.847860476666815,214,Rice,50,29,10.517764804111511,4,72.062426930305
18,33,4,6,11.328671884651001,500,Maize,146,91,11.397932084208005,4,97.95244953204266
34,38,4,2,8.602514852042447,403,Cotton,56,85,12.653689763081646,3,90.82645010632079
39,9,1,4,5.080383989822427,702,Wheat,144,75,8.439273036109693,0,56.594221978038114
25,19,4,4,8.380077182499651,408,Sugarcane,139,26,16.88391361587388,5,35.40183300458746
41,0,4,3,5.447784922926942,672,Cotton,149,59,17.03712254453035,2,12.675459901489273
9,12,5,5,10.140038709981393,202,Sugarcane,118,38,14.616799200523456,0,19.75714670211112
23,0,1,3,11.737393714357665,826,Cotton,157,89,11.160528341559218,4,11.21955391167274
18,4,4,6,6.886548676346642,201,Maize,99,30,11.853183046622599,2,5.731793961383605
30,15,4,6,7.479343041001556,754,Wheat,95,71,15.34050998871086,6,39.1931267253372
8,14,2,2,7.3719717347090405,189,Maize,72,31,10.862910054802734,1,58.17690003122069
29,27,2,2,6.282399806359055,217,Rice,61,81,14.089180226130352,1,100.20126234297346
49,30,1,2,10.353439719029048,238,Wheat,110,92,17.062710781399254,3,332.23239114624363
46,22,5,2,8.941826661975966,402,Cotton,83,42,12.104478320577828,1,52.58371930343754
29,16,1,2,4.512412454852477,851,Maize,143,59,13.870487639628532,5,82.31931337168623
22,33,1,2,10.710450680185083,747,Sugarcane,150,89,17.285897870687975,4,363.2548096617751
44,12,2,2,5.496705849225658,616,Maize,67,69,11.405815659089686,4,51.26000893105969
12,13,2,2,11.833209293672969,308,Maize,169,83,15.596397455130504,1,87.08045569887537
43,10,5,2,7.013305112020526,186,Cotton,86,38,15.551218558958238,3,21.562033085179046
44,27,4,4,8.93159717720259,958,Cotton,90,37,17.284951938053965,3,70.25894310836264
18,31,5,2,4.622588951168243,418,Rice,183,46,16.585893191831488,2,24.964408712415803
36,34,4,5,6.757306197506853,888,Wheat,177,92,15.488281835850277,1,69.70945954670131
55,30,3,2,10.418831658886251,986,Maize,135,63,14.365154281042583,6,116.87497022591046
42,16,2,6,7.817667935626067,732,Sugarcane,140,77,10.411882909981578,1,79.4460508329994
37,8,3,6,11.236827868352183,344,Cotton,88,81,14.706486726679593,5,46.89161222903657
27,9,3,2,8.601107528406457,969,Cotton,53,69,10.764434661518353,4,35.94782924646033
19,7,2,2,11.428577563165982,189,Rice,193,72,12.400196053561892,1,46.77845970874851
37,20,3,6,11.86087925610045,577,Wheat,101,80,15.096986368343744,0,92.32907256386939
29,12,1,5,7.631156476146208,751,Rice,162,94,14.74894247656956,3,106.94643429457443
21,4,4,3,8.521252580622464,211,Cotton,68,69,12.011990928864996,5,12.560326821151769
37,5,5,4,10.67936514601016,493,Sugarcane,141,73,9.826756859760565,3,18.08209760352448
51,29,2,6,5.772264044286504,986,Rice,170,61,12.84142454087109,5,97.4822814163282
59,30,1,2,10.893036590248876,339,Maize,66,78,10.69972920472254,6,351.1085718112966
6,16,5,4,8.735361123018157,371,Cotton,179,27,10.554344786933331,5,22.01531924543334
18,10,5,2,9.804001083076203,242,Cotton,179,33,11.267935854465648,2,22.096746822102844
57,19,5,3,4.638832181307562,818,Rice,137,32,15.062377584856248,6,29.29857734236279
44,8,3,3,10.129501467627229,218,Sugarcane,104,90,12.972858319678405,1,48.06052437665706
44,1,3,6,6.486295236589267,695,Rice,140,98,11.731709768241434,3,23.562187889173078
55,36,3,4,10.441858214798735,999,Sugarcane,53,63,17.005948141951762,1,138.01148056721115
43,0,3,4,8.073220306421655,350,Cotton,172,62,15.067806742984265,4,11.264822008572239
55,3,1,3,6.196914678525065,377,Rice,149,37,12.946528273312765,3,32.832299712725195
10,35,3,2,11.622077576173233,262,Wheat,189,55,12.212883628292117,1,135.16533188984306
10,24,2,6,10.120499181691994,753,Rice,109,50,16.188968312176392,1,123.32713838831198
7,2,5,5,11.885488590989176,449,Rice,78,23,9.7292449392747,5,4.386661218429641
11,8,1,3,6.91575918729763,130,Wheat,95,96,14.641539254371533,2,70.78016618098464
55,21,3,3,9.19375706833311,557,Wheat,146,58,8.210152988980694,3,81.49947309250452
12,22,5,6,8.892709422909814,937,Maize,98,74,8.069607130630917,0,38.55538980689438
46,11,1,2,9.500453928550424,190,Wheat,169,38,17.31783693158141,6,115.29690289480565
56,9,5,4,4.306532528330647,227,Sugarcane,195,87,13.139885782411714,5,21.237606517472052
19,33,1,3,6.333754591018993,878,Maize,125,84,11.151174255636324,3,221.20186837876855
51,9,4,6,11.274700590326457,647,Sugarcane,123,59,15.946962043050462,4,36.09441306506473
33,29,1,6,7.390560438977815,947,Maize,66,95,17.848280059757823,1,234.84481701646638
37,21,3,6,11.685149432652377,891,Maize,156,95,8.344137914195342,3,101.79575450925829
56,5,5,4,5.708025381159806,824,Sugarcane,145,94,8.379606942465289,1,19.48252683686362
34,1,5,3,11.979391787848716,608,Cotton,138,49,16.547820523637306,6,7.046918412526829
43,29,5,6,9.58064727167626,844,Cotton,101,47,13.567147997645108,2,62.145803900357045
31,1,2,4,10.211147392531903,839,Rice,120,68,16.82741741742082,2,16.071901427803454
40,31,2,2,7.1748893776202864,980,Cotton,69,60,14.946430769738022,3,122.85024973843312
33,15,3,5,11.256064970084967,909,Rice,132,68,12.705856515505227,6,64.95598073248529
42,11,4,3,8.363703207668976,336,Cotton,168,48,9.61345924815148,2,28.72328919167941
37,0,2,4,9.447507041797081,632,Rice,167,20,11.898611469718904,5,10.5752071408347
41,7,1,5,4.758466170690288,707,Rice,192,50,15.871450925587022,1,50.20501813182005
31,12,3,5,9.053445607143146,150,Wheat,62,46,10.339175496161644,4,48.101491752677006
59,14,4,4,11.032631906097253,948,Rice,105,54,15.123664939909261,5,49.989988808773035
37,7,1,4,5.426265825727905,922,Sugarcane,68,27,10.47344579126668,3,45.63682946469444
8,9,5,4,9.90180747707877,568,Sugarcane,119,59,12.635343781630347,6,11.492826091093146
26,4,2,6,4.203206071957236,991,Rice,199,77,8.854320043109023,4,16.836825591293326
6,18,1,2,11.409624132500152,487,Sugarcane,129,91,12.549984587378951,6,218.93612361256842
14,37,4,6,11.86333692824949,161,Cotton,163,25,14.127025443090421,2,105.43748465774082
9,10,3,5,6.8334405343847555,442,Sugarcane,82,34,13.633180416101967,2,23.261995722206862
14,19,1,5,4.856590797722679,252,Wheat,163,40,12.064665143963074,1,103.47756030900561
37,19,3,5,9.26861094530516,835,Sugarcane,164,56,11.696952757372959,5,70.2035047885617
58,20,5,4,4.2386761131798325,753,Cotton,112,89,10.753987574758803,5,32.05467117736887
42,17,4,3,7.859890250377494,140,Cotton,75,73,15.671040657074073,3,37.548742933383465
17,9,4,6,6.174233401103092,585,Rice,136,48,15.826380976922465,5,15.05075488698902
35,33,2,3,7.786712431623015,777,Maize,50,77,12.830275499337795,6,143.9177110335368
51,25,4,2,4.146204117906856,801,Cotton,142,38,11.82561764894529,3,36.396870565874686
40,29,1,2,4.412897464565652,908,Rice,155,53,14.374229723027085,0,142.6987156691996
49,8,1,6,4.127806630747059,656,Rice,180,77,13.577323220951715,1,49.72500114548252
28,30,1,5,8.953054960376912,819,Sugarcane,133,90,14.672554664096587,3,289.579747511119
56,3,5,2,8.480743341401668,481,Sugarcane,156,32,11.060155322106729,4,13.86895806737885
19,5,4,3,5.865263988292836,195,Rice,165,23,15.883495592870961,6,9.545916963418819
33,13,4,3,9.17314503123217,886,Wheat,54,30,11.167428108520902,2,34.62064540073901
12,3,1,4,11.0736580551598,392,Rice,61,69,12.187232718746602,4,40.539628643014424
9,25,2,5,6.218576808208909,334,Sugarcane,97,40,9.324227282050664,6,79.42523285311243
33,38,2,4,10.6559504630319,440,Cotton,63,79,16.55369322292919,5,219.58359545239261
51,16,4,6,9.300073088017452,818,Wheat,102,40,14.442737463709864,2,46.797165895562486
8,18,4,2,4.270563545383865,637,Maize,94,62,10.352870587904134,1,20.999942120657565
16,5,3,4,7.001199166635476,449,Cotton,61,64,16.517180538023116,3,17.735932002448536
49,28,4,4,8.062057726872137,971,Sugarcane,149,61,15.04793007982012,2,66.82569526031585
6,10,1,6,9.853593519637771,306,Cotton,132,45,12.421802555022493,1,100.08442063375875
31,15,5,3,6.2970444660273355,590,Cotton,93,50,17.898428312911868,4,24.451237611842114
35,29,4,3,11.861840838863458,480,Sugarcane,70,68,11.372097500610352,6,100.7079457044856
55,24,4,6,9.476317924040686,240,Cotton,115,87,8.995495667365468,2,69.86963670743538
55,39,1,3,6.982509417314884,958,Rice,150,22,15.334590483822618,5,287.38911253284243
40,10,3,6,4.776200312616896,698,Wheat,70,58,15.5704903977722,3,27.758325484437783
40,6,4,3,5.450942082166479,990,Sugarcane,75,67,8.58965106035547,5,19.178953754825905
30,25,2,6,7.900862080441253,709,Wheat,66,40,16.194191220038874,4,107.31786323855327
47,21,2,3,7.957562839666934,122,Rice,53,37,15.75941513873493,1,104.66350053607427
31,24,2,4,10.141750118570828,861,Sugarcane,88,54,17.295963718255848,4,131.6308212831053
9,18,5,4,9.809413004578019,463,Rice,64,51,9.185491225528883,2,28.505380377635504
24,30,5,3,5.610184308142538,861,Maize,82,74,14.008095582809005,5,42.58198247028488
15,25,4,6,8.75965296446612,247,Maize,191,30,10.194225416233692,5,50.85781112866596
14,35,4,4,4.164974405943107,665,Maize,139,77,11.994419530510335,6,40.04723447232684
44,22,4,2,7.188379195074667,926,Wheat,96,57,10.650908291024313,0,48.16735717378335
42,12,5,3,10.112841924572846,650,Maize,179,65,12.492977020040492,0,30.96142855986514
10,24,4,2,7.196068746297332,604,Maize,139,39,9.128763284209441,3,38.13666807044938
12,1,1,2,10.684769918411394,945,Rice,115,45,11.03515507859288,1,18.799010371543776
27,1,3,5,11.809242321002252,317,Cotton,130,30,8.70918728679863,3,11.97255262111456
51,15,2,2,8.857700821594925,958,Cotton,67,85,12.918319880511614,2,87.81236457539872
30,8,2,2,5.160032610734053,581,Maize,181,56,10.966832096481694,1,35.69798290975865
50,27,1,5,7.037417663243286,515,Cotton,130,25,13.90308551814762,0,203.15816815531574
47,12,4,5,4.075866840547001,848,Maize,62,73,12.564461814201682,4,24.710592811569395
16,34,5,5,8.821807390726022,424,Maize,120,66,10.438530895676799,4,59.27865118855191
30,12,4,6,10.572548007790385,935,Wheat,107,66,9.029402185959306,6,40.71980021161943
17,30,4,5,9.039520631384343,954,Sugarcane,114,45,15.533166884070374,2,69.9894926648975
44,20,2,6,10.288689833467599,888,Cotton,153,44,14.331325540857739,2,111.84510635750475
22,31,2,3,10.399231418207094,836,Maize,91,55,8.329299963195602,6,173.22726878251888
29,33,5,6,10.80810060973971,588,Cotton,144,40,17.893655599706143,1,71.26488272510292
37,7,2,3,6.133310263980434,507,Wheat,149,77,14.424902745976205,0,31.510364765858938
51,1,4,5,10.970148182563374,243,Wheat,138,62,10.07180786736463,4,12.290600390858394
44,37,1,5,9.232751987707928,899,Maize,158,42,16.404968730739753,1,360.50440496852724
47,31,5,3,6.317804452755896,310,Cotton,163,84,16.821007218066462,5,56.479721874952084
16,39,1,4,11.89835771997009,765,Cotton,89,78,13.736853967913229,5,474.0788488305017
48,27,4,6,11.601459149853351,358,Cotton,143,80,16.85572197876194,5,95.08174724466299
40,36,5,2,8.595527865651196,326,Wheat,151,93,8.291717634232793,1,70.31512866197542
52,0,1,5,10.745667027196507,693,Rice,70,91,17.451667111673736,6,24.31592342260033
8,9,5,6,6.0919559097589735,988,Rice,132,83,8.572036140869356,1,12.827266861083208
9,3,4,6,7.32829597288712,471,Cotton,160,52,14.423900639604376,6,1.5773090339566602
41,34,5,5,5.47177408595067,490,Cotton,91,95,11.458946369398,3,48.86897100615772
12,9,4,3,8.160821141033985,187,Sugarcane,86,67,8.393123514461653,1,20.69135364346038
46,10,5,5,7.9680114405733224,499,Maize,178,58,17.2928830693518,5,22.936364637642455
53,13,5,6,5.702505807692531,408,Wheat,126,31,9.353576592554074,6,26.02219210262253
32,37,2,4,9.382413549728781,103,Sugarcane,162,95,16.53744187423979,1,185.1162987513524
35,11,4,3,4.9423223642033,272,Cotton,88,30,11.303450090159696,5,21.490425194749648
13,16,3,5,4.4935316085576895,643,Rice,96,67,15.411640027372567,5,33.71766683659736
58,15,5,2,7.079239749299089,845,Rice,105,27,10.542207898081386,1,32.86877515348973
55,34,1,5,7.2785982222776395,325,Sugarcane,159,70,13.834339377276564,1,271.56844170347426
33,1,2,6,6.557924852211889,438,Rice,120,27,15.995538071449388,3,14.422439890264982
18,10,2,6,6.063573100626003,305,Rice,159,99,13.661798303301318,2,44.243374814919214
44,2,5,2,6.710210760076243,201,Maize,114,87,11.065525636429653,5,13.457883663703734
45,28,3,3,5.307004591616824,157,Cotton,53,90,10.334357339112328,6,67.3575196892413
26,17,2,6,7.227619753063019,880,Sugarcane,110,55,9.748055967817546,3,71.92687054931957
15,19,4,3,11.23682698813955,249,Wheat,154,49,16.38812522043247,1,50.47036678800084
27,13,5,3,5.795415049670706,351,Wheat,196,31,14.109426251343065,6,14.826103123621053
5,33,5,5,9.475608834802802,578,Cotton,135,94,13.086779247574514,6,61.000722502356716
50,30,3,3,5.134276083182715,655,Wheat,149,48,10.49580683828736,2,63.488025839148264
41,39,4,6,6.831252992081846,527,Rice,178,22,12.337532485406708,3,76.22310083696156
25,17,4,6,6.56939824436205,641,Maize,196,81,14.200628083546562,6,34.05469440627773
30,29,3,4,11.496235155266621,623,Sugarcane,100,30,8.71881653512047,0,115.59158035677906
50,24,1,3,7.423856446414471,590,Sugarcane,113,92,11.607149365799431,0,200.51030178631808
40,18,4,4,9.52372755025107,625,Rice,112,78,10.39503651747815,1,53.803321599284565
58,7,1,5,8.819702471770634,391,Cotton,78,91,14.465149062621776,1,83.56818153647248
27,27,1,4,5.128240602278091,144,Maize,196,91,14.062690079619934,4,154.07201655271103
5,7,5,3,11.516323608244946,299,Wheat,92,61,10.994154946451708,0,13.68302174411361
58,30,5,6,6.766954334846106,123,Sugarcane,119,25,8.416307221068651,6,48.54765789160173
59,2,2,5,4.358066846269198,862,Sugarcane,88,74,9.828127508067825,2,26.07883426245527
55,2,5,3,6.403549654753501,730,Cotton,72,25,9.600620755949096,6,10.294532470943992
44,21,4,5,6.685069807058609,486,Maize,50,40,13.683943349623771,2,46.76548667119475
19,16,4,2,4.741962619029818,689,Wheat,110,63,9.692914563543699,5,17.446455102873628
25,35,1,3,8.959819251039542,534,Sugarcane,74,67,12.823343542728981,6,324.1490288890353
51,16,4,2,6.774113644332363,341,Sugarcane,181,55,14.145288373231816,5,40.26621674563245
13,13,5,4,9.033076850647767,302,Wheat,158,64,16.795655829997134,4,22.760441631800635
57,8,5,3,4.053924508712537,336,Maize,157,22,10.450275629733902,0,11.489149947901023
13,29,5,2,11.85638719192602,393,Maize,50,78,9.859129362492633,3,76.29861079541385
14,20,3,6,5.364130868357453,447,Maize,89,31,9.732538331330602,6,37.10138644012883
56,11,4,4,9.274647893639491,186,Sugarcane,70,38,11.604293095120823,3,34.4048318881292
57,36,2,3,9.726274426236124,309,Rice,187,42,14.491812193185407,2,194.70717320930066
30,31,4,3,5.372866797979809,887,Sugarcane,115,24,14.71862420719731,3,43.91129659862749
45,10,4,6,4.893698256819349,708,Cotton,66,70,10.109619006566241,1,27.92633167203399
39,19,3,6,5.220617534758469,101,Cotton,173,38,9.312334518608381,1,41.36251604358936
56,34,4,2,5.974546046759556,328,Sugarcane,190,31,12.486779337285698,6,65.16652271602024
29,10,1,2,5.345856943943271,509,Sugarcane,140,76,9.411912819562925,4,67.82944361164111
30,7,5,2,9.391995415648653,342,Wheat,162,56,16.129207449497414,3,17.805244754079826
15,3,5,5,7.366665629808538,869,Maize,175,53,8.838814474852507,6,2.2484530992063103
42,26,3,4,8.302332756122905,567,Wheat,59,99,15.520933221797597,4,87.1592084012486
6,39,5,3,4.378694310473266,557,Cotton,187,82,8.426479155177974,0,35.156080128720845
11,37,1,4,10.889991704805787,653,Cotton,96,23,16.069841159949945,3,405.7016453349198
22,29,3,6,5.364572425649538,312,Rice,58,73,14.271516755898329,2,56.87912759797114
31,26,2,4,6.8812186516407055,907,Maize,95,73,11.223731058582862,2,99.7651410028372
38,20,5,4,4.575213118622136,485,Maize,166,25,12.05518494764614,0,23.756159249841847
31,19,4,2,5.094345077186637,511,Cotton,152,26,14.736172405573118,1,30.189627565753778
21,3,1,6,9.326395279805292,614,Wheat,173,53,9.856281440013138,1,40.49117907564212
47,10,1,4,9.540696018045512,627,Sugarcane,117,87,16.903206690894372,1,115.19558866404665
48,12,5,3,9.415723877002817,487,Maize,158,34,12.828871341918948,3,35.68287283795386
55,8,2,2,8.417094302768177,378,Sugarcane,117,32,15.601394943946659,4,52.32895883764769
58,3,4,4,11.620173312095254,201,Cotton,181,92,13.066960257744356,0,27.190553048598453
28,11,2,6,8.057417286148612,688,Rice,154,56,12.52279228464968,5,54.441333655596345
29,8,2,3,7.595296234371572,489,Cotton,178,57,12.696155623576074,6,42.737387236125045
11,12,5,6,5.980364525737148,301,Sugarcane,108,97,11.631247107734442,6,15.022568355218912
56,25,4,6,4.790796234132901,666,Cotton,186,50,15.327541956705591,3,39.43649301356436
10,37,5,6,8.38523943972943,820,Maize,74,85,16.461524437415655,2,64.0252873558766
57,12,5,5,6.519121493542625,491,Sugarcane,131,79,16.54396664306252,4,30.96687320855468
28,38,1,3,8.192203065524122,940,Sugarcane,105,32,9.211457139340771,4,318.49633344424205
37,27,5,6,5.648952626083838,453,Rice,98,40,15.613679053506285,3,33.600120784513074
53,18,3,5,10.70538137766329,692,Maize,114,63,9.999546197052776,2,83.23738144556097
33,23,4,2,11.997577677272552,855,Wheat,58,47,8.121783450245728,4,75.91758751666156
47,18,1,5,6.579228080965196,334,Rice,187,76,10.754590352792466,3,133.28026408987833
26,12,4,2,10.738620858082637,213,Maize,161,20,10.928685982319578,2,26.320927454540993
30,12,1,5,10.98388909113926,166,Wheat,188,29,16.09789054083428,5,134.95466778205676
32,27,3,6,11.968590310056637,908,Sugarcane,145,27,15.423963152427698,3,118.6805667947706
54,1,5,5,6.741761038223835,139,Rice,134,96,8.846845702881339,5,15.202953642785616
25,9,1,5,10.048331149712846,832,Sugarcane,85,82,11.259613077877194,2,103.36730037342438
53,21,1,6,5.830472029135883,202,Sugarcane,132,86,10.512998466801655,0,152.1658327053295
11,12,1,2,8.998368010337146,510,Sugarcane,181,86,13.954551877860334,5,114.98910420988307
21,8,3,6,9.6387405557827,394,Maize,111,46,13.415119732513967,6,33.28104001044788
24,32,4,3,9.928965540280771,664,Wheat,112,37,14.789128055772071,1,81.5674951825497
45,13,3,5,5.657377348675693,907,Maize,185,54,17.107298319849903,3,40.000530664593974
53,19,1,3,10.789804563969557,663,Sugarcane,168,63,12.210735575840989,3,226.66036132096613
24,14,1,6,7.367774883140335,136,Rice,125,27,14.559240108994771,3,105.11878584672253
58,31,5,6,5.73095614187644,166,Sugarcane,118,65,17.183524917390006,3,46.645954229675006
26,32,3,4,8.340248706975213,502,Wheat,143,62,13.416805844305529,0,94.1967881631608
32,16,3,3,10.906857036855538,773,Maize,112,65,11.082809800502456,5,68.93890611672208
44,23,2,4,11.73670327822491,305,Wheat,110,59,12.029001544089565,1,148.21343008175347
53,29,4,3,9.985662573822996,440,Maize,148,75,15.54613656657924,6,88.57317386314672
11,12,2,4,4.044983090170899,933,Wheat,86,46,15.200111581060012,5,29.9011678485831
5,15,2,4,5.077606083727649,151,Wheat,53,39,15.484154016865514,1,44.62640560612914
36,1,4,3,4.610191891510926,525,Maize,105,97,15.432968902773425,4,15.297895152037317
17,16,5,6,4.809709943951078,308,Maize,92,76,17.204588986899616,0,17.878133450082913
34,31,5,2,7.064279648158201,613,Maize,70,31,15.640051458394751,1,47.706004651929504
27,7,4,6,6.707946518629022,740,Cotton,107,42,16.554370861230552,1,10.934951585017332
55,2,4,2,4.9094798501464805,277,Wheat,193,31,13.73711650616023,2,12.400003043023936
23,11,3,3,11.057882812913991,775,Cotton,102,63,14.44171386741776,5,44.77990337126701
36,19,3,5,8.923420610658882,964,Cotton,67,58,17.677194740192526,2,70.37789283142801
34,15,3,6,10.371706471651592,121,Sugarcane,106,61,16.70300875984755,0,64.39849150577152
33,13,3,4,6.972395110843447,468,Cotton,144,67,15.773602406366273,0,35.27666035883327
53,15,1,6,7.281888130300543,838,Cotton,172,86,14.855146423443877,1,133.67907331950838
49,32,1,3,6.540969684293824,181,Maize,81,54,11.585182377761537,2,230.06931419125917
33,29,5,5,7.507412896787929,263,Maize,161,56,13.481255637554632,2,46.78323474423951
34,11,1,5,8.883018098840429,476,Rice,68,59,8.551281884729365,1,114.27128077475302
20,14,1,6,7.9438720627219315,102,Wheat,133,35,12.161667496041844,6,119.2311007214588
44,17,3,6,10.703336049507602,783,Cotton,97,67,9.11896417734981,1,70.70832709312387
23,27,3,6,11.201113348878593,217,Cotton,123,37,15.286395359115408,4,101.18564856709025
22,22,4,3,7.757470826940794,755,Wheat,159,37,16.923176371198863,3,52.60625327814912
5,13,3,2,5.917983842789195,863,Maize,131,33,9.74082995689208,5,23.751586896313736
18,29,4,2,11.561539355674471,494,Maize,64,95,10.45683383799847,0,91.79883184182457
55,32,4,4,9.88030914440738,365,Wheat,195,61,16.56980942553308,0,89.12937338766875
51,14,1,3,9.12101668843104,534,Wheat,80,21,13.858321753985994,4,148.22877152663762
54,6,3,5,9.963309868991807,781,Maize,192,72,13.883088828251491,6,39.80395608976614
6,14,1,4,4.607854259175383,824,Wheat,151,79,13.628763646458568,2,72.67424688748886
58,37,3,5,4.54101062110138,892,Maize,64,54,10.182607607252216,5,77.90300347877005
32,10,1,5,5.224965220647899,326,Wheat,114,83,10.433030152004171,6,63.66396343185165
53,28,1,6,5.1796077395242595,475,Maize,154,52,17.496431154787686,3,162.07974806573856
54,30,1,5,7.365363798795236,361,Rice,124,60,15.234701521068022,6,241.26796078282445
34,24,5,5,5.259232658282913,465,Maize,151,82,8.90434487065355,2,31.84372974445
42,23,1,3,10.836205154132772,866,Maize,193,23,10.229382716586123,4,264.52720347634124
55,18,2,6,8.624775447424206,527,Cotton,79,40,14.271155211808765,4,95.66512773263979
8,1,2,6,6.946095170802011,107,Maize,90,23,10.834653869239496,4,7.7856650441854525
5,21,2,4,4.556980305802137,140,Wheat,116,75,10.517336560066129,0,53.36858668007175
12,19,4,6,8.728222367673002,977,Sugarcane,66,98,10.0234799300314,0,43.85540114365336
33,32,1,2,4.932262564737011,356,Wheat,75,23,9.857268635366516,2,167.11113706580676
59,7,2,3,9.94576200322085,742,Cotton,167,23,14.133305817702373,5,52.55017799933924
43,24,4,4,10.422064773950572,663,Wheat,122,22,17.058488238817073,6,68.65189281258372
7,8,2,2,8.35181006367873,201,Rice,150,74,11.61131855969559,1,39.24753749452736
36,33,3,5,5.19682287312686,318,Sugarcane,144,88,9.215086013761718,0,69.41422573876275
14,22,5,2,10.294901789923724,343,Sugarcane,107,51,9.242993426854289,5,46.13284168696192
14,4,1,4,6.462622314074672,944,Cotton,144,77,17.33689704898645,3,37.34935437270325
23,24,5,6,5.781225142027679,402,Sugarcane,151,92,13.287354781178689,6,41.02856578891263
50,7,5,3,7.7644531281474025,469,Maize,180,86,12.662855106777537,3,19.580705689605146
38,15,3,4,11.381169931063344,950,Cotton,169,53,16.90741243950107,3,68.56147166506386
37,14,3,2,6.378986336596189,374,Rice,175,82,13.07112937348656,6,49.30812311910155
27,0,3,2,11.244628007780962,169,Sugarcane,162,29,12.805988928486064,6,8.589544325625756
59,21,4,4,4.429226469918623,146,Sugarcane,181,51,17.266525336023683,4,43.756549576678474
32,2,2,4,4.6681896401435745,216,Cotton,151,24,12.744591229539644,2,9.477803328012408
36,37,1,4,9.588488201081976,689,Sugarcane,106,48,11.909610757740035,6,368.54408365075847
54,13,3,6,5.524741291585404,616,Sugarcane,81,26,13.816621319666938,4,32.57717903418996
11,35,1,4,6.532965465573003,353,Rice,146,34,17.772315315338098,3,230.7845663637276
33,17,1,5,5.090983847844632,931,Rice,188,21,17.638290426003437,3,100.76638300873668
12,17,1,3,6.657986153060387,718,Cotton,85,29,15.756014040221038,6,114.18497431088915
5,2,3,3,6.243679951139707,855,Sugarcane,190,30,12.992808592874312,4,1.7361230469164473
59,9,3,5,9.89070111191187,272,Wheat,106,72,16.814617083697634,3,45.77536839430908
7,38,2,2,9.616187105512351,528,Cotton,139,75,12.193829783791648,3,189.17261189965194
28,0,3,2,11.639417411426923,135,Rice,181,59,14.40143044740331,2,3.8657935735559485
27,26,3,2,9.795373481384328,506,Wheat,158,77,9.79426843635772,3,94.70561247425351
12,26,1,2,9.558542024171079,515,Sugarcane,75,95,14.612876467619042,4,262.3506927550056
58,10,2,6,9.553631112501215,784,Cotton,62,87,10.761059160283507,4,68.80911115452608
51,4,5,5,11.063739645185409,511,Cotton,121,96,15.717529816548947,6,27.78899945306955
41,6,3,3,6.369893863004401,587,Rice,96,46,12.140401613139067,1,25.15761412662699
7,18,3,5,6.400736873550434,791,Maize,174,22,11.984097845466673,3,35.67511157045282
55,28,5,3,9.929710477639494,878,Maize,177,58,15.465776474475811,6,65.78127751814847
37,14,1,2,5.829641097201019,866,Maize,80,41,12.2531863916988,1,97.86298726273634
32,34,2,6,11.29616003318376,931,Cotton,165,80,15.140213572496473,6,204.69167340019814
51,36,1,4,8.278253800695088,420,Rice,193,57,16.55065560546582,6,316.6515247315493
12,11,4,4,6.400999424742654,172,Rice,105,35,9.368786346791333,5,23.015388611593412
38,29,3,2,10.20879943751986,668,Maize,123,88,12.790229959973306,4,115.9789819325238
39,19,4,2,6.498565039002369,677,Wheat,85,36,17.449115298370895,1,35.793521762680705
36,36,3,5,11.706226536574974,743,Maize,145,80,16.121814514361915,5,153.55687799182346
28,2,4,6,11.863913677799879,512,Cotton,129,94,17.736122659883044,3,18.708369030481453
18,8,5,6,9.334369935729569,871,Wheat,97,63,16.603084567520753,0,14.678088165009937
36,38,3,5,4.909071118001834,223,Rice,107,63,11.102198179190832,2,77.56119153878194
50,25,3,6,6.10567079946634,484,Sugarcane,64,60,9.79152610058529,5,67.21830072213983
47,1,4,6,8.123335697728443,703,Wheat,192,74,10.105418044448685,3,22.39988302162882
20,22,2,4,10.811579600783853,885,Rice,198,22,10.168927383229551,1,122.30373003879238
8,22,4,6,5.479091975536229,752,Wheat,113,32,8.757363948544864,1,29.474991800746032
56,20,3,2,4.835227672111459,331,Maize,184,96,17.067950929767683,6,50.47860683148708
41,15,3,4,4.595819865512285,681,Wheat,101,70,13.0254858928816,5,36.01185248683535
58,8,2,2,8.055740498880375,532,Wheat,68,73,9.012711977632275,6,51.15432436856858
25,12,1,2,11.077607756757647,590,Wheat,174,37,15.626416068033857,1,145.22793954003134
18,27,2,5,4.338873941151139,786,Cotton,135,59,11.2564073210132,5,60.96393670434993
35,26,1,6,5.698572271948277,970,Cotton,87,29,8.710375078253051,4,151.082689330608
59,16,3,6,9.546056126716014,185,Maize,190,60,9.897565576550328,3,69.47532169214219
52,37,5,6,10.606907481149722,864,Sugarcane,93,63,14.575498251634972,1,90.60248911013944
22,35,5,6,10.459196234393357,129,Cotton,199,27,15.94006295597741,0,70.20863275118336
11,0,4,4,10.280544458562648,766,Sugarcane,84,55,10.536767105463117,3,1.1169563761766255
14,17,2,3,5.03839840650672,299,Cotton,180,75,13.77058270825001,4,44.66847594166903
11,8,2,2,7.177900657463348,974,Rice,160,33,8.008725578125903,6,36.027413426396265
37,12,5,3,11.877957302653972,255,Rice,193,48,10.783874706068934,3,32.05070784113569
27,39,1,3,11.911100572704704,856,Wheat,193,26,9.816338218415286,5,476.3585283792909
25,14,2,3,8.819419135633503,997,Sugarcane,151,61,8.76546224649375,5,67.88448804278934
23,3,1,4,9.674137637769075,631,Wheat,130,49,12.838952984103832,4,34.778117986281416
52,32,1,3,11.610270370282473,814,Wheat,73,93,14.310155148322025,4,391.60992252410716
23,23,1,4,7.599422889929683,945,Cotton,157,66,8.463763536567537,2,186.41215187893076
40,35,1,5,5.094934863070346,251,Cotton,106,53,9.378911791953705,2,196.33528809442086
33,9,4,5,9.351591004128625,176,Wheat,172,81,17.322911787614352,0,35.76600941466435
22,35,4,5,11.680818439204188,427,Cotton,105,35,10.23112843168106,1,107.52938854746596
6,19,5,4,9.577648750930354,271,Rice,135,93,15.599877465540075,6,33.26335366107902
5,10,4,4,10.426569016189902,504,Rice,115,48,15.477349949924449,3,23.777822939181778
51,11,2,2,7.381990431764921,505,Sugarcane,127,34,11.215825023761465,1,53.81181964903575
9,17,4,3,4.771705233158809,940,Rice,141,70,10.041168992466266,3,21.732987630463537
24,29,2,6,5.3510566924138665,861,Wheat,126,75,10.439505536157265,0,89.43261500520174
15,36,2,6,11.861238635483817,797,Maize,151,61,13.658989669835695,0,217.78637198101794
46,19,1,3,7.9454745359543,461,Cotton,130,39,11.811590204199494,3,172.57997679286285
6,24,5,6,4.096164721417999,227,Wheat,122,66,12.955653582353706,4,16.781451343856784
7,11,1,6,11.64293824584939,974,Cotton,111,83,16.11612483163691,2,138.71782004042754
27,20,1,6,7.982239295768424,622,Sugarcane,63,21,13.022963847963366,6,163.46508989520458
59,24,4,4,10.690147186334702,435,Wheat,70,51,17.952289257384756,3,84.8760441613371
16,10,4,4,8.387665136295148,853,Wheat,79,73,14.658338038175092,4,27.08416166180697
24,8,2,4,4.813618269398089,792,Wheat,74,61,10.072476581252065,3,27.661659680639616
9,24,4,3,8.924556657055573,364,Sugarcane,148,49,12.995187821232678,3,54.211487788834305
41,34,4,5,11.979202210556874,294,Wheat,183,28,16.134177219636644,5,110.21796157690524
42,31,3,6,4.277902261167545,857,Cotton,180,38,10.18301534889503,3,55.183261680310835
34,13,2,2,10.734353580120352,199,Maize,161,25,15.294221386435478,3,77.65165539543328
13,0,2,4,5.88384636520612,663,Wheat,160,91,8.334490341908788,3,5.222533438840404
38,16,3,2,7.150929781697485,470,Sugarcane,178,77,17.426338313999594,6,55.97374805106687
57,24,2,6,6.981676094183163,996,Sugarcane,114,20,14.633617494144463,4,99.44473566000244
48,7,5,5,11.190377554152956,527,Wheat,75,32,9.625703042015807,0,20.972796283820674
39,4,5,2,8.035889510654705,686,Sugarcane,67,25,16.74294699378396,5,9.810263573574291
56,4,3,6,7.57739429467542,232,Rice,183,48,8.818206808890107,2,29.209374818897803
26,34,4,6,10.544200870694212,355,Sugarcane,89,85,12.059289636462212,2,101.62050851088837
48,18,5,4,4.391257074439582,549,Maize,79,93,15.369493395994335,4,28.65334593624512
28,22,3,5,4.69165052076179,820,Rice,127,50,17.37406627363265,4,40.156429419380224
21,8,5,6,4.173510855010314,503,Cotton,123,91,11.48810266839227,3,10.620554320916998
14,29,1,5,9.503863232060406,754,Rice,80,60,16.305112309634005,6,286.9284117864538
34,15,3,4,8.20492909663345,679,Maize,128,58,9.967522576652707,0,54.92009715845975
50,32,2,2,11.008177006946262,153,Rice,97,76,8.351103691647836,5,193.9607559741864
27,1,5,3,7.988263223780845,878,Wheat,127,47,8.287609832925487,0,6.3124337278641995
36,13,2,3,5.774556582095953,506,Sugarcane,160,50,14.581704912143994,1,48.35919742408811
21,0,3,3,10.441178984835329,484,Wheat,136,32,9.542073059355735,6,1.0
54,25,5,5,6.354590833860983,341,Wheat,66,90,8.503243103897269,0,48.7900688114875
55,24,2,3,11.485518257217672,146,Wheat,76,70,17.76747525831631,6,156.84420858220747
21,15,4,2,6.003391102817924,214,Rice,157,84,10.420122683296789,6,28.798855586510903
18,14,4,6,5.3417652229622945,807,Cotton,175,64,12.62554482979551,3,24.901607774073558
13,25,1,5,7.946591932085503,905,Sugarcane,191,72,14.130811391199174,1,203.75556904570402
44,15,3,2,4.404120943761947,229,Rice,178,76,9.444560366243119,4,30.442768566501034
6,13,2,5,4.291293827860941,656,Wheat,73,45,11.571688606886351,6,31.294161961102912
49,28,1,5,7.968116362043664,254,Maize,197,35,14.477068447684706,3,244.38433060574914
29,23,3,5,5.7208550463583006,594,Maize,57,31,14.397617174746266,5,52.55881871426048
43,14,4,4,4.07482110716145,928,Wheat,79,35,16.420573087367014,5,20.374100782947732
13,18,2,6,6.3684552914521735,181,Cotton,175,73,12.374224327547545,5,65.35120593378265
58,7,5,3,7.818938830772735,878,Sugarcane,67,71,16.89827625552956,6,26.995212577092836
26,33,4,4,7.154309611683385,768,Rice,126,90,14.821927355252345,6,69.52610546273897
47,1,5,6,5.083755729283385,124,Cotton,171,95,13.621051949014577,1,12.834469407231191
50,26,5,3,8.63739862265582,433,Maize,175,43,9.171368260604144,3,52.40486572127437
8,9,2,4,9.682663929181096,281,Wheat,160,77,13.74703912142932,4,42.70155083140876
30,34,2,4,9.404313297306363,531,Rice,132,58,13.946720178062785,1,171.34285300808853
33,22,5,2,7.15009537026618,273,Cotton,190,88,15.58804382860636,3,42.45215844856776
49,7,1,4,5.100769209368912,908,Cotton,173,20,15.191390674835223,2,53.32146892161116
38,27,5,5,7.995894187925781,140,Cotton,186,90,13.29980179345955,4,50.2564175944694
27,22,5,4,11.12345403949666,544,Rice,147,80,13.928291713896664,1,54.849677220557666
41,3,2,5,7.749782791529863,968,Sugarcane,102,67,15.723427120347177,2,26.349278834466077
15,13,3,6,5.565448397932701,494,Rice,144,81,11.51440262136801,2,28.136962390071965
10,28,4,6,4.744426424749843,387,Wheat,171,23,9.349711156005275,1,33.62180322448607
22,0,2,5,11.551413104791036,660,Rice,155,99,16.74299380502617,0,12.489513882074977
25,3,1,2,9.944075271015318,361,Cotton,120,88,17.65018775220905,0,42.61101295808609
46,31,4,2,6.503735781603859,855,Sugarcane,186,88,12.293048387340946,3,68.40460712544308
40,32,2,6,6.362819249641396,156,Sugarcane,153,71,17.90309789277693,1,118.76474773948192
45,25,2,4,11.161747893780781,105,Wheat,164,65,11.226949148337013,6,153.48603682060022
42,16,3,6,5.420545878477209,658,Wheat,170,36,8.665740940907305,1,33.874140508055326
38,38,1,6,8.280298317252356,674,Maize,181,49,13.724595811887514,2,326.6250492083157
21,22,1,5,9.708034201434412,678,Maize,103,68,16.682006845469477,2,224.98610822820163
41,31,2,2,7.171122815725517,794,Maize,147,70,14.174818182363937,6,124.91404867444264
29,14,3,5,4.319218740344708,261,Rice,98,52,8.094271482435932,6,24.49883211489296
42,12,2,6,5.8220705097561725,396,Sugarcane,153,77,8.118326814165286,5,50.47602191214022
16,1,5,3,11.214465099538991,716,Wheat,161,58,15.243510728644193,2,1.0
27,18,5,4,8.184951734716435,874,Maize,183,90,16.453429957141314,4,38.2151164212692
57,23,3,6,10.52352997190376,156,Wheat,82,56,10.530367091228257,0,103.6446543544225
46,23,2,5,8.445484342324939,627,Maize,182,90,12.70131056762586,3,117.70647544360948
26,10,3,3,11.548816765698426,158,Rice,195,34,17.61090900487473,3,47.56641860944715
25,21,2,3,11.273072604454761,265,Rice,180,80,12.605740836098967,1,127.87545157948122
31,14,2,6,7.863104336083215,861,Cotton,147,29,9.35814099408013,2,62.15110365462509
35,9,5,2,6.546192203490795,645,Wheat,171,39,17.11653006671883,6,12.578265760091647
10,26,4,3,8.813350298764881,145,Cotton,51,28,12.95167669194432,6,56.834991957941504
31,8,1,4,9.399101453355788,910,Rice,114,89,11.44306942048876,1,94.48944838333259
44,27,1,5,7.986840738405053,146,Rice,84,39,8.974327224060191,0,228.8425204949428
38,0,3,5,10.578265768760755,489,Wheat,117,83,12.582682970757897,6,14.306661658634198
16,16,1,5,5.466628174279062,351,Cotton,84,26,15.696727690606185,4,88.3750747547228
49,30,5,6,6.675294644992259,265,Cotton,121,83,15.171843434380811,6,52.524802592061285
57,9,4,5,9.491010858931624,467,Cotton,78,67,12.96587650309601,6,34.59651738428828
11,36,2,5,5.973470923100458,478,Wheat,127,66,15.195353460261572,0,113.79917547776934
14,28,2,4,7.518757957469071,416,Wheat,91,83,11.507605683811729,1,115.5304640332832
49,17,5,2,11.709868373026342,231,Wheat,162,86,15.352682025301956,2,50.242593586365594
21,37,1,6,9.007007781492593,488,Sugarcane,143,64,8.857341582503585,1,339.89563046626904
30,38,2,6,11.592457877129005,681,Rice,163,36,9.99234033414874,2,228.5768406148778
25,5,1,5,9.779531225988606,671,Sugarcane,56,70,16.777233221329368,2,61.19321848203831
32,39,5,4,9.797334157337383,816,Sugarcane,190,62,10.936554069642582,6,81.84252893711408
50,11,2,3,8.734857389521645,849,Rice,71,85,10.059413944676272,6,63.731656633699295
6,13,3,5,5.1376687585178145,955,Maize,106,95,8.890025881351455,5,23.793836666236754
58,9,4,5,8.157714327090302,447,Maize,51,32,11.929549943963828,1,31.666330120995426
47,19,1,6,6.021329604027768,944,Maize,106,95,8.669820750092867,4,130.5417245481214
5,14,1,6,11.989380434810242,717,Wheat,167,46,12.969804599549507,5,168.2566827815418
55,30,1,5,6.135695520809764,596,Wheat,133,66,17.192047369666263,1,210.29293911332155
57,6,1,6,5.845486747691588,795,Cotton,124,59,15.87134345195103,0,54.373012354889475
40,9,5,4,8.991065240992356,949,Cotton,83,88,8.406737696640153,0,22.58443984090579
55,9,5,3,8.087590505757042,610,Sugarcane,93,51,10.99758164104931,6,22.240009897321464
30,38,5,3,4.170823306036113,618,Cotton,118,64,9.876442829679863,3,40.679934056782905
33,27,5,3,5.036265431939759,551,Wheat,102,99,8.669398551536089,0,34.814627277701376
25,29,2,5,10.4883435346201,642,Sugarcane,143,93,9.08640547979658,5,164.2595933970524
15,36,5,5,7.869535641180485,315,Cotton,82,56,17.08144372562899,0,55.287435826632944
44,2,2,5,5.168121718584115,569,Cotton,125,34,11.100832150637972,6,13.25790928692633
15,14,3,4,7.721940502685869,952,Maize,118,94,11.922238762285959,1,39.23297555100333
40,20,5,3,6.0251926646592295,403,Wheat,178,28,12.857008683216964,6,30.118538251280782
53,36,3,6,5.78873168889875,397,Sugarcane,74,74,15.449290981477144,1,83.07784443836172
43,11,5,6,11.661802211560836,445,Rice,181,28,15.983704740855817,4,38.0055305061014
44,3,3,2,6.896196214861928,385,Cotton,122,83,17.637295428719316,0,17.827445956193316
39,8,4,2,4.371448837378713,984,Wheat,167,60,10.106780706141182,4,14.80987168099163
58,38,3,6,11.762613381098422,225,Sugarcane,162,34,11.010661784754735,4,165.14566965769154
38,27,2,3,10.358716598177264,150,Wheat,164,55,11.129607152148774,0,153.1138415473905
59,22,1,5,6.035306452513268,518,Wheat,174,55,12.452587933096666,1,157.82756234778603
51,39,3,6,7.271134677643131,801,Sugarcane,143,84,16.0740435142375,2,113.57982757134451
28,21,1,6,10.898316596761028,150,Maize,176,47,10.39456085531082,6,243.36659858767516
58,23,4,2,6.859308154586194,570,Maize,187,52,15.829217665629821,2,58.84096123588378
26,25,4,3,8.539232336052791,475,Cotton,197,84,10.040400183785144,2,60.630121074396925
9,29,2,6,8.278854957316902,464,Maize,89,73,15.10147617197332,4,120.31516346023672
37,32,2,5,7.210356389030397,331,Cotton,124,25,15.99001319849678,6,129.3337294356963
40,15,3,5,9.11601521450973,789,Cotton,64,94,16.53783740814462,2,63.78223882383724
51,21,5,4,7.7863258984150905,769,Sugarcane,165,67,13.102855414405925,5,46.25972284491465
24,17,4,5,4.169843933391783,758,Wheat,157,88,11.287149866388733,3,30.11342280319654
23,6,1,6,10.5150648611835,579,Rice,84,93,15.72384233334759,3,77.04870190105532
39,25,5,6,4.905246262029754,405,Rice,56,47,11.209164571603413,5,29.12925078800322
56,7,4,5,7.712719447130907,537,Maize,87,35,9.480887761814003,4,29.06533291003953
47,5,3,2,8.639206327419977,350,Sugarcane,113,45,16.34686448695626,1,27.7894234731747
21,29,4,3,9.644048433546327,950,Rice,106,69,12.112409297570313,0,74.44301229021936
49,38,2,6,7.286372282303596,441,Wheat,157,73,13.708337663416273,6,161.00708116860582
47,22,1,5,9.884387896244252,231,Cotton,173,97,17.18444046401985,6,243.26531766135037
38,31,1,5,5.050800677748562,848,Cotton,132,32,9.357966212342273,4,167.48608537067568
13,21,2,6,9.227564386166232,623,Sugarcane,183,84,13.571838964455829,2,100.80629628092235
30,8,5,4,10.610711420685623,754,Maize,130,54,13.58764591648096,0,18.464667307592684
6,30,2,3,11.11555178270001,605,Wheat,51,98,16.618913057982564,5,172.56588080875463
57,6,1,6,8.636531967631115,498,Maize,183,48,11.412589723236565,1,70.25115844959349
13,8,3,5,6.503161584600298,217,Maize,63,50,12.012140896539307,2,21.05724692334886
13,12,5,4,5.306852093709011,160,Sugarcane,195,31,13.192931618447624,5,18.879335732713894
44,2,4,6,6.764470023019559,280,Cotton,119,88,9.671999822447756,3,20.420754393564074
21,34,3,3,8.319794985235518,412,Maize,125,51,12.706613944326762,3,103.3550757677414
5,32,5,4,5.570641791932484,364,Maize,199,29,12.36081794230267,4,29.963628316431404
29,20,1,5,11.620119245544743,128,Wheat,127,24,9.973944750166279,1,242.18771956067803
47,30,1,2,11.177083430983275,362,Cotton,62,46,16.330225187976914,6,353.55214013402616
44,33,3,3,4.26365755892345,811,Maize,122,58,12.31033761720837,6,63.52284866208799
46,31,5,4,8.49569438584311,716,Rice,163,40,11.060659105184806,4,63.39120343426418
29,34,4,6,10.314470321972905,690,Rice,155,35,9.303742366021925,5,93.98823119691139
43,14,4,6,5.963135679472056,755,Cotton,59,48,8.89747794370283,1,28.645461286134513
39,31,2,4,8.19116985914195,810,Cotton,76,98,17.602268933900127,4,139.3537247742827
7,5,3,6,7.247935059275032,717,Sugarcane,63,90,17.95153438057001,0,20.76421908150777
54,20,5,4,5.572370113744611,438,Maize,58,33,16.97925383803193,4,33.98555941920972
41,32,3,3,8.91789907100658,521,Rice,186,60,12.586314321404483,6,105.53104678406025
48,31,4,6,11.949537403254649,188,Rice,154,93,16.079157598120858,6,115.02709808420343
48,18,5,3,6.922298082239559,431,Cotton,84,60,16.34282198591209,0,32.78732512828287
55,32,1,5,8.419032066115737,530,Cotton,158,63,10.99809210640582,1,290.10364551286455
34,27,1,5,6.622837452972004,877,Wheat,155,92,13.860290501688901,0,195.48352935875081
42,30,5,5,11.015588934419975,862,Wheat,170,35,17.56822016758776,0,70.14834810551288
38,20,3,5,10.916821603389545,251,Cotton,116,43,10.800678001993395,4,80.93822285021831
16,33,3,6,5.430187103583762,917,Wheat,79,40,14.628863741985809,0,60.66814745290009
23,14,1,4,11.199590993904486,807,Cotton,78,78,14.625411251474501,2,167.32394247393995
41,13,1,6,5.212069688448537,225,Cotton,133,58,12.52670651838545,2,85.52886681222967
48,18,4,6,4.763519677002674,142,Sugarcane,117,90,12.903288552527378,1,39.40488652067705
53,14,5,3,9.223476925612255,520,Wheat,63,26,12.563825122900557,2,32.427466548010024
21,5,3,4,7.08723284695916,784,Maize,158,47,13.210769230149662,4,15.309678526865449
14,8,4,2,8.245924747694966,589,Maize,88,70,9.487777959951552,0,20.829707870671808
59,36,3,2,9.220566255499708,665,Sugarcane,70,54,15.947471119950123,0,128.47169675908853
53,19,1,4,4.422697902343879,352,Maize,120,77,14.610751127809227,1,106.02539793154165
51,33,5,2,6.343625368727947,910,Maize,55,29,17.73822273291239,6,50.666443921638205
16,37,2,4,7.687250494150937,807,Sugarcane,89,57,10.45643189073112,0,150.53998375327228
20,25,5,3,6.132699278447455,583,Rice,181,51,9.459682430742786,0,35.07365950724596
28,17,2,3,4.391771074284168,392,Sugarcane,138,81,11.425540658624918,0,48.18090677661195
23,27,4,6,4.693412585848427,316,Sugarcane,71,69,13.097414031485059,1,38.49346111095454
12,8,2,2,10.413982950029869,268,Wheat,105,60,10.050095544343081,2,45.794554381224316
35,31,2,4,11.291094073703409,833,Maize,95,66,12.606010310719117,5,182.1552747903873
25,5,4,3,5.217866419443591,739,Maize,169,21,14.426132477143694,2,5.433856167708109
21,13,5,6,5.994095658331886,484,Rice,139,61,8.561712951254025,3,23.35136227013394
27,27,4,2,9.217995237848557,960,Sugarcane,165,23,15.58029863184668,4,67.68899583380083
41,23,1,2,11.634174208739577,115,Cotton,193,20,17.397112806630297,3,273.8566784151309
58,12,1,2,6.396717673066169,136,Rice,153,41,10.682482149232154,1,94.18357210321017
20,11,2,3,10.84170900988801,520,Rice,197,30,15.762223716519781,1,64.11642540680978
10,18,4,3,8.048197155603011,395,Maize,64,30,12.179342612335002,5,34.3236001652257
12,20,4,2,11.652469112646244,534,Maize,159,33,14.64432661897985,2,55.47686352893269
29,26,4,3,5.09006929942553,419,Maize,73,92,15.430160700801279,5,45.34736269539928
22,18,5,2,11.789379185663892,836,Maize,129,78,10.9497364929103,5,51.41613687400336
29,23,3,5,7.527829022636064,725,Rice,93,37,15.873975953966012,0,67.50819370129392
16,25,3,3,11.623507123410093,633,Sugarcane,191,80,9.051113352417712,3,102.02138163283688
19,27,3,4,7.669521736412154,398,Maize,122,43,17.86724847758221,1,68.90969396228375
30,17,5,3,8.240657072964625,673,Wheat,159,46,11.370249849613472,4,33.42732768232176
45,35,4,2,10.438200078218568,793,Rice,199,54,10.238027652774965,3,97.77160521671041
49,28,3,4,9.781028005915152,896,Cotton,129,87,9.38654045692693,4,110.89256372314843
30,16,4,6,8.956826563338284,115,Cotton,164,41,16.121821253323727,5,45.207021459491614
51,3,2,4,7.335840188716448,494,Sugarcane,74,30,13.858903733500668,4,26.855714423843633
36,28,3,4,10.339506939196847,376,Rice,72,90,17.516702970454464,6,107.06230847287651
14,3,2,3,11.585826666314563,748,Rice,86,77,14.476783904656191,2,22.33725419197227
20,9,5,4,4.078487175544215,382,Rice,52,95,11.405929847184362,2,13.03807461808932
11,24,1,4,8.70276077162129,738,Wheat,109,23,16.364125340085607,4,217.7965173022741
21,30,5,2,10.927847431826788,185,Wheat,108,85,10.81235041236815,3,70.79123723518269
27,2,5,3,9.224900298764458,306,Maize,82,84,10.908406853803468,2,6.837245944456416
30,1,5,2,10.406634062666694,974,Cotton,88,37,8.282800893553798,3,4.444211121976651
25,24,3,3,11.160488830791884,762,Wheat,112,78,10.52022689127063,2,104.91954042585496
26,5,2,6,10.007608126824463,662,Cotton,138,42,10.614342183043924,0,28.59560253098224
11,25,3,4,9.736139210918129,576,Rice,152,23,10.97521507598966,1,84.79838350538208
18,7,1,3,11.717967130911347,842,Wheat,134,72,11.686285993525642,0,91.62635525438958
19,34,5,4,10.909477263132581,691,Cotton,98,59,13.76673982820132,0,77.23652679331738
57,26,4,4,10.52302295666219,230,Wheat,152,59,10.163910201315154,1,86.19593089177948
11,24,1,5,4.691226883775009,499,Rice,158,70,14.36761017048091,2,118.6552109124455
13,17,2,2,5.912239065115343,235,Rice,120,28,9.333150593227234,2,56.475886542854916
55,0,1,3,8.454048194600716,445,Rice,140,42,17.309108979514896,0,20.177900215168414
52,38,3,6,9.67648083979851,269,Maize,126,32,8.261102354863059,2,139.50561384260908
12,2,4,5,6.425719146403815,262,Cotton,136,20,17.081978890347997,4,2.0256690486926043
54,3,3,2,4.746624904966587,298,Maize,57,95,13.472002596471889,4,30.20567487444132
27,36,5,6,6.488793494521982,838,Sugarcane,62,29,15.100453452462073,2,42.78139991523338
33,14,5,6,10.168233444644153,147,Sugarcane,75,46,10.983427308884002,4,35.07657651887941
22,7,1,4,11.019208234730986,921,Wheat,187,38,9.737987849044762,6,86.38270711937204
35,37,5,2,11.303229186754741,864,Wheat,140,41,17.472947088465332,1,85.04931230722781
34,18,5,5,7.030933433153182,593,Wheat,105,30,12.41003817746717,0,32.42452214927864
56,25,2,3,6.980308598881572,202,Maize,181,94,12.80512901356271,2,106.15787834106526
43,38,2,3,7.253659767774328,647,Rice,155,35,17.85678404316331,5,152.37112667496342
39,9,3,5,7.006475755371582,105,Wheat,80,48,11.360687989823596,0,30.34849916947333
22,37,3,4,9.329572860057677,810,Wheat,66,49,9.001916020005023,1,127.42712002279337
46,13,2,4,6.866586097055942,111,Sugarcane,185,30,13.869142228630496,0,59.337276625484165
43,18,1,6,4.162751492913967,202,Rice,86,76,13.54807581019607,2,95.40936022458237
21,29,2,2,7.512196805502974,798,Maize,174,84,15.731043679123186,1,124.60688515888215
18,4,3,6,5.793216529428702,932,Rice,197,25,17.550780955043773,5,9.716013011268
35,30,4,3,4.23045710227696,789,Sugarcane,96,96,11.07674376722935,1,45.41415699782864
28,6,5,5,7.766743612272386,526,Maize,100,54,15.217964475205392,6,9.223266516573082
39,18,4,2,5.647636473586345,270,Cotton,163,78,12.345030728729892,4,37.085246187882476
48,30,4,5,7.621934518717873,788,Wheat,107,33,15.837727896100272,2,67.15466976874052
49,38,5,2,6.221999892882292,188,Maize,93,62,9.64276962621241,1,52.55435107813147
38,23,2,3,8.829670962243465,815,Sugarcane,147,65,13.00856417164145,1,116.85298920308416
7,33,1,3,11.927019094991675,538,Rice,60,41,8.771869278692137,5,401.9543038907161
41,22,4,2,8.37785536569332,446,Maize,61,79,13.611745292023492,6,60.92911350432327
47,39,1,4,9.17516733514216,954,Sugarcane,187,21,9.689736092247864,5,375.92650248950537
44,5,3,2,11.35420606200961,310,Maize,103,88,17.60045069716461,0,37.02458525552248
30,37,4,3,6.992003341800733,824,Wheat,83,34,13.543303316016042,4,69.26780131915409
59,35,3,5,5.332387598284664,533,Rice,192,69,13.293745882884103,6,75.39149964189049
27,26,2,6,6.262378263444426,632,Rice,185,75,17.72330723685358,0,90.40576898237548
48,10,4,5,7.222359525716394,699,Maize,149,82,12.984152867767552,6,32.96507240340661
43,4,3,3,9.160141450046705,624,Sugarcane,71,54,14.767264640446134,6,22.876373991802414
19,16,3,5,4.036704235437768,525,Wheat,54,45,8.466815289802728,1,22.990689105290024
53,6,2,4,10.827065718135874,219,Wheat,69,46,15.083388155935584,6,57.121006534422506
8,26,1,4,4.608751784398644,277,Maize,167,38,9.043103737852656,1,128.34785680383922
33,14,1,2,11.205241191348403,228,Cotton,98,56,15.802346294801989,0,176.93606794854105
26,12,4,5,11.595476169639191,662,Maize,168,55,16.76845832545316,0,38.51677811427305
29,10,2,5,11.920822352897073,517,Wheat,196,59,11.154678685644212,1,69.95186663116044
17,25,4,3,10.476081475255022,653,Rice,191,82,16.78130014050619,1,69.60048124521522
22,21,1,2,5.134844207521221,417,Maize,56,58,12.826367415561336,4,112.51047639972194
37,27,2,2,9.64933634580149,706,Maize,129,31,13.715760811861253,6,141.74922615268457
20,23,5,5,5.626570324865412,341,Rice,59,63,12.109828710862882,1,26.793529676091115
49,28,2,6,11.177022684643232,455,Maize,156,99,12.765421274622126,5,175.55126942303562
46,8,2,5,6.532847405242758,672,Sugarcane,199,67,17.082708970170565,1,40.31341439957162
48,3,5,5,6.614367816600329,960,Rice,182,98,17.472944031734087,2,17.987877235796347
6,17,3,5,11.341226367318933,537,Rice,73,52,12.458689420915572,6,67.60000233072681
59,15,3,4,4.1058485662696365,557,Rice,192,98,13.143614727662008,3,39.207343673357904
39,32,3,2,5.551729211868558,541,Wheat,137,51,9.161749835467173,3,68.98843991626087
46,28,1,4,7.3754581325076405,327,Maize,104,41,11.256211439023975,1,221.64580642135218
38,38,2,6,9.605772538481544,507,Cotton,147,25,13.132371789178942,4,192.00734095580228
34,9,5,3,9.180529328357883,376,Maize,195,49,10.025827500978544,2,19.125453721343266
59,8,1,6,9.355295001337193,117,Maize,183,36,13.765332640354384,1,95.7652195980859
17,30,5,2,11.040176227285313,855,Wheat,74,21,14.852832338430005,2,63.479734773717354
17,27,1,3,4.968243298346053,410,Sugarcane,193,99,14.499600454817132,0,146.32453088332366
22,2,1,6,8.177293569750162,423,Sugarcane,78,74,12.425124929882939,6,29.574214348112605
36,13,1,2,9.803821512819908,146,Wheat,113,31,15.693191205602291,4,138.97910921417747
36,24,5,6,9.088947543393317,921,Wheat,178,31,11.195224107913408,3,45.04764656444184
39,14,4,3,7.58651295951414,629,Wheat,173,70,12.6927693441615,2,38.090578262734695
43,1,1,3,4.136916686977312,995,Maize,158,67,10.701548882638084,5,22.121604299906455
50,23,3,6,4.483618125183077,812,Wheat,75,58,14.036285900656576,5,43.35257951648973
56,13,2,4,4.951530614830693,599,Cotton,134,89,12.4070703324862,1,56.86733927702433
33,6,4,6,6.745822022682908,864,Rice,99,20,10.17112746549553,0,10.281607410817141
53,35,4,6,4.941227621337175,291,Sugarcane,149,35,11.081849548609096,4,54.64287604470583
33,23,5,6,7.408658504500867,148,Cotton,129,65,10.794680768472565,6,39.294247794406445
57,26,4,4,5.429135924684635,193,Sugarcane,78,82,17.109127196543326,5,53.10546696565966
48,36,5,5,10.233329580209649,848,Maize,184,78,13.21954275445835,2,84.34604780770383
20,37,5,3,10.971900933697725,833,Maize,111,66,14.526558384621577,0,84.65889100047383
48,29,3,2,7.117180063745407,266,Wheat,120,35,17.347337737018538,5,84.62135695692429
51,26,1,3,8.090654122525109,593,Sugarcane,176,65,9.822177952690028,2,228.65871515861554
14,38,4,3,11.627969932487533,353,Maize,83,99,17.36893757197679,2,115.3947541918091
34,14,1,5,8.284062042788964,156,Maize,182,58,13.396372099186767,6,127.87564767140346
29,25,1,3,11.9605857267474,105,Sugarcane,166,69,16.562142092532525,2,313.56442972299993
43,0,1,3,5.137047949536437,337,Maize,57,68,9.679955549004193,4,16.91794348730086
24,3,5,4,10.897811364773588,832,Wheat,92,45,10.729358792121277,4,8.595355769451652
9,28,1,4,7.977624021383723,323,Maize,123,52,9.941710295774126,3,225.76428075526724
5,0,4,4,4.181712889997345,689,Cotton,50,39,14.534217837378403,2,1.0
34,21,5,4,11.777783531514789,119,Cotton,87,96,9.407614025459004,0,53.904981433056754
53,10,4,4,11.720383197946862,917,Wheat,56,91,15.925225513932528,5,47.827462085605376
7,9,5,2,7.066166721463097,876,Cotton,130,60,10.504362911641989,1,8.847762778660996
49,16,2,5,11.633136568687238,303,Maize,73,30,10.554754619794963,2,105.56414393075895
18,35,2,6,5.128077137908366,241,Cotton,84,74,10.811212963909718,3,98.91778303203584
34,25,2,4,9.440881128965458,475,Cotton,91,66,15.463880954500151,5,127.63689666446477
54,20,2,5,5.535431895102676,506,Maize,93,97,17.242159516096688,5,74.17014355279004
8,12,5,6,5.973177890678621,915,Sugarcane,53,69,17.07510014160477,6,20.82159351616306
22,8,1,3,10.234699497620843,179,Wheat,157,42,9.01254221010725,4,90.62799469012566
41,10,3,3,7.01886467652236,309,Sugarcane,168,80,10.62436903308678,3,40.48215698569267
29,10,3,5,4.057020022628969,867,Sugarcane,126,26,14.721819659232786,3,16.852327850419883
52,5,2,2,7.313907393564756,411,Cotton,73,34,14.185506407577828,2,32.75173837428652
5,0,1,2,5.824554565063676,476,Rice,120,98,11.500290649055664,2,7.100842259023994
57,5,4,5,9.46663930846633,139,Sugarcane,196,28,16.62843323414652,0,27.882651785612744
50,12,1,2,5.555589573788002,452,Maize,172,56,9.30466275118536,0,86.03979986574525
19,21,4,2,10.738028227491807,552,Maize,140,78,14.390318780852127,3,60.78535278893893
13,30,3,3,6.136744096865314,522,Maize,195,47,10.730844756913712,0,65.5520654155567
19,21,1,2,7.1442260662641095,813,Rice,143,25,13.271746220517311,5,154.2240361887416
53,36,1,2,6.384294886376784,185,Rice,122,29,11.874865704491844,0,242.6942107702909
28,26,3,5,9.151386782474926,654,Wheat,152,34,17.79735099427626,1,88.53774772252233
8,13,1,2,4.809308329811174,335,Rice,152,23,12.866922737745972,0,64.50868720318125
16,4,4,4,7.824794981585953,989,Wheat,134,77,17.760933927893966,3,13.445376048820103
41,35,1,4,6.675638521720465,514,Maize,151,34,10.550209167103672,2,246.52701571760971
41,31,4,5,11.073103706306519,681,Rice,184,56,15.679409322815422,4,96.91666840366238
47,33,2,4,4.587296748595139,455,Cotton,94,21,15.170581251923094,2,82.05368432464333
10,6,1,3,10.637560519462838,742,Cotton,138,66,16.47645287462101,3,69.03974217616177
43,9,4,5,5.341443812239273,743,Cotton,119,47,14.93607463759065,6,16.159685194376866
50,16,3,2,4.708621279439641,347,Rice,98,88,14.823590981205424,4,47.90901870094571
28,29,2,4,5.618582864984064,766,Rice,168,92,14.60707757278617,5,95.51816771586996
15,20,1,3,4.821223856094483,841,Rice,133,90,17.85051572076422,1,106.9363588747833
17,12,4,5,8.167871585617004,700,Cotton,195,87,10.280977760778645,3,27.76771679119036
38,0,1,5,11.90571962332625,328,Maize,89,38,8.301136848594119,3,16.585674126108835
29,0,4,2,4.274618815394071,638,Sugarcane,67,27,14.779708644339175,5,8.723934240287248
11,32,1,6,7.689026794555691,460,Maize,96,50,9.723377699855597,3,253.335871902767
56,37,2,4,7.088562632862894,967,Rice,50,33,14.793839301609719,2,147.95082714590174
8,24,2,3,6.716851313971203,849,Sugarcane,88,48,11.196854108297005,5,84.62219639511616
12,25,1,5,6.654908883466887,274,Sugarcane,161,28,8.433517174064878,6,169.21618797779053
24,12,1,4,11.160102053011698,927,Maize,72,89,15.697679922240805,4,147.5503150059607
33,27,5,3,4.151809201667232,903,Cotton,63,79,8.516481748388243,1,24.755159636189656
58,32,1,3,10.199331099041107,473,Wheat,86,64,10.24138315635023,0,345.1145877829894
57,36,1,5,6.0234654304475335,160,Cotton,120,93,11.364086337951772,4,242.3652798129177
55,29,2,4,7.066364086540599,269,Cotton,125,73,9.327494505810003,6,121.52175351837741
49,7,1,3,7.361199302788622,606,Sugarcane,172,64,17.13569160893126,3,74.22399354164578
50,0,3,5,6.437854032589947,874,Rice,56,22,14.21836490916805,6,7.607196499130014
14,11,1,4,4.748470894683183,513,Rice,158,95,16.75395946806438,3,67.16582575025183
47,4,5,4,4.914646790635478,917,Sugarcane,170,55,14.820520629575764,3,11.763862345297472
38,23,4,5,6.385048992661154,215,Cotton,194,30,17.919454060036617,6,41.25983523870645
30,5,2,4,10.574472423098005,274,Maize,63,92,13.251527988606593,3,38.782500114776454
45,24,3,6,5.077021222299295,832,Wheat,104,25,8.537632412953247,6,48.38605922523654
53,0,4,3,9.941118665167446,523,Cotton,106,95,9.608586443576815,1,19.27689478190614
7,24,3,3,6.310957835434301,227,Cotton,53,60,13.884326619687137,2,50.919687627324045
10,0,2,4,11.067719480896741,588,Wheat,98,91,11.477285390576434,4,2.527248670679689
9,31,5,5,7.426627803205127,104,Maize,130,60,9.128928009652835,1,45.65683469486958
9,2,2,2,5.3737865063790045,425,Wheat,84,96,10.381397419186488,1,14.721021777842097
58,18,3,4,11.886755600884083,797,Sugarcane,159,81,12.745707303675117,1,90.46609187923397
51,28,3,2,5.413076153839293,271,Wheat,151,28,13.181818702163431,1,62.766490417795964
27,1,2,4,8.540958569858155,298,Wheat,170,29,17.34581258803361,6,11.152409860323544
53,8,1,2,8.554291824769074,330,Cotton,59,60,8.906792483067559,1,90.41483605216773
13,16,2,4,6.982507609422239,899,Cotton,162,46,11.57807450167401,1,64.7025922143432
39,35,5,5,11.611908740393048,946,Rice,51,72,13.060492113911284,1,86.67217767906212
24,16,2,2,10.750996499293853,726,Wheat,112,23,9.132675809721958,2,97.16215124216713
53,11,4,6,10.638556486705937,432,Sugarcane,169,29,14.878020232766744,2,44.22379758706163
46,19,1,5,11.793215483435823,565,Rice,193,68,13.150280913172708,5,241.81033045574767
39,2,4,4,7.656874705570535,941,Wheat,65,38,12.595119176984209,1,12.226250057847427
54,3,2,2,4.777486204960234,523,Cotton,180,93,14.560805738320898,3,32.588458715890134
22,16,1,3,10.123647403598351,412,Sugarcane,67,69,10.878146910440122,0,175.49594739921787
21,36,4,5,7.0465006356154705,622,Maize,91,67,11.393271016825942,1,70.16629530469265
28,14,4,2,5.522761214428146,523,Rice,173,42,9.626984983208173,4,27.25375163878405
7,32,1,5,7.865978745762027,715,Cotton,99,28,13.237259683709663,4,250.08729689688406
36,15,1,2,11.405751521337306,274,Maize,52,85,11.724087537491812,1,185.69829220742756
39,10,3,3,5.370856152117027,997,Wheat,121,38,10.603308639257339,6,26.973425696844046
42,19,1,6,10.789590521837935,473,Sugarcane,165,91,9.247422077543519,2,227.84603437998146
17,37,2,3,7.345639532920939,731,Cotton,174,70,8.232252042651606,5,149.32957308710758
51,23,5,4,5.094415845625136,336,Cotton,176,30,9.933522714412511,4,33.77912668535473
29,15,3,5,10.787058431909252,847,Sugarcane,54,22,10.474261968264203,2,57.29981688108941
13,29,1,6,11.756962729531429,916,Cotton,133,80,12.8543630674863,6,350.6546405325314
8,33,5,5,6.330165726680093,542,Cotton,72,36,10.409966234577361,0,35.607163687390766
18,0,3,2,6.428289678736551,137,Wheat,187,92,16.176534936674848,3,6.9193217270017
41,23,2,4,7.124367864319465,883,Rice,187,49,12.741288901284928,2,92.94137646452064
38,23,5,4,10.513042915686457,987,Maize,122,99,14.238107643167533,4,61.32213925517472
15,8,1,5,4.0833375739159985,955,Sugarcane,195,27,10.079383444790171,5,39.146352762071466
45,21,1,4,5.791652413900275,862,Maize,146,60,12.161281289743584,0,142.31042102561312
7,11,2,5,9.64719848885061,986,Sugarcane,123,45,14.02777356964514,6,56.36373770468055
32,16,3,2,7.245115603884209,945,Sugarcane,76,24,11.110458879323868,3,43.47660847827155
33,24,5,2,6.64236498374502,638,Cotton,111,88,11.36197408906027,5,42.07502772006786
13,27,2,5,10.97826311121614,941,Wheat,195,43,16.07425183541941,5,156.03782907914928
7,14,3,3,11.338671361169915,734,Sugarcane,56,97,16.371813703234825,2,60.60580512983963
29,29,4,3,11.583889753329563,255,Maize,59,88,13.3294093242183,3,97.52640317717066
38,26,4,2,6.180404261234373,828,Rice,76,55,16.964107553091026,6,49.87992685850685
16,21,3,6,11.300100876312856,293,Maize,117,36,15.366820029963392,0,77.22664425023201
46,9,1,3,9.895724437818311,912,Wheat,97,89,8.553015858893009,0,112.3161568687321
13,30,1,5,5.233717987908645,260,Rice,156,90,13.594734470181493,1,170.33611556119726
19,26,4,2,8.882160226465682,739,Cotton,116,65,14.977932974068683,1,67.04759649138813
44,11,1,4,4.21067855445593,927,Maize,138,98,13.408848315285244,2,64.9818128515467
29,30,1,4,9.667025246166922,789,Maize,120,89,16.319758503177795,4,306.33192243191553
9,31,3,3,9.868540181207507,225,Sugarcane,95,51,11.00837129868071,1,104.3518881110273
15,31,3,6,10.314708068759979,785,Sugarcane,147,79,8.654791331474112,2,112.29903612676422
38,34,1,3,5.380200432979479,646,Rice,141,61,14.336205287851278,3,194.16162134497307
28,20,3,6,9.025999527580247,338,Cotton,60,59,15.308006130458029,0,67.44375538185233
19,9,5,3,5.430853478621235,140,Sugarcane,81,46,15.652538682911644,1,9.341724608839526
42,15,4,4,11.573200667113406,285,Maize,121,24,8.110605234355912,2,49.138836097910016
12,6,5,6,9.400085541446675,560,Rice,197,80,14.733782483249342,6,14.101511552111404
9,3,5,4,4.762606784032446,794,Sugarcane,182,80,8.207277843021824,5,8.304285206836019
52,26,1,5,5.4962578400465825,488,Sugarcane,175,99,15.747860166079459,5,168.64802638503156
30,24,1,5,9.307680785037983,360,Wheat,62,71,15.03105140631595,0,235.01184735589842
22,30,5,2,7.813363969276869,505,Rice,171,94,13.674139036419403,3,55.946952425481285
10,10,5,4,9.890381329687028,645,Rice,147,85,13.06324405975447,1,24.68585193738343
41,19,2,4,6.246310391405273,548,Cotton,180,26,15.151078630502681,1,72.02392293698604
52,35,2,2,9.263340294776615,798,Sugarcane,192,57,8.571953083569598,3,184.3233368856014
17,16,4,5,5.415681344243512,500,Rice,146,70,16.32189367321547,5,25.282219430136223
32,10,5,5,8.349682106888265,406,Cotton,105,20,10.012261879051342,4,24.862907703847565
9,29,3,6,11.66239673239989,236,Sugarcane,173,95,12.77788863125842,2,119.78405674352031
17,34,2,6,9.025777858327892,301,Maize,95,68,12.867994247408,3,154.42174903628907
21,37,1,5,4.399948940039332,992,Wheat,166,91,15.771235330411237,5,182.88042065221492
54,21,5,3,11.910097101893015,754,Cotton,154,39,9.929910704002515,0,56.660696456028866
44,26,3,4,5.254930637190925,720,Wheat,146,61,10.99749738939066,0,58.54912599310142
49,36,3,6,9.74455282157684,256,Maize,104,35,14.631079606327434,6,127.84365200865454
36,34,3,3,8.260240312513567,354,Rice,103,52,12.127717413120385,4,102.79025152808833
33,3,1,6,6.35488550243443,280,Sugarcane,174,35,10.988636230562436,6,30.453535255534764
55,15,2,2,5.418483883421673,508,Rice,114,35,14.214232224732381,3,59.54411996364489
7,15,3,4,5.421618914213726,952,Wheat,100,67,8.865721902564344,5,31.28718524755509
44,20,2,6,10.867197449665284,830,Rice,177,74,15.897785719189427,2,125.25075518784338
38,25,4,5,10.983300113307386,127,Rice,197,47,13.247492172342945,3,75.39470056156966
44,35,1,2,7.721164172997696,762,Cotton,140,92,10.060205093087234,4,290.1179607793188
31,18,2,2,4.828971703399791,970,Cotton,81,42,12.085159173005774,6,56.33056812476356
17,16,2,5,11.07332083077432,711,Maize,152,49,9.310768012781619,1,95.3818382157062
49,25,3,2,7.896131889400713,614,Cotton,106,80,14.165811129293512,6,80.3258558028323
37,21,3,4,7.5100993829353095,644,Cotton,78,94,14.693006313183776,6,68.80128726177216
10,27,1,6,7.258856195500962,298,Cotton,136,45,12.052859281006729,6,206.6959752895932
28,0,2,2,6.920113390873645,168,Cotton,171,30,11.396904882476381,5,4.939470088303242
23,35,5,4,8.208043228868753,701,Maize,128,39,16.49784749141155,3,52.7864256334786
20,36,3,5,8.836329812893634,116,Cotton,156,63,13.760692437111086,4,112.47291570695145
44,1,3,6,7.731457628583647,948,Cotton,101,37,14.670212720451502,4,15.29004642266375
32,16,4,5,11.173185307640356,978,Wheat,192,53,9.275191134019485,1,56.302455032070604
37,39,1,6,6.541289828235978,934,Cotton,138,23,15.133252942615787,4,264.18157859000905
52,37,2,2,8.62649485429425,934,Maize,80,33,12.446107745230975,6,173.86205312348537
45,20,2,2,6.399631361551882,645,Maize,133,32,11.666684227870341,2,75.42723999406009
17,8,2,6,10.026800190340275,875,Rice,193,60,17.294041996488016,4,49.35355734060717
47,12,3,4,4.816968794625885,912,Cotton,88,98,8.539339871959708,6,33.90815525401411
49,10,1,4,5.50959197436266,159,Sugarcane,188,76,9.956064048994515,1,79.64400216982074
29,15,2,4,10.409611279415607,283,Rice,197,41,11.750400860870418,6,88.57358047252463
57,15,5,3,5.46558076175631,937,Maize,105,29,11.240400971223949,5,22.680683646039796
46,1,4,4,9.005970769557921,968,Rice,96,88,13.10683850043824,6,16.016919450108162
40,7,4,2,11.761947615233575,464,Sugarcane,55,87,12.009020525609625,3,33.765823414621686
31,12,2,3,8.183124910127727,533,Wheat,158,69,15.882890588402507,4,59.1198529816795
42,16,3,4,5.499171570720554,298,Sugarcane,84,35,15.680005531665675,4,37.27097020681468
11,38,4,2,6.5655283655411,852,Rice,185,30,15.723747760369498,2,58.645954928264274
9,23,4,3,10.587664611633905,331,Cotton,120,87,11.693545525780124,1,62.18137165632837
47,2,4,2,6.81328730495979,822,Wheat,86,86,12.073684777614492,1,11.707973672259358
49,29,4,6,9.78809087223851,467,Sugarcane,172,39,15.204619285175255,5,84.27856411248817
55,12,2,2,10.218800503072082,529,Cotton,193,84,9.24198366386931,1,86.04898104582499
35,18,1,3,8.009462777961314,663,Sugarcane,58,52,16.519196171586426,1,152.66535469814016
27,6,1,4,10.265707074931111,218,Maize,124,29,13.41258237813194,5,70.98348837925357
46,8,3,3,6.535224035425715,429,Cotton,109,86,16.485452204449153,1,32.834842980502614
14,18,5,4,8.129277173731246,314,Maize,100,74,15.936029809357132,0,29.811973738782804
36,39,1,4,9.492466111777123,421,Wheat,95,51,11.74383085375479,3,381.41317309287
47,21,5,5,5.344585178435043,248,Wheat,120,64,9.01559709999037,4,31.804344012879668
57,17,1,6,6.1889757390575175,507,Wheat,189,78,17.208302408099804,4,134.85411722834192
34,22,1,5,9.216292827149218,787,Wheat,113,50,11.446053497165899,4,218.2155266565439
43,1,3,3,9.242880958636427,476,Maize,164,71,11.737416905569876,2,16.82820557847335
35,10,4,5,7.9464211716238315,880,Maize,70,29,17.090485010491268,1,21.051932710963953
22,30,3,4,10.364682854256964,419,Rice,54,25,17.173472029185888,3,105.28582265896947
40,32,1,3,7.856439216039805,104,Rice,55,20,10.62906186894252,4,263.32164371653596
6,13,4,5,11.050578123309865,501,Maize,92,65,8.889562806460653,5,33.65157105949858
18,15,4,2,9.887227446975563,727,Wheat,75,93,8.01108026230465,1,44.412053964320656
17,10,4,6,6.51755890642673,302,Rice,142,49,12.382944846219564,1,17.874101596079722
33,32,5,2,7.162032067876444,136,Cotton,103,98,13.685734016273843,1,57.95848059957379
16,6,1,3,9.341493486158765,153,Maize,177,97,10.703380031321467,2,66.19947649947328
43,30,2,5,11.155620950587931,387,Cotton,180,82,10.597496510988165,3,185.88541380781191
6,13,3,4,5.42966986162807,383,Wheat,188,82,11.56785045397974,5,29.25806314560936
36,27,5,5,8.11730830993584,697,Maize,74,93,10.6308510295341,4,54.76268201095069
17,15,3,3,4.950275370595014,144,Rice,189,20,16.58438404552244,0,25.121942653889217
50,18,2,3,6.23564124256105,383,Rice,114,39,14.428423911128043,6,73.00096643387747
31,16,4,3,9.487850874345938,932,Cotton,53,48,16.28946832882233,2,42.25287171037249
53,25,2,3,4.621877081985294,681,Maize,176,53,16.604782496055122,5,69.3594877689281
45,5,3,5,9.29886865511078,141,Wheat,158,85,12.350099460061394,6,30.33657884984709
21,8,2,2,11.206488967562375,516,Sugarcane,65,85,12.775774486299731,2,55.709663880079866
44,16,1,4,11.75496232814773,371,Sugarcane,191,21,17.77819598692645,0,198.901952115146
35,30,2,4,5.733057608204124,240,Wheat,151,91,16.16839912363851,2,101.30331909859068
38,11,1,6,9.991183652863008,670,Rice,162,73,15.978943208261093,4,121.09542081176859
28,22,2,3,11.410963589644238,851,Sugarcane,123,37,13.837132072726439,3,135.46560955127455
49,4,1,3,4.730954486795488,146,Wheat,102,49,12.611502595466028,3,38.29520907739069
39,35,1,3,7.312188867913642,266,Cotton,167,27,16.946106966482205,4,268.24500335294863
52,35,2,2,11.355278134977329,721,Rice,112,61,16.0455696158721,4,220.22001017003478
10,2,5,3,5.622299986038641,225,Wheat,190,48,13.167889073344693,3,1.0
23,23,4,6,11.470085470302735,571,Cotton,94,70,10.70490801974049,5,74.21788883587523
34,16,4,6,8.217536568702227,910,Maize,111,43,9.472794039564667,4,40.545101377251235
11,38,4,2,4.7991446603004455,720,Sugarcane,190,29,13.527057085546243,6,42.48768489344751
14,25,1,3,7.59901853404412,776,Sugarcane,130,35,10.960300198179498,2,195.18898481857946
45,3,4,5,6.61008956373653,469,Sugarcane,122,69,10.642157861530396,3,17.122390161813513
36,11,1,5,6.257633284414466,870,Wheat,190,60,9.057862343607193,0,84.43808814067624
38,0,5,4,8.33180460506947,687,Maize,65,73,8.344727198916557,0,9.082979163073075
32,20,2,2,7.8687415260149605,106,Wheat,146,63,15.833538225692198,4,86.4668848469322
19,18,2,5,7.855737276960736,797,Wheat,153,79,9.079850667202386,0,82.75808950019487
34,20,1,4,4.705133848824922,375,Maize,113,88,16.886094666634104,0,113.81949970194773
41,17,1,6,10.418545448217092,690,Cotton,119,98,10.137828075943322,3,197.61645277217588
33,2,5,4,7.851514522846362,164,Rice,189,42,15.596756923982174,2,10.171277235403965
26,31,4,3,10.567246629614994,726,Sugarcane,179,90,16.22999480210278,1,88.11897493420983
8,9,5,3,10.596757132407603,301,Maize,192,39,15.925559220991168,0,20.31235688099582
24,39,2,6,6.5370825987843455,241,Cotton,130,58,16.728558200667898,4,133.89072500536457
36,14,2,2,4.034770430460899,197,Maize,144,22,11.397208570342016,1,40.245738164508616
40,4,4,3,11.289965419664949,916,Rice,172,22,17.858884762824424,0,18.068937580746436
54,3,2,3,10.085557544689923,316,Maize,87,50,10.795947006101397,6,33.47861725878131
8,27,1,4,4.858015654587769,685,Maize,91,26,17.34298089897932,2,137.95512811291175
31,3,2,4,9.61381627202481,392,Cotton,158,20,12.374400948560725,5,23.602284999997373
21,14,3,4,4.160186149351045,607,Sugarcane,130,75,8.569319932070972,0,24.932019294709313
16,16,4,5,4.222072553765588,233,Sugarcane,56,46,15.849164693050371,4,19.908927922825175
26,2,4,6,8.206585916782739,361,Cotton,105,84,15.874108329531724,6,18.663943671051044
21,9,4,2,4.768299433890773,383,Cotton,182,89,9.972978944727316,2,23.57160321223525
14,22,3,4,11.71469217987935,201,Wheat,110,58,16.2351244813265,4,92.96936324720396
58,17,5,2,11.1506498132021,476,Wheat,114,22,9.575794029521306,4,48.92654688506476
5,0,1,4,9.198496249983078,305,Rice,142,78,9.514316589676541,4,4.958101520205394
26,34,4,3,4.509671766706506,752,Wheat,134,21,16.089192879339613,4,41.52645007734722
30,30,2,2,6.598682062456521,112,Wheat,74,66,10.902191243075414,4,110.3569076525222
22,0,1,5,6.973783983248351,860,Maize,55,39,8.76877835161588,2,6.87622696551307
54,2,2,4,7.847038686629597,222,Maize,57,46,17.563439859237466,3,24.10322147107166
18,2,1,6,5.351222992051618,109,Cotton,102,38,13.570401559292055,6,15.674670494336336
51,36,1,3,8.620093142377566,691,Sugarcane,68,74,12.480774894323233,2,338.04342296908453
33,18,2,4,7.486165183273786,266,Rice,58,82,13.041100438610606,3,80.33049631280564
16,28,2,2,11.578375707142868,710,Wheat,57,62,14.704502771851814,6,171.5237286029704
40,24,1,4,11.489561837001752,818,Maize,87,24,16.61665985241535,5,288.18360387221054
39,32,4,3,8.523791642719779,250,Sugarcane,72,39,14.725788883075845,2,71.96915936821829
56,35,2,6,9.154794687924282,136,Wheat,136,95,15.395263929694877,4,182.26129736447376
16,28,3,6,5.1023717421899395,988,Sugarcane,178,80,9.801530800586317,2,54.646607920943005
11,25,3,6,5.786585910721373,875,Maize,56,81,11.840930697874722,2,58.18207533138155
33,3,1,3,11.205723233615277,573,Cotton,156,93,13.8480979301099,3,50.51081990087253
15,13,5,4,9.59332738316588,543,Wheat,161,82,14.19406493673085,2,24.588295744110717
37,26,1,3,5.51544157826462,441,Wheat,73,41,10.706931117316929,5,153.20582080251705
10,32,1,3,8.561682448585783,104,Rice,179,57,17.749822518998478,6,283.79062280520225
51,21,4,4,11.478090003915591,989,Wheat,195,31,9.181859721612229,2,68.75032698246369
19,2,4,5,6.761368849295229,325,Maize,132,93,9.122783481564916,0,10.671633995411783
36,22,5,6,5.486563004152682,638,Sugarcane,155,80,10.291501988344853,4,27.816869863808755
55,20,5,2,11.536202215272787,223,Sugarcane,149,67,15.539132652589839,4,64.40016050395249
15,22,5,2,7.6901228823367935,502,Cotton,105,36,8.365512884571501,0,29.080358005336
27,3,5,4,7.337935989302132,910,Cotton,141,71,17.87865778603582,5,12.349827647868297
30,20,5,2,6.140537598342002,134,Maize,81,65,17.87729446526484,2,33.35248823241764
38,36,1,5,11.132682359577153,336,Sugarcane,126,75,9.59684196627326,1,424.0692142298101
50,30,1,3,10.7649341351166,567,Cotton,119,48,12.012032742781797,2,337.68845652816015
38,20,3,6,7.223923195494033,598,Cotton,142,92,10.039173394724482,4,62.973373783287755
33,25,3,2,4.244906239176631,611,Rice,59,70,12.080152123571015,6,55.140169277606574
8,34,2,2,7.573211444049116,922,Rice,172,95,13.328628142511796,6,134.87314337265838
21,37,1,4,5.446864132640426,416,Maize,123,45,16.22731951195336,2,210.1207142773827
39,23,5,4,5.141872561191049,402,Maize,83,94,8.358072978074834,1,37.08299250959626
17,10,2,3,7.144748895163389,201,Maize,133,48,17.86897671176338,0,44.49628967890153
45,28,4,6,4.7926154987570175,688,Maize,160,78,17.405629598651295,4,52.650368828638555
43,2,1,2,11.65971605545332,411,Sugarcane,82,27,13.704172989390585,1,35.358745040157544
19,0,3,3,4.380313454250254,181,Wheat,137,44,12.808963788115985,1,2.592900101013701
59,18,1,6,7.210957019189817,757,Maize,146,40,13.506447534677761,1,149.9894607850338
33,21,1,3,5.301621616253559,292,Rice,106,23,8.184409264225705,3,126.64332888883955
33,13,1,2,9.510490572230049,323,Wheat,199,55,15.376826919922067,0,135.24965946200612
15,13,1,4,4.630491593716494,152,Wheat,81,62,12.964359843278485,4,67.98649655973239
56,15,4,4,8.374444593669075,444,Sugarcane,174,45,10.860399194676898,0,43.07793886959298
36,32,3,4,10.184811961615502,184,Cotton,157,55,12.615435588271707,5,118.35235155861824
6,12,1,5,11.600478680391767,979,Wheat,51,42,10.92567802234688,3,141.71338783458495
51,37,4,3,9.588220503755302,740,Sugarcane,108,60,14.999507724779797,5,103.17733281979672
18,11,2,2,4.795934061076668,310,Sugarcane,82,94,14.144342037646162,4,36.45638009073116
24,37,1,3,4.708164397713128,963,Sugarcane,145,63,11.88092599090059,2,188.82279505417793
26,38,4,4,9.852784388304528,875,Maize,154,69,11.142419419912716,6,100.33860009164772
15,32,5,3,5.722635240027749,282,Cotton,63,28,16.780366443752882,0,28.509579469453982
31,32,2,6,7.57791446906599,371,Maize,108,66,14.822386436483095,3,137.86441839670726
7,28,3,3,11.812968810810872,605,Rice,64,60,15.157818171696402,2,114.8232497215754
21,4,1,5,10.559254387231004,326,Cotton,78,32,14.186055919288922,5,53.3196237012323
48,5,1,5,10.772746858401604,933,Maize,161,77,8.75230550234624,3,73.1313262380683
32,30,4,4,10.886159237824629,111,Cotton,158,85,8.592624866992477,4,97.94647598558431
33,15,3,2,8.956362720972464,192,Rice,172,77,12.291715184069465,5,58.66155997314072
25,30,5,6,9.951471390899826,429,Maize,96,85,17.304999570557893,6,67.99396836753051
51,24,2,2,6.871687317074298,289,Cotton,107,52,13.247080788985716,0,92.4819720945193
20,32,3,2,11.987569812582805,697,Rice,142,88,16.758845130934276,3,136.15531203603635
41,12,1,6,6.23697735723716,965,Sugarcane,134,97,8.965498420360559,6,96.785931847547
24,9,4,5,8.720059226428155,888,Cotton,102,46,15.242610749346628,5,24.35355015107236
10,23,5,4,6.256493426569547,392,Rice,135,69,10.45337854960811,4,27.011100908099472
23,9,4,3,4.896568404480585,360,Sugarcane,113,78,13.244961598024162,3,9.479442000882052
9,30,2,5,8.540686518749414,809,Rice,131,97,10.929210703540758,1,137.0770575117448
7,12,3,4,6.826789366929118,422,Wheat,51,98,15.123333600020745,5,34.190577125749385
5,2,4,5,8.6657541401871,109,Rice,109,46,12.008890527705262,5,6.82698926031824
42,33,4,6,8.469427813319943,187,Maize,133,78,12.621684924995936,5,84.21356023491899
19,27,1,2,8.338053833148493,439,Maize,97,75,10.45345373181529,0,236.92589399443304
38,18,4,6,4.9864089763722355,417,Maize,167,91,10.814580153063941,6,35.32147640666277
39,22,5,3,7.521446194802857,648,Maize,181,53,9.794756907093353,6,40.61489390365072
53,31,3,6,10.496031515190335,322,Wheat,75,68,13.537985473681843,5,123.80738063631247
29,12,2,2,6.521147964357087,786,Wheat,133,36,9.449969560314461,5,46.15485089564468
28,32,4,5,7.550652042336521,308,Wheat,199,89,10.682026116723623,1,70.32724586032091
16,33,5,4,7.950652722562144,148,Sugarcane,69,57,13.304613546480866,3,56.80007218471713
22,32,2,3,10.901850500733957,635,Cotton,142,20,10.748312990775862,2,181.43019307667103
19,4,5,5,9.244798153808151,949,Maize,97,57,13.884996597343283,4,10.34955038589494
48,2,4,4,4.801620278698512,717,Cotton,170,45,8.141640044581958,2,8.960254406896
20,6,4,2,10.92136788644017,922,Maize,144,88,17.732227876999445,2,26.085601278212764
31,23,3,6,10.656527803856719,362,Maize,110,87,15.299888563804402,1,94.89723732860647
12,21,1,5,10.029167844793403,305,Maize,110,44,13.038191285471449,5,224.1131358225338
50,22,5,4,7.728464146550701,780,Wheat,129,77,17.208379198842984,4,46.98681034558257
29,29,1,4,10.060363067886454,596,Sugarcane,68,64,16.69766080944978,5,307.0612803476006
21,17,1,6,7.829936501142058,997,Maize,62,41,11.665543199484372,3,143.0463646128018
33,31,2,5,9.892988274617302,769,Maize,179,67,9.1612917834949,3,165.89727401445583
57,6,2,5,11.04088131978029,852,Maize,124,32,10.52232392076758,3,49.5160418363121
12,32,5,2,11.124332681044773,564,Rice,50,44,10.086892694641357,3,67.84768212045651
19,4,1,5,7.636628593499637,734,Maize,187,29,15.500574355421744,5,39.05682733847898
31,27,3,6,10.874741434816233,119,Wheat,52,37,13.481098925130063,1,101.1564093786731
50,7,1,5,4.811659044061705,667,Wheat,57,74,16.5009818315836,6,62.611784863125976
54,14,2,2,4.814555339894248,891,Cotton,129,46,12.897007504641751,4,50.271016114099304
56,3,1,4,8.38613557493984,207,Wheat,156,75,15.697650549113666,3,46.03179369249734
11,33,4,5,9.214756947650152,239,Cotton,89,75,11.234228375938073,0,78.37523778749953
7,4,4,6,5.2239502078272215,190,Sugarcane,168,68,14.021508030174036,6,9.13293954356341
33,32,3,5,7.777440358447944,370,Rice,57,45,14.394001829263013,3,93.62419289619757
48,4,5,3,4.7549013425273845,428,Wheat,123,21,15.592870910017442,6,10.353971418966585
57,37,1,2,8.816795884426483,309,Maize,76,93,15.994884004190876,1,349.51389667732144
28,33,4,4,10.840752294022783,787,Sugarcane,144,79,10.765030423048767,0,94.73548407476136
7,25,5,3,9.901111808156191,672,Maize,180,57,11.850580015155561,2,47.31247324059693
24,0,4,6,7.02633241943417,554,Cotton,55,22,10.071350908546915,6,2.6504580390136776
50,3,5,5,11.950350373096974,383,Cotton,59,93,15.478343705157137,1,15.122584431982878
19,38,5,2,9.303479811729094,465,Rice,78,72,10.707282636532401,5,76.64337150577288
29,25,4,5,10.521987475539833,583,Sugarcane,197,63,11.910192017823302,3,74.48480558963078
34,32,2,5,9.357579098333861,102,Cotton,128,42,16.03026475566321,4,159.33827066919537
18,32,5,5,11.915330328697014,883,Maize,115,47,11.398026404036042,4,76.59366351433206
11,7,1,5,10.570878137742184,263,Wheat,61,51,10.91500309167763,0,77.96012939217536
21,19,4,2,8.155385743163524,487,Wheat,62,95,14.511814330425661,1,47.047013296204355
48,15,2,3,6.935036502700719,108,Sugarcane,157,39,17.753735857775574,0,60.314670876719234
24,20,4,6,9.45723863319074,465,Sugarcane,151,25,8.626239691149319,5,52.12569353000672
40,25,3,3,8.721774470456072,111,Cotton,140,22,16.34788404580431,0,80.41076167681206
13,22,1,2,9.034804728220362,173,Wheat,111,22,9.216048342598908,5,197.36527646175045
42,17,3,6,6.744094130270056,337,Rice,180,42,11.448981172582489,4,52.37719812461447
52,30,5,4,7.429827364564436,911,Rice,58,92,12.16717932632925,6,58.17294677084966
26,11,5,3,8.464772599125197,207,Rice,174,52,15.187393601059867,1,20.14595512033842
58,0,3,2,10.714267215374743,624,Rice,68,55,17.265659308504237,6,15.788367518410674
57,8,3,2,10.103271342103225,333,Cotton,139,83,9.020109602823615,4,44.861373390582074
57,2,5,2,4.949246964022323,538,Maize,136,31,15.448084521182476,1,14.124269695045342
6,25,2,6,5.964434000155134,856,Rice,67,81,11.222923954412334,4,80.17973885151439
28,8,1,5,4.213261799464219,580,Cotton,153,45,17.01910995691909,1,43.465059644229896
12,15,4,4,4.063684543724731,932,Rice,175,56,10.782168202942216,2,15.620054388232475
15,23,3,6,5.795003754241934,191,Rice,98,67,14.938619496459134,4,53.4625406553413
17,13,1,6,10.394567584074636,971,Maize,151,93,9.64755800362255,5,145.66500348584253
21,2,4,3,11.237981265395096,297,Rice,123,63,17.57947078666583,2,10.095819940006171
12,33,4,4,7.134146927188785,215,Cotton,187,30,8.043243385943807,6,54.59141762431009
25,32,3,2,8.505588772853429,742,Cotton,134,88,10.328519773125807,6,104.89544476781349
22,23,2,6,9.648420815643046,464,Wheat,87,43,14.75944116031804,0,116.01971208839511
34,8,2,4,11.623493594013812,252,Sugarcane,184,38,16.535242298891717,4,61.21153716606301
22,12,1,3,11.303457898379452,732,Rice,61,89,17.935573092939325,6,156.58332383366653
50,1,1,5,4.457538427051039,207,Rice,101,75,9.732606369395427,5,27.19400647932099
51,6,5,4,5.9853267456742465,627,Cotton,154,68,11.071438396898518,0,17.40267312285418
35,20,2,2,4.393156351641417,910,Rice,141,76,16.918520210413988,4,55.265543182605526
42,18,1,6,8.93233936791241,155,Cotton,73,30,8.324999158470256,0,178.06496349987495
36,24,5,5,9.683946531781112,551,Wheat,80,82,15.333218223056637,3,56.45878106888952
15,21,4,3,6.466267298852092,491,Rice,131,36,12.230519230220288,6,34.136047669917616
49,10,1,2,10.830815265065716,714,Wheat,72,34,14.888180198785083,1,126.09096857924028
29,32,5,5,7.622502003291982,307,Wheat,120,89,13.249001218399822,0,53.68825190420626
37,31,2,3,11.9870521207761,609,Sugarcane,121,81,14.271118868404127,1,200.4620069192588
42,20,4,2,4.003197540714599,762,Cotton,167,51,14.666637102394958,0,26.963813012709497
45,38,1,6,4.875917667348453,873,Wheat,192,59,14.312459447968033,4,203.89776533719026
12,19,2,3,6.414345943482723,654,Cotton,87,30,14.645629779470779,1,65.66407522630888
15,7,4,5,4.204060783629705,399,Sugarcane,140,32,13.683479326356473,5,10.537237206176965
26,36,3,2,10.258715661906006,729,Cotton,176,47,15.138953583613707,1,127.83201050351519
55,8,2,4,4.422174302970298,947,Sugarcane,70,47,15.760234732162267,2,38.092582948710316
28,24,3,2,9.991837066350618,378,Rice,76,67,15.879354187945044,5,83.96930051303602
45,24,1,5,4.420547670316395,243,Sugarcane,105,74,16.535130987928966,5,121.84693438883671
21,32,5,5,6.021818117224365,839,Sugarcane,174,35,11.16402420502774,5,40.38702153832841
16,1,1,4,10.730214525268238,303,Sugarcane,155,55,15.457734308443523,1,20.79551361581651
50,18,2,5,11.608762353901794,328,Maize,191,59,17.466612912703294,1,122.72753672117142
36,19,3,2,7.316210741284098,364,Wheat,70,39,11.674680789351491,1,50.390886649181894
19,28,3,3,11.75951171450041,565,Cotton,63,21,15.776411157316279,5,114.86095669188981
20,5,4,2,9.01504739006834,236,Cotton,156,96,10.914627778920881,0,19.938321905519455
58,16,1,5,7.326680979463451,339,Maize,119,21,9.755692654413165,5,135.41851495718277
26,24,1,4,10.422410751743335,797,Rice,77,88,12.464268921345575,5,267.07399074909347
32,37,2,4,6.362628161121609,548,Wheat,162,89,16.065321591132665,3,131.03434363234507
24,3,3,6,6.126370090881747,414,Wheat,151,69,11.071225196559517,1,18.011708001074346
37,29,2,4,9.252381415288594,250,Wheat,116,67,10.949393682175305,3,148.9123066808181
14,19,2,4,7.12389889574476,424,Wheat,173,43,10.776750351729907,5,73.47878510005668
44,2,3,5,5.0873442155598365,502,Maize,82,28,10.181209847224714,1,15.888791916759898
36,22,2,3,4.53571388231927,902,Cotton,61,59,14.111109928205504,4,57.67446142091926
54,17,3,3,10.302740609987818,452,Rice,189,59,10.43336885204114,3,73.27979865709096
37,25,2,5,9.407285854418756,209,Rice,152,21,17.349028220693846,2,125.80314787911166
6,35,5,4,7.2943857968528265,565,Rice,61,92,11.45931046737548,1,50.17201279332037
37,7,2,2,11.169821081368454,139,Maize,68,25,13.42398756975345,4,49.6464574218836
37,16,2,3,7.2868540195407965,753,Maize,144,38,12.091704621408523,6,68.18150948955167
45,30,5,5,9.682363771723068,439,Sugarcane,108,38,17.62715734090869,3,68.06265517361652
17,36,1,2,11.272922201658343,471,Maize,166,52,12.240115034111325,5,415.0190181856686
34,32,3,4,10.725723669667548,624,Wheat,62,80,13.636944482280372,4,124.60404363127816
37,26,4,5,8.08883821071663,606,Cotton,68,49,15.634232599890378,6,61.38670664327616
17,3,5,3,9.445091139573861,152,Rice,181,81,9.712965372175514,2,5.880095000810568
56,21,1,2,7.309326213818952,179,Maize,62,32,8.326418025586673,2,167.9865642338783
30,25,2,2,9.177577378352911,844,Cotton,133,37,12.549199152867132,2,122.70969079047045
26,31,1,3,6.060419506763167,450,Wheat,183,21,13.50641067963404,2,197.49279312728345
43,23,5,2,7.477936910156426,650,Maize,93,22,10.870610387019038,4,41.37495472056902
6,34,2,3,5.676365900814712,838,Maize,125,25,12.625046658357519,5,98.77173076332375
42,36,1,5,4.305479621436384,439,Cotton,158,47,14.151604558348351,3,168.7240938039906
43,31,4,6,8.708318804602978,220,Wheat,130,96,17.732729573060052,2,80.32020046586047
30,6,3,4,10.915434762806381,164,Maize,185,51,14.017771558011328,4,22.677283716137634
50,32,3,5,4.204626196985532,539,Cotton,170,79,12.488572963541419,5,57.50543127238448
54,30,5,4,5.568237925834367,395,Wheat,101,50,8.225284939625391,4,49.77956817147481
19,11,2,4,7.68148047416336,304,Maize,152,80,11.105832319290514,3,52.238184534041515
38,10,2,3,9.327174534738027,746,Maize,166,28,11.584859636646218,4,55.53997028739378
46,23,3,6,5.369833549359091,656,Rice,139,86,12.769445696497971,6,60.176692428273654
59,7,1,4,4.453558631764994,377,Sugarcane,132,73,15.821710627701226,5,55.631999031846895
48,31,2,4,8.152389741815114,234,Wheat,62,98,15.758873761787207,0,147.59206372203556
53,37,4,5,10.549677704458471,477,Cotton,169,87,16.45285983431558,5,113.009754840401
44,21,4,6,4.28187927450217,151,Rice,187,36,10.89992558866502,6,31.076275764404635
15,33,2,6,6.794955602872207,840,Maize,144,78,11.464593415177628,3,122.40361961415279
7,18,2,4,9.308117942346682,967,Cotton,118,50,9.502388905740554,5,89.99233733586382
10,19,3,6,5.045936048819736,679,Rice,54,94,16.57415776183465,6,38.04979317850484
13,13,5,5,5.887574215142054,809,Rice,120,80,14.522351650993091,4,19.17689520457247
10,32,3,3,8.28394115029013,166,Sugarcane,153,59,8.775499058211572,1,86.2980068136493
13,9,5,4,11.625853570913744,102,Rice,105,22,11.036569978188556,1,14.732292054226255
43,15,4,2,6.2987409459500485,669,Wheat,100,69,9.527250513154417,6,34.43589630478853
35,3,5,4,7.900219369765683,987,Sugarcane,105,20,17.69228156420276,2,4.03377608887541
36,26,3,4,7.199446904515346,550,Sugarcane,190,27,11.24602808564505,3,68.5083795808724
45,27,2,3,11.179173376240641,609,Maize,83,81,12.964673185690526,5,176.45801873223277
54,15,5,2,4.575118912248925,867,Maize,149,83,11.179020156308747,4,33.81569725171602
16,32,3,2,8.529180730726114,967,Wheat,102,60,12.742965322872205,4,92.00970472340833
12,18,4,2,10.768957593519552,537,Cotton,52,36,17.98622145766988,0,46.93606048236436
12,20,5,3,11.904940616500735,876,Wheat,123,91,10.873887761069602,0,49.3056070621791
54,21,4,6,9.589803980174459,627,Sugarcane,156,62,10.826220534281472,2,62.82895007803719
32,8,4,2,7.039483805332196,879,Maize,148,21,11.71379571216121,3,13.769559204357066
24,8,1,6,7.294594820271551,201,Wheat,86,66,9.693167733713395,2,69.78330429111743
51,8,5,5,6.813457757942111,536,Maize,183,79,15.389917407128296,0,21.68250164645837
11,26,3,3,8.828904798455628,898,Wheat,198,68,11.793403012413716,0,76.71477790048684
15,16,5,6,9.915246165746009,833,Wheat,94,34,13.808587772939664,3,27.624899038159835
24,7,5,2,10.555740508711448,120,Rice,182,69,14.613030882480142,5,22.362891598181243
20,15,4,2,7.332744877465375,486,Wheat,52,65,8.354436324620426,2,30.45386113549762
8,17,4,6,9.733668018072315,632,Maize,69,95,14.440027921322574,0,43.66498075769105
10,32,4,6,11.329780736238211,191,Wheat,110,21,13.327693591465298,4,87.79781931431152
26,0,4,5,11.366598355605642,895,Cotton,196,48,8.828504103829324,1,7.825148747994261
30,11,3,3,9.63223202171714,232,Rice,192,48,9.244865207738403,0,38.87045467757981
7,5,2,4,9.09521754250029,938,Wheat,123,99,12.407984244365243,5,32.55547243134748
45,4,1,5,8.252208604200053,604,Cotton,106,80,11.46307714644063,2,53.08661305274074
46,15,4,5,5.465581345457029,552,Maize,119,85,12.374958049850488,0,37.4387256912588
18,17,4,5,4.989037220843348,940,Cotton,160,63,14.355150846281578,4,26.744371348796136
15,17,1,2,7.885688054315042,786,Rice,139,23,9.544248112833323,1,144.55528023123733
22,0,4,6,5.275553249659675,824,Maize,179,58,14.624446147124655,1,2.662259718331092
58,18,2,3,8.615999405354689,247,Wheat,98,79,16.18126385422542,4,96.20116055385787
16,7,5,2,9.165621842409745,331,Wheat,180,68,8.0292823209154,2,12.462152841787905
27,2,1,5,8.204924780160326,983,Cotton,197,24,11.684636003694754,4,25.73091642400923
16,24,3,3,4.291413700100909,264,Wheat,143,85,10.751675904219105,5,45.0970539602333
17,4,1,2,4.461823670418657,413,Maize,158,64,12.319997774966396,6,31.63467525988175
29,39,2,4,4.906729477451884,756,Maize,197,79,14.152787164951231,4,106.4933927432409
49,18,3,5,5.229166439906712,397,Wheat,109,27,9.875693013205096,3,48.08675000115049
55,17,5,2,11.919060910154666,322,Cotton,147,69,9.340956184843044,6,54.66704861231698
23,30,4,2,6.75596013490498,452,Wheat,130,55,15.288384105162093,5,54.8867818383717
59,32,1,5,6.335786989130289,515,Sugarcane,91,89,14.857531406138728,3,227.15979956394193
50,17,3,4,4.4181330853138325,161,Wheat,122,60,12.608444939798398,3,44.075294138811174
40,38,1,6,9.082563125484771,707,Rice,76,29,13.013227277198117,1,355.3178749907615
49,15,5,4,9.217526281050246,723,Wheat,130,55,10.698612420074104,1,38.96322707284438
12,15,1,5,5.403589516629317,475,Sugarcane,66,87,11.291791276202236,0,91.86679716574446
33,37,3,6,11.353932327396905,698,Rice,162,33,11.200825767608292,3,143.24962810882835
59,6,2,2,10.403948372761018,504,Cotton,179,95,15.263351086493568,2,46.581391408129434
57,13,3,4,5.8425545344600645,354,Rice,64,36,13.55643101795994,2,40.3356954064072
59,24,1,4,7.886797847332299,550,Maize,167,40,15.294886693533432,3,205.28905975290945
36,31,5,6,7.667126849590799,489,Sugarcane,122,96,13.907166590906519,1,57.11209892122794
55,37,4,2,6.788163554738566,724,Maize,63,73,13.45636308817007,4,78.43931870083829
48,21,4,4,10.541077702604905,865,Maize,57,32,11.20581953482907,5,59.8701284983485
22,15,5,6,4.874115884969208,447,Rice,125,67,11.954658097964359,1,17.371674819521385
10,28,1,4,7.322513918622342,601,Rice,184,64,16.873978760864645,0,210.7995198902535
22,15,5,2,7.424249044393736,421,Maize,116,28,13.759300006785846,3,20.008463537122154
23,11,1,2,7.749804836913437,643,Cotton,52,74,13.244552973859552,1,96.06631825248901
26,16,3,3,10.89079992878903,163,Wheat,181,69,8.531314764465572,6,65.59983863690435
41,36,2,6,5.74533496161201,253,Wheat,173,39,14.708891697620846,4,112.42070959163861
36,26,1,5,4.823385388098182,616,Sugarcane,63,59,14.860174479394725,0,151.85624986343038
45,24,4,4,8.942467702568864,494,Rice,180,20,14.90656569823958,1,56.02824264180095
7,12,4,2,5.390675799824377,995,Wheat,190,96,8.912221142656911,3,21.10036769057449
32,7,2,4,4.599456686836958,429,Cotton,185,96,11.004552600154906,4,30.331539902442866
14,4,1,4,7.413193764568428,562,Sugarcane,179,83,11.71226046236961,1,37.76963895671238
55,11,2,5,5.757171446865128,821,Rice,151,54,16.264968959280694,5,51.318630742006256
39,2,3,2,6.889732950943869,191,Wheat,165,84,17.806727341158386,3,21.88053906883187
33,34,2,3,6.07768864081966,321,Maize,95,72,12.147475934757276,3,116.89915085126366
58,32,3,6,4.741091701787326,289,Cotton,80,80,13.542807073324793,1,70.40320907908526
19,21,4,4,8.482777623393613,671,Cotton,140,24,8.073372586765627,1,45.283256199672905
37,8,3,5,4.2161473443158854,304,Rice,84,88,8.087792814211177,6,24.45359769012392
11,17,1,5,11.731002783955196,311,Cotton,111,79,8.74500229055302,1,210.75860046743477
16,28,1,6,6.73064417387973,869,Rice,114,38,15.194664422438343,4,191.49496834772185
53,38,1,6,9.56126008391843,188,Cotton,139,95,9.781365978210172,1,382.93006582721256
34,26,1,2,10.482902980379599,847,Wheat,93,76,15.578490106529152,5,291.66305563194817
25,35,5,4,6.232838364316441,462,Rice,148,27,12.318761514946534,5,38.51070713484617
35,16,3,4,9.989909672880547,470,Cotton,100,93,16.49969008706956,2,66.27361179801781
28,33,1,6,10.659366843397677,431,Wheat,157,37,16.703163736022756,5,358.00408339592184
24,2,2,3,5.930537870492908,807,Wheat,137,30,16.79832908156383,1,11.556472631603048
41,4,2,4,11.939957415168582,525,Wheat,82,81,13.435026380764974,0,38.52819870376921
8,13,5,5,4.165509462736715,943,Rice,150,49,15.885074302322844,2,10.92685602221705
32,2,3,6,5.736003841884329,554,Rice,107,24,14.619122336922288,0,15.035557010532212
48,22,3,4,10.240166050215944,794,Cotton,164,96,9.86713193258056,5,89.72135209582083
24,38,3,2,5.553048200446023,521,Maize,75,75,11.815167255102494,0,76.48971505130035
28,29,5,6,9.586078906449652,862,Maize,166,55,17.623623520880436,3,57.97468639041343
54,22,3,5,10.844243239863228,835,Sugarcane,124,46,15.725647014054083,4,93.71206295777712
53,26,3,2,11.673714181074082,270,Maize,142,51,10.629938769536707,2,118.78757392759826
55,9,1,6,7.793980123202156,809,Maize,106,33,10.809743375156705,2,84.89835651809547
36,24,3,6,11.768872983856939,348,Cotton,119,60,10.54181122845771,6,104.13721866652907
45,12,1,4,7.292978373453429,280,Rice,122,85,11.288150254971487,3,106.79311688761788
40,15,1,2,5.745024317395086,574,Maize,57,23,17.283073762634135,0,97.11825843910188
57,33,3,6,8.111374824677803,582,Sugarcane,140,30,12.335422905441982,6,105.1077794777061
38,36,2,5,9.198585954491941,483,Cotton,175,67,11.642524117326037,4,178.9442205131536
40,21,4,2,7.66370652839955,888,Wheat,83,56,10.391823353984304,4,44.91646712356579
6,16,2,4,8.535779551734333,503,Wheat,118,32,16.92408064854074,3,65.22481413134236
19,22,3,3,7.331273501817509,886,Sugarcane,59,92,17.57376560403126,1,62.29913464169401
38,35,3,6,8.198095632169998,260,Rice,71,61,11.235414505833567,4,112.61075936099117
40,8,2,3,11.620765375572493,347,Wheat,189,46,14.166534232475291,1,60.65082592417612
10,1,3,6,7.998649220290656,418,Rice,55,85,17.58433347438239,3,11.065493866238919
43,31,1,4,6.025437062474082,799,Maize,159,66,12.99480001012456,0,204.17485074209222
46,21,5,4,10.069972972100565,630,Maize,56,95,12.686623648676822,1,55.636961417915074
55,12,3,4,6.700675662252395,855,Maize,146,31,13.276942496552945,2,41.142826153792754
55,7,3,4,10.529657366571126,212,Wheat,159,86,8.331700319103463,1,43.84950001635007
58,0,2,2,4.454735911871081,889,Wheat,62,45,11.001190106554466,0,18.48179742373428
16,16,1,2,6.657423816869531,662,Rice,112,98,14.989922182571519,1,122.3843621707415
7,11,2,6,4.754879266085116,443,Rice,73,46,17.667295560964867,3,29.106056992398848
49,3,2,2,4.682542593966652,222,Sugarcane,143,54,13.687447201867784,1,22.84874005783232
22,12,3,6,9.267116473379499,849,Maize,146,32,9.90475835104261,6,45.71842570855095
44,30,1,2,7.082678410828859,418,Cotton,133,75,12.26813271316617,5,232.699862163355
25,6,3,2,10.9718315358809,673,Cotton,68,88,12.900196852217329,2,26.89835527704661
19,22,3,2,8.131241102988234,577,Maize,132,62,9.522247099493026,1,63.0613649882356
37,23,3,5,6.362745769378262,512,Sugarcane,137,78,11.292828010693302,3,57.7375123471076
39,4,3,4,9.767111103697559,685,Rice,118,31,12.450645422977523,1,23.423641607406836
30,4,5,5,8.992134332685598,344,Wheat,199,48,10.619021837402261,4,14.940335564634584
12,16,4,2,10.396756966633628,643,Sugarcane,109,24,11.53886398942469,0,41.95495385169638
40,29,1,2,9.14870621073508,556,Sugarcane,71,68,10.762443604754978,2,281.69288713152105
52,8,5,5,5.336107336791362,252,Maize,141,83,14.128215225088898,6,27.69177935700748
34,5,4,6,9.362480301336529,755,Rice,194,62,13.78602620345209,0,20.998186588035267
27,24,4,4,7.1323935809264825,114,Cotton,144,85,13.516952610535341,2,54.12732599022278
46,18,4,6,7.705144242060545,542,Cotton,184,25,8.967353192098788,0,44.15833859280217
48,15,5,4,11.372516605898758,403,Cotton,194,34,9.835576468932395,5,38.63109662791171
18,20,1,3,6.879712370381976,885,Sugarcane,184,37,9.108271689607683,2,143.50952801808268
18,1,2,4,8.895673143926711,344,Wheat,78,68,8.632809667696794,1,14.144719488184837
6,9,4,6,6.907853867297916,890,Rice,53,66,10.468298802087139,0,16.980573392172143
59,15,2,4,4.757819882862334,666,Wheat,153,21,9.94521471095827,6,51.01572259947787
41,36,2,3,7.628202736386404,653,Cotton,167,24,15.249963990020483,2,146.75994100837377
9,14,3,3,8.776492035677215,998,Wheat,65,56,14.958868193993206,6,45.03645970511918
42,12,2,2,7.26002633630079,554,Sugarcane,129,25,10.013391788331878,6,57.64021455676197
49,12,3,3,7.125329477425475,458,Maize,135,61,9.6556372328408,1,44.11335741996891
45,31,1,5,10.563028111155177,151,Wheat,124,70,9.448957535154303,2,350.75286391661257
58,7,1,6,4.237481378315762,110,Wheat,90,35,11.200499706223624,2,52.13807435584051
51,17,3,5,6.36468317392096,922,Wheat,109,95,10.941868683771288,3,53.50969635430067
18,35,1,5,10.494058123017693,699,Cotton,107,92,8.28537609554592,6,382.2431421716407
43,25,4,6,11.36424118888931,326,Wheat,161,86,13.678704680697782,6,93.06590258391623
29,9,1,5,7.298396686726626,213,Rice,89,49,16.980314694776975,3,74.8822659069122
24,30,3,5,11.110353945568612,636,Sugarcane,107,46,13.388566642467874,0,118.7292983975884
6,32,4,5,5.5914409770002615,703,Rice,126,61,8.638081324679677,1,39.56707651498334
43,28,2,3,5.771416542881381,186,Rice,97,83,13.99550954194989,4,100.22681177170375
10,4,2,6,10.769531012678428,692,Cotton,139,69,12.849560359643796,5,30.203328563419994
21,12,2,6,11.226061930724946,349,Wheat,60,58,17.06928844789767,2,75.28284045556634
29,0,3,6,5.78244614370134,349,Sugarcane,105,26,11.632194466133924,6,4.439069524609713
32,22,2,5,4.474593519748889,520,Sugarcane,72,92,15.519820304355296,0,64.02082093730733
6,39,1,3,4.722593096442302,309,Sugarcane,82,35,8.384402513615912,3,183.90912599300992
39,2,2,6,6.091046683010906,620,Wheat,165,75,15.214930854168543,1,20.300079641033324
41,2,5,4,10.09159261717436,710,Sugarcane,77,30,8.415265979827943,3,9.026837672353494
9,6,5,6,8.079934622370263,647,Sugarcane,164,28,11.447152777025284,2,7.602703800233882
5,35,2,2,7.644710737942157,156,Maize,181,20,17.48085823745609,3,126.43707373798543
44,34,2,4,8.673119449328007,162,Maize,187,63,15.032048031123406,5,163.48728243683786
16,14,5,6,11.121784907697489,437,Sugarcane,101,54,17.25023106061072,3,28.80179513090878
40,39,2,5,4.723443036525261,887,Rice,58,70,12.95852969599871,5,107.24239998794332
49,2,4,6,9.55779302109265,824,Wheat,67,27,14.062166253149009,1,20.24479278676937
27,28,5,3,11.414326765243242,914,Rice,131,90,13.177483055547938,5,69.48868543604831
51,29,3,3,5.7068003340672,631,Rice,115,56,12.788645864511816,0,66.02223058595632
35,38,5,6,10.702178527694675,858,Wheat,71,24,13.782306304175417,2,79.42403841614225
15,17,1,5,9.584197686076017,105,Wheat,129,95,8.388993550846441,6,175.3343772507146
14,10,4,5,4.1157482885851575,684,Cotton,150,40,9.856839378557583,2,14.202164867726363
7,37,3,5,5.852893442897026,718,Cotton,145,24,10.14621551191174,5,65.71155084523538
58,39,2,6,8.846758087167046,704,Cotton,123,42,11.828489316096086,1,192.25750250574907
18,0,1,6,8.019202715929694,610,Sugarcane,154,76,12.345551431526186,5,8.980320798294086
20,28,1,2,8.223490020214928,896,Sugarcane,65,90,15.397181379698225,5,243.1806525585375
14,9,4,3,5.855443396854581,560,Sugarcane,98,84,9.655400782247472,0,21.808936109361404
33,27,3,4,9.400027765669012,455,Cotton,147,44,13.698924908844702,1,91.97127942599623
14,30,1,4,6.131346967494215,318,Wheat,150,38,10.722891428946584,5,191.37930172541127
16,18,3,3,7.115479731827631,466,Sugarcane,112,21,13.156537444187627,1,41.75103505519271
34,2,3,2,6.95132732704061,988,Wheat,105,31,14.266153268814936,5,11.084600596736719
45,35,1,3,9.376200176959188,660,Cotton,147,61,13.82450533553855,3,345.54103883392236
5,14,3,2,4.722022093465739,463,Wheat,157,44,10.153807979834545,0,21.20689630963894
9,32,4,2,5.644335208321482,489,Sugarcane,126,67,15.094531295373663,5,40.30277010679896
24,25,1,5,5.603976565480543,394,Wheat,86,50,14.53787857342159,2,150.62029057330903
12,15,4,3,4.867397392925681,604,Cotton,189,77,17.32003283303111,5,23.32950373348103
47,35,4,4,5.660759830691672,387,Sugarcane,142,80,14.341519245304044,4,64.05034059508904
16,32,3,6,8.856482143386835,276,Sugarcane,147,63,15.20324408034855,5,102.20177300523495
5,19,3,6,9.857345366993506,398,Cotton,81,28,16.110276529172538,2,61.64062117666618
58,12,1,3,9.282427575752981,719,Rice,157,40,9.060042827407502,1,126.6209030167536
24,32,2,6,7.801505103847059,383,Maize,123,73,14.963342719208928,4,134.0938445944101
32,4,1,2,4.419476568768509,912,Cotton,121,90,11.185802305752613,1,31.359958112317727
47,36,4,6,11.672056085494201,676,Wheat,70,32,16.231487753294175,4,106.51835274847286
41,13,3,2,5.344611686699936,917,Rice,189,32,12.801805103611377,5,35.749523864618666
51,26,4,2,9.347370963245368,153,Cotton,152,71,13.806158547840479,5,83.79116186620348
41,22,5,4,11.303124923856888,918,Maize,147,47,10.603375741559994,3,54.71081041134089
16,13,5,6,9.582216767847909,910,Sugarcane,111,65,14.505651185795475,1,26.808382415097217
41,39,4,4,5.744397121511602,419,Maize,87,67,8.356493300798244,4,64.2565675735374
53,3,2,6,6.526370390112184,578,Maize,147,59,15.485742842726223,2,28.25560902820383
53,38,2,2,4.241646936088761,641,Cotton,159,73,9.63295842006195,3,103.46198985675588
48,18,1,6,8.902065926736908,857,Sugarcane,89,46,10.275745512086743,1,178.7452481156609
32,3,1,4,8.903943847052533,821,Sugarcane,193,98,8.00910262852845,0,47.13405408802907
51,29,1,5,9.804004651011034,320,Maize,68,22,11.131746349069196,5,304.2629072327773
19,18,3,4,4.087970314204971,781,Cotton,78,78,11.882492180614683,5,37.22088979169723
10,30,2,5,10.542730310595733,442,Sugarcane,158,37,10.339996971092908,3,161.79316068820916
48,30,4,3,9.909687659202465,313,Sugarcane,134,43,10.302104121003895,4,82.46639702520035
24,8,5,4,5.127092876192711,421,Wheat,59,80,16.92980988121682,5,11.472681443880168
54,12,2,6,6.781012874151829,680,Maize,165,76,11.264525040317103,0,60.03862500559497
18,13,2,5,9.108199143233733,845,Rice,157,63,15.222821079558218,0,66.08402330432789
6,9,2,6,7.966374999522623,114,Maize,56,66,10.373814932084617,5,36.04341710776647
13,30,1,5,4.920754111210099,579,Cotton,68,91,16.090412282265614,5,158.56751168638604
41,36,3,4,4.698763001092719,977,Sugarcane,159,56,14.77741991204918,0,68.67701088023082
24,22,4,4,10.251650392864732,233,Sugarcane,82,56,15.562039923154021,4,58.48519980762109
30,26,1,6,5.247736944142479,817,Wheat,72,92,12.395367685921787,3,152.46702072439555
33,5,3,4,5.376741391443549,123,Sugarcane,135,64,16.795645652198495,6,15.748747040182007
5,25,2,6,10.647385002854062,476,Sugarcane,149,49,11.740124238733076,0,136.22702821503523
59,1,3,2,8.897117076505737,696,Rice,159,34,14.008950500489242,5,15.595014185367008
39,12,1,5,8.83772486523178,241,Maize,198,95,14.400721142429376,0,126.22755417082817
10,18,2,6,7.83476617090672,751,Sugarcane,131,46,17.522513859725287,5,75.92850636705926
41,0,1,5,8.551960115218328,538,Cotton,151,66,9.34522689161787,6,19.307854597919576
57,39,4,2,8.814157522974488,423,Rice,140,66,9.356051471466522,4,106.95110562104871
9,31,2,5,11.742609878748642,221,Rice,86,50,12.62051416667104,1,187.11716428169808
37,21,3,6,5.783786459740634,399,Wheat,98,96,17.178756196656416,1,55.06248797308652
53,28,1,4,5.716499357603673,440,Cotton,88,34,8.216851079714077,5,180.1446174613072
55,1,5,5,4.457747901642525,278,Rice,79,73,10.762756072989832,3,9.94860220128648
18,39,3,5,9.265590390474578,307,Maize,92,88,10.835863240773104,5,127.36963464210376
16,37,3,2,8.392337446578095,265,Cotton,81,61,11.049526028018896,6,106.95836919038481
46,10,2,3,4.889913630773118,140,Maize,175,81,8.247049691131771,5,40.010661893621865
24,16,3,4,6.916311480945498,733,Wheat,144,44,16.25606333330468,0,41.84706937410845
57,7,1,6,5.429305642649631,655,Wheat,51,31,8.089094526600771,2,62.480304056318154
54,21,5,2,6.651853923206892,174,Sugarcane,96,28,12.777039539928971,1,36.2644361665381
28,3,4,6,11.61011335515688,579,Maize,148,56,8.563590230394862,6,16.241845374876938
47,10,5,6,9.466550711044231,447,Maize,72,28,15.986440296290374,0,23.3515789757235
38,7,1,5,4.060552806361136,371,Wheat,183,88,15.46585836984329,6,44.35081388901141
29,8,2,2,6.020064590272989,265,Maize,134,74,15.21530861664715,3,33.409433290817695
54,25,1,2,4.082892376622232,861,Cotton,90,65,15.362649441084912,2,120.54698997097438
33,1,3,4,9.718947990149445,185,Sugarcane,91,90,17.402395550995404,1,20.635048619061603
43,15,2,3,7.755374416443827,748,Sugarcane,121,60,12.16810912816769,1,71.89148865043754
35,30,4,6,11.952149534515115,944,Cotton,187,26,16.615748039250786,5,92.45505257764847
51,5,4,4,9.868666088181266,650,Rice,161,24,9.842322530599832,5,23.41603034341621
47,20,1,4,8.143303541663055,698,Maize,99,71,12.512645030884103,0,182.3793305149797
54,25,3,6,10.437643425665081,254,Rice,124,94,8.089090944128934,0,111.68508848779308
27,18,4,5,9.638429209872609,771,Rice,185,56,10.841402933110654,2,50.151227079000854
48,27,5,5,5.950209421087897,675,Maize,50,79,12.581594761218462,4,48.67731019607962
42,7,2,6,8.242066198620133,322,Wheat,50,55,17.092898384256127,5,39.45861782562366
24,13,5,2,8.447989798672566,516,Maize,76,20,11.169515652483513,3,20.858319771684506
27,23,4,3,7.6098535888624275,461,Wheat,158,20,14.72408552712728,0,48.04066346193096
49,36,4,5,5.433540982842896,445,Cotton,174,97,16.339668053818464,6,63.271286642991036
56,25,1,3,5.786952413263096,245,Wheat,72,79,11.265297313036697,0,167.6498637817977
20,30,1,4,6.248379207647693,815,Rice,188,60,9.69228201695091,6,193.90830526439294
54,31,2,4,4.08204119502531,166,Rice,158,84,13.911941441266418,6,83.71057423159114
46,1,1,6,11.335551137356074,616,Rice,188,27,10.843838483971236,1,21.446135720202196
59,24,3,6,9.48876793266783,158,Wheat,149,60,14.524521091892161,2,91.28969828261816
12,1,2,6,9.516938526275766,687,Rice,151,66,9.347010433352636,6,7.136065867530714
54,0,3,5,8.57864491047297,871,Sugarcane,80,55,9.515948436752597,5,15.031565019140405
25,35,1,3,9.514486465288474,859,Maize,104,23,14.759230683884201,6,342.37727670465364
5,11,2,4,11.854900398989091,115,Rice,111,61,17.735594399719393,4,64.67362638800319
59,8,4,3,7.0812827010759465,686,Wheat,196,21,10.46896314179661,4,27.387538028838765
12,35,5,5,9.70020469501251,967,Rice,145,66,15.13912834320271,3,66.27834582553552
33,27,4,3,6.876232035020226,585,Wheat,89,39,13.320406118033185,3,45.829533802002196
36,37,3,3,10.834310389974608,988,Maize,151,49,16.438415328663382,0,145.58733131675808
42,32,4,6,10.864228855120281,275,Wheat,66,49,11.888859923772905,6,97.55927633904648
9,21,4,3,11.21813140338788,421,Maize,148,20,17.71713996029532,2,54.447482372108766
51,24,5,3,4.043706593935027,560,Rice,61,77,8.82396868896866,1,34.98790638726846
26,17,5,3,6.385531559968759,235,Sugarcane,192,86,17.846478369418442,3,34.38546188158978
51,5,4,2,5.071394809612769,527,Rice,62,42,16.462373113802762,6,18.167003185908897
38,17,5,4,7.6318895831212545,888,Maize,143,64,16.664581277476756,6,37.27681881443588
5,15,4,4,7.9635971414343825,893,Cotton,155,41,16.424034375786874,4,22.55828140042166
59,14,2,3,6.047232342637244,779,Cotton,68,68,16.618636788196724,0,64.0283357661493
59,7,4,6,9.787571936360564,641,Cotton,106,67,16.15152595318406,6,34.92966572514205
30,12,1,6,6.158157737511755,421,Rice,141,82,16.995171362273076,5,90.44621170400526
47,6,5,6,10.831131002266869,435,Wheat,109,67,12.608007413822872,0,19.564501414393035
14,16,5,4,5.421274945134295,880,Sugarcane,153,63,17.39290947018413,6,16.189584204835175
34,31,3,5,6.937882358122269,612,Sugarcane,181,70,11.849628530732259,1,83.8362285283243
54,21,3,3,8.97790206739444,270,Rice,176,81,15.285166243343449,5,80.92743525346073
22,12,1,4,8.842680563706026,228,Maize,150,98,15.103525766383086,2,119.46020405772371
21,22,5,6,4.624232896041148,779,Rice,184,60,16.20896502368798,4,24.612978193083997
30,28,5,4,10.770068897527587,517,Cotton,117,99,15.383826358154604,5,67.13978893428796
12,21,3,4,8.784519467438201,496,Maize,136,46,8.353795069703912,5,62.49881203042031
51,0,3,4,10.958876389657348,160,Sugarcane,157,76,15.391528325991338,5,18.614138870615758
44,28,4,6,10.941084625822949,216,Rice,186,61,8.232967664177522,0,91.28741639598393
53,4,5,5,8.367349523000248,933,Wheat,170,31,13.332303119270723,6,16.58425882000288
16,34,5,2,11.286251658491503,734,Wheat,58,79,16.389493069830124,5,84.27401899720121
31,9,4,3,10.787262390507648,871,Sugarcane,180,83,16.295751606418907,0,38.59349661971528
12,18,5,3,11.664983556494168,572,Maize,126,23,16.413129912580217,3,43.220320154801584
29,36,1,4,10.80398718847525,837,Cotton,112,58,14.024106277775834,4,398.4105287129696
50,6,3,5,10.569630808009196,496,Wheat,168,38,9.83812045690718,1,33.66099230755635
8,34,3,6,7.754883845415292,903,Wheat,142,81,13.079781179747798,0,92.79511732717704
37,12,3,2,5.696248483023422,963,Rice,179,64,13.162118899219694,5,31.263826551117702
5,9,2,2,11.285669864603888,797,Sugarcane,87,80,11.247677508861912,4,55.69012521196912
23,1,1,4,9.780393491568606,696,Wheat,56,50,12.24099275917294,2,17.61082640198614
35,5,1,4,6.253982913588162,317,Rice,153,68,16.72176668365151,4,40.11870973971525
20,7,4,6,6.72796578204514,754,Maize,187,50,13.179278357107883,2,11.59660775202932
18,35,2,6,9.488628094857765,576,Wheat,126,61,15.047438206724141,2,173.63151746674166
57,24,5,6,7.822538466829367,701,Sugarcane,50,67,12.958114783879502,1,56.45094466771586
52,39,1,4,4.651860494770946,952,Rice,86,39,14.174712972808798,0,194.9926582644604
9,6,2,5,5.131583565965256,367,Maize,143,39,8.925869976778221,2,21.70067236993579
45,22,2,4,9.96518946809849,175,Rice,115,35,17.31388206844717,1,122.6186328716666
30,18,1,4,6.628556227854647,168,Cotton,149,76,12.359330663893772,4,133.51082100200205
32,21,4,2,8.061195427216314,544,Sugarcane,125,38,15.483026692872553,6,45.20837533110997
6,12,2,6,10.132971826028207,397,Sugarcane,54,32,14.671011263589488,0,60.46304660630665
54,20,3,3,10.00940474964842,573,Wheat,105,39,15.99272183620035,0,80.06369553263664
10,0,2,6,5.336120215098191,259,Rice,91,95,8.348729066504918,1,10.69560513797703
13,18,5,5,4.787150915192282,997,Maize,98,68,17.35351865206922,1,17.469712025771738
37,32,1,5,8.72921834372072,107,Wheat,95,45,16.297468447040757,3,298.30546418191136
45,3,5,6,9.933062991449916,830,Sugarcane,120,54,16.337615609020652,5,11.385426958185096
29,2,4,6,5.192319375963283,584,Rice,51,60,12.67113442229292,4,13.687786846245688
52,26,3,4,6.975642298618198,921,Maize,116,29,15.963239078909085,3,70.81199377920387
17,34,1,3,10.962223967741124,187,Sugarcane,181,95,13.751820353077633,6,383.4716511734446
13,27,2,4,11.553785132482568,240,Maize,111,43,13.034780359638578,3,161.41420161597514
57,5,3,2,7.632558087597475,640,Rice,161,92,15.849219742826069,0,29.51190794338634
17,5,2,2,4.636127472246664,624,Maize,129,88,14.278000329317557,3,26.2207565476391
35,22,4,5,6.061571649619019,925,Wheat,76,50,8.771604169846306,4,40.49181614757669
45,32,1,5,5.863759362524264,674,Wheat,135,73,11.145096215181931,1,206.80492951646752
15,15,4,3,5.911709764328456,442,Rice,116,77,14.220927047582295,0,26.452147699551496
8,23,4,5,7.951053643034,786,Sugarcane,162,79,17.038009154460063,6,50.88960321698134
38,4,4,2,8.665805213532568,315,Cotton,171,30,17.330008359807962,5,12.625363800628996
42,12,4,3,4.980076709439483,605,Cotton,194,92,16.38911622349041,0,25.13162225251112
50,11,2,2,11.114848052226675,846,Cotton,120,59,10.543125395615416,6,78.60239430111682
8,4,5,6,8.959790586248918,698,Sugarcane,106,74,12.733818748471931,3,6.5847446655786355
42,36,2,6,8.778013842144043,173,Wheat,79,66,12.333903946721023,4,171.99155360448904
23,30,3,3,11.898231987074272,905,Wheat,193,80,12.386852999145358,1,130.71846900716972
10,27,4,4,9.025151819945002,680,Wheat,163,99,8.497845828410796,4,64.7585700768308
38,27,3,5,11.43167319440948,168,Rice,171,93,9.736380353394473,2,113.40497062959287
22,29,2,3,6.290055778878334,322,Wheat,153,53,9.532602351427908,4,108.05872387940774
17,17,4,5,5.92103592277198,996,Wheat,152,81,14.172685632370278,2,28.127228757983804
45,26,2,2,8.132149494595625,485,Wheat,123,98,12.117983635864759,0,126.8429397598279
27,34,4,4,8.06887158109333,980,Cotton,147,64,11.243880026871086,6,74.71055091548162
23,25,2,5,5.811869195871175,384,Maize,63,24,12.439050903986452,4,70.42722642170956
49,38,1,6,9.597245255199581,221,Wheat,179,70,11.242140496471514,4,382.04825986523673
15,17,5,6,4.237070553893546,874,Maize,104,77,15.574698196415753,4,15.996003551846918
5,32,5,2,9.52504378039562,832,Wheat,75,22,9.670419343617379,6,47.02352071485626
28,24,4,3,7.657423088986401,540,Cotton,93,42,8.561347341733336,3,47.2445375170982
58,30,1,5,9.512060086760632,922,Cotton,118,29,14.507054225947726,0,301.7823241779468
11,36,3,2,7.816645045132152,556,Maize,87,66,10.305791517536274,4,96.73141906407484
29,1,1,6,11.81867026307756,263,Cotton,129,51,14.43354276529444,1,27.449441293055997
25,32,4,6,6.677479608824942,362,Rice,61,67,8.585417734540547,0,58.87811805537595
19,38,1,6,11.860583496019107,191,Sugarcane,154,46,10.470971229783778,4,457.2382785174787
5,31,3,4,4.519791539831803,877,Sugarcane,157,55,9.538838566951817,6,50.39912358325512
16,17,4,4,9.470086198060454,435,Wheat,66,73,10.906733107926742,5,41.776319810440405
11,16,5,6,7.633753654279297,685,Cotton,74,39,11.288552531329042,1,27.017623751112296
19,33,1,3,10.577101004237601,413,Sugarcane,137,22,12.951968051955804,5,352.71004103564206
25,38,5,4,10.316928557735984,701,Maize,188,88,13.201386452999579,3,83.52245252632727
23,6,5,5,10.401681463007499,965,Maize,195,22,14.300980389312794,1,10.866174285424297
33,34,2,4,4.757908794420158,907,Maize,52,59,11.316521216948445,6,94.51651525001667
29,29,3,5,10.578925598890358,565,Wheat,132,79,13.32021242785495,0,115.47133946855783
37,11,1,4,5.712321259550087,740,Sugarcane,119,89,17.901173272493367,0,81.78678440336326
53,34,5,6,4.205442110872278,500,Sugarcane,136,98,10.10639275899922,2,42.68818581218378
36,10,5,5,5.741909757475291,660,Sugarcane,120,89,9.527058077301163,2,17.649158887790154
53,3,3,3,7.834280837598662,697,Maize,160,42,16.42564102278028,2,22.984857852418624
39,24,5,4,9.936890879291457,584,Maize,157,79,12.103655989517199,3,58.92341183747024
48,31,5,4,5.7490598466628295,755,Wheat,58,49,16.468836856685723,0,47.60654115790189
42,19,5,6,4.904060384722171,746,Rice,177,58,12.24689010660107,3,23.04822252427386
30,30,5,5,9.167738040191537,726,Sugarcane,171,59,8.216848618464443,0,59.991034488362146
15,3,2,6,11.87118429088014,376,Wheat,96,67,11.74873037893272,6,21.30220103219072
39,37,2,5,8.806962416684945,165,Maize,113,64,14.101306822336067,5,177.46994546192857
12,0,4,4,9.528458912987375,798,Rice,158,56,12.47554762104808,2,1.0
50,2,1,4,8.48933954997136,956,Cotton,161,41,12.593429685582922,2,31.98992997990597
18,36,3,4,10.258787553828032,300,Rice,96,71,17.98315942045242,1,133.53637719542434
14,21,4,4,11.806435361675558,567,Wheat,124,21,13.441271674823415,5,63.66456319139464
6,16,2,2,8.353033835233479,533,Rice,174,33,14.969397551849923,5,68.55135439661164
50,13,2,4,7.334324093941807,237,Maize,91,37,15.209729215852324,5,60.597621552360515
13,34,2,4,10.882744489281013,151,Rice,98,69,8.001712553679752,2,193.98369620968862
7,12,4,5,11.757826750079921,824,Maize,79,34,13.52460978194697,2,35.47708019763784
25,34,2,4,5.033453126956544,551,Rice,57,56,17.630562755681627,4,94.61104668070038
30,1,4,4,8.625367723791022,257,Wheat,134,21,15.50822822827819,0,7.684330196387167
12,12,2,5,10.33967994036798,901,Cotton,57,93,11.404274204578694,2,70.97737009425435
52,15,5,4,8.266715241251127,961,Sugarcane,177,88,11.645712105139314,4,37.59512672007236
6,17,5,4,7.27357574554359,305,Rice,60,51,11.036171977864214,4,22.526719129489813
10,6,1,6,9.241838569083365,441,Cotton,170,85,14.302082702182322,4,61.60433536286174
32,35,2,2,6.161024756106786,932,Rice,170,76,8.973154896953176,5,118.13406218455548
57,29,1,5,6.793069943506955,415,Cotton,193,80,10.900004138028887,5,215.25606089082675
33,6,4,6,11.938213271050756,235,Maize,120,24,12.982144757254499,5,26.791921725444496
30,14,1,3,9.091722674995964,174,Cotton,181,37,13.352170703470671,2,136.389963860221
29,39,2,3,10.983418386488598,548,Sugarcane,145,67,14.074076696512082,3,229.52005954599042
16,18,4,2,10.462148104297148,168,Cotton,150,59,15.972249860516701,3,43.96143701859603
9,36,4,3,9.218180435152192,912,Sugarcane,71,87,9.632364268018625,5,93.82912790686633
38,1,5,2,10.725832659670186,660,Sugarcane,62,75,10.250152232713756,0,10.387376761060686
52,12,4,3,6.297267963468568,301,Cotton,131,23,16.72312803104723,3,29.658066415270245
41,39,4,3,9.096931590498386,673,Sugarcane,62,36,16.31158925658577,2,92.94482508888635
19,30,1,6,8.724827916191847,266,Sugarcane,175,71,16.215707246002875,6,272.0548727153402
48,15,4,3,8.979356806346757,816,Maize,144,82,10.0861577898137,0,46.311764733005674
40,5,3,2,5.349055417174202,760,Wheat,60,61,8.58256672333204,0,18.25032507833542
19,27,5,4,6.217944319984547,220,Maize,112,52,13.234148587854598,5,33.54878336605914
47,31,5,4,6.293266550340313,920,Wheat,151,37,16.70042794795425,0,41.730920943729735
52,9,4,4,8.815569300582105,196,Wheat,100,46,10.375168831772227,1,37.861551305654444
27,17,1,2,11.780375043518289,476,Maize,96,98,17.04200301188053,2,215.35342776006073
10,3,5,2,11.632540409457185,590,Sugarcane,53,80,9.415325017560537,5,11.53431913390285
50,8,5,4,5.8175164239175725,152,Maize,56,44,10.980961999296454,2,27.422647782729126
54,6,3,3,6.43876194453418,108,Sugarcane,136,80,10.982882370961903,3,28.982227167272228
48,7,4,4,4.288495138233337,430,Maize,80,29,9.511001698718792,3,17.870363992722964
47,6,5,5,7.190524718875153,350,Maize,167,99,16.72778172835846,2,24.05400299927892
49,39,5,2,10.67739297344291,459,Rice,135,23,12.125899427802374,1,86.51717094037843
25,2,5,5,11.32601391188912,448,Cotton,79,50,9.906574514000914,6,9.578156806224575
27,16,5,5,5.891971836543549,223,Maize,92,51,9.472442489377716,4,26.136405954639393
47,1,1,2,6.126355787910714,733,Cotton,134,43,12.209141028180735,6,21.252011744659114
59,14,2,4,5.7667985320700295,298,Sugarcane,199,78,8.172883907131872,1,63.204052510437315
20,28,3,6,6.80082854059663,928,Rice,153,37,9.210560940959995,6,67.54757134785443
51,21,1,5,10.438075188724358,510,Rice,161,94,8.036980855153786,1,241.2962786868233
57,3,3,4,9.17485975907568,479,Wheat,199,91,8.24385466236524,3,32.46046935308664
19,5,5,6,10.2875273429096,604,Cotton,112,84,17.973737268480058,1,12.325021684409823
29,37,3,5,8.66424885068245,194,Rice,53,21,12.488892160223163,3,110.52787135709801
40,25,4,4,6.061864624473174,129,Sugarcane,139,40,15.28924778518423,3,41.67157450071765
15,10,4,5,5.823953441700353,191,Wheat,171,61,15.370807486825306,5,15.735330893715812
55,25,2,4,4.072005646909998,695,Rice,52,44,16.804074759575837,6,70.68906846935683
19,16,2,3,10.247857094992579,114,Sugarcane,130,72,9.037457840286077,0,90.53692426533993
8,23,3,3,10.776969809317741,754,Cotton,132,28,13.256725018621324,6,79.97197688995506
25,27,1,2,10.146260797027331,920,Sugarcane,131,61,11.217193607678318,5,279.9191674083013
17,34,1,6,4.595216461827926,559,Sugarcane,166,47,13.484823356832738,1,159.43249012032226
26,30,5,5,10.097773017358929,820,Sugarcane,192,56,11.321195265554959,6,59.91238637340389
23,12,1,5,4.3661396252021545,122,Maize,100,80,9.836579477175185,1,65.4397894942141
38,34,2,4,4.844744525651129,425,Rice,84,78,14.72827226991345,1,102.95431083810294
18,15,1,6,7.523802983461338,976,Sugarcane,175,51,8.384289408658363,5,123.20986355984185
8,14,5,5,7.809176071398721,755,Wheat,129,60,16.953855268538618,6,19.88303963698809
52,17,4,6,10.52894909294957,186,Maize,64,94,9.462654527484812,2,64.08659196876232
57,36,1,6,9.436215136327284,292,Sugarcane,182,43,14.151442279314022,4,357.5319706813209
56,26,1,3,5.22656142904973,784,Sugarcane,73,84,15.542047610945591,4,150.6366010386468
50,34,2,5,5.809174265830411,362,Rice,51,99,8.729274754728932,2,121.83152004534888
31,34,3,5,6.285401506069494,528,Maize,94,29,17.032945679694606,5,80.1527193139381
33,27,4,2,4.989381099638867,906,Sugarcane,144,69,11.561771859860595,5,39.002675994714224
51,38,3,6,6.3011590908738455,459,Sugarcane,143,82,17.967264257409575,1,97.62205070701056
32,37,5,4,9.828785244317864,661,Cotton,172,84,8.687819204467836,3,83.91818861050587
39,8,5,3,5.931211760858264,532,Wheat,86,77,15.167733945262219,6,14.728395065147318
12,11,3,2,10.682877176483093,659,Wheat,167,95,9.607144436709763,2,49.933435802987034
20,14,2,3,7.756135961001663,607,Rice,134,65,12.026926107335631,3,65.42779345008302
46,20,2,4,6.583486089955111,148,Maize,189,47,12.432124686524004,2,84.14636328474924
40,34,2,2,7.2993448363909845,267,Sugarcane,171,99,12.061548457187484,1,148.15666591740595
34,32,4,3,9.675973924747932,778,Maize,199,78,11.375730732276825,5,84.87775304698125
22,18,5,4,8.134341625967922,540,Rice,166,23,15.67209520741115,5,30.67431803703624
6,22,5,2,4.058229311800464,693,Cotton,121,60,16.198895291175205,6,11.910554079220045
53,12,5,4,11.3785907726806,674,Rice,149,79,11.356141834382843,1,39.27188411032259
17,0,4,2,4.527968024014814,327,Wheat,56,81,12.826449115436702,2,10.956977583020967
8,28,5,5,11.508970790515086,313,Cotton,52,30,12.21757997630278,6,62.11591574944247
30,23,3,5,4.225222588960437,741,Sugarcane,53,39,13.935168652765302,1,37.41972382514928
29,15,1,3,10.167834679659588,979,Rice,57,26,9.502660252559627,0,159.11103457223584
34,24,4,6,8.277397665466307,253,Maize,94,81,16.056849411136866,2,59.926353628214414
15,22,1,6,8.045809444832848,853,Maize,197,26,15.970127181305317,6,179.81282864477467
11,27,3,4,4.582228020352036,707,Wheat,182,83,13.9041315857809,1,41.51475418774992
35,15,2,2,5.90996008270333,506,Wheat,118,77,15.461442279361432,3,58.146902974817124
48,37,2,5,10.220378536521537,988,Wheat,84,23,17.88505167902411,4,197.85156857715418
14,10,2,6,11.130078639379953,843,Wheat,192,91,17.22508008023052,4,63.34197747795826
43,2,4,5,8.232949448423836,849,Sugarcane,66,33,14.114489488658153,1,17.57850359966201
17,14,2,4,6.826747170900763,117,Cotton,125,42,13.114014237606472,3,51.68965481974115
35,0,4,4,4.479545664513687,566,Wheat,171,55,13.34527061402239,3,3.6380358373348365
11,6,4,2,9.457428208530724,443,Rice,128,43,12.666145034284476,4,15.76920450451681
53,0,1,6,6.227572885490261,423,Sugarcane,140,40,12.802259775845243,5,18.319916714005167
46,31,2,4,4.440109719937174,345,Cotton,163,82,15.32037010734505,5,89.84533384827668
46,8,5,4,9.326813832788977,159,Sugarcane,71,66,17.921216308348747,0,25.31857394166
40,28,2,5,7.885758348270067,593,Maize,186,88,8.453142972497186,6,127.31302886417686
24,25,2,3,4.0956971976137915,741,Sugarcane,96,34,10.301881219534495,0,58.71914531774946
8,22,2,6,4.887392312850777,961,Sugarcane,52,50,10.102076368531005,2,60.88689423655072
58,28,5,2,9.593615433967553,148,Maize,80,23,16.328561800876507,6,60.10742350684059
11,37,5,2,4.509370664526308,777,Maize,62,23,12.197238506593227,2,32.15672064660133
58,32,4,5,10.927704518743923,779,Maize,51,63,13.25132267121614,3,103.67457097901972
5,6,5,2,6.4906102193594615,352,Sugarcane,160,80,12.69152335292352,4,9.673283473066613
48,11,4,4,4.709331763491397,947,Maize,56,82,16.536812868816238,6,23.855223794905392
49,30,1,6,10.078059025344523,482,Wheat,78,45,12.997198010875094,5,317.15346150833824
46,31,4,2,8.19541787562419,408,Rice,181,69,14.678459916490457,1,71.23263428633797
51,19,2,6,6.453120259034381,675,Rice,181,52,8.194835187201809,2,75.76752250479291
17,16,3,2,7.248786733354144,644,Maize,137,23,14.524544445671152,0,39.49584985055746
59,35,3,3,4.171299164838607,157,Cotton,198,76,10.409517149509663,3,64.06838971834067
26,2,2,3,9.301588300315432,917,Sugarcane,176,81,16.668686059134174,2,19.109641401183744
58,0,4,6,6.926189511707556,163,Rice,57,53,15.515541885546558,3,15.59532166447909
25,26,2,3,9.712300557825039,998,Wheat,91,53,9.092868997121103,5,138.06795954675653
26,39,5,3,9.025369167620378,224,Cotton,194,21,9.03471603588672,1,70.02254768317961
32,32,4,4,9.210033487277904,160,Cotton,186,62,10.929982873665724,2,81.84954483436006
13,19,2,2,10.343141688035459,479,Wheat,133,91,9.257635951263051,4,106.5726826375674
30,13,5,3,9.049264627010007,860,Sugarcane,118,68,15.403279022224272,1,27.35848125101836
13,35,5,6,7.34980743393514,237,Sugarcane,148,40,17.86816497124135,0,48.332940543062406
19,4,4,4,7.119420493877085,165,Maize,90,31,14.552567326502057,3,7.0369370730576675
14,22,1,3,4.9566568541188465,278,Wheat,103,55,10.490466954662676,1,118.80863373061128
28,14,1,6,10.235547305249934,897,Wheat,170,20,13.642723917205924,1,154.4916311353347
46,5,5,2,10.088867534036975,892,Wheat,92,61,16.056491286091298,6,20.033862490930684
12,32,1,3,5.9703869366841875,270,Maize,118,35,17.622074444882088,1,194.06830090667032
28,18,5,6,10.901455301585157,854,Rice,164,68,8.050717376497401,3,37.992542988153154
20,12,1,6,8.712026062325027,731,Sugarcane,149,25,13.236902913519934,6,108.12713874226625
53,28,5,5,7.829494739156538,443,Maize,65,32,12.532142789442329,5,53.83837718058664
30,5,5,6,4.139970413003967,803,Maize,198,64,12.144927263251908,5,8.379603079453219
31,14,5,5,7.06192948691453,286,Maize,180,28,13.038377063242052,4,21.111639440954303
41,15,5,2,9.125366145885305,326,Wheat,72,47,12.035060218176518,6,29.63304680257048
8,23,3,2,4.717982701507068,365,Maize,138,83,11.440155024278063,3,39.80884894946285
54,22,1,4,7.676538471100386,291,Rice,133,53,9.148077613247155,3,190.61112300633033
28,9,5,5,11.947487610892768,851,Cotton,96,51,12.998456027793813,0,19.614119360301636
23,16,2,6,9.732309097672541,705,Maize,167,84,16.210514152415886,6,77.94406458533852
40,29,4,4,8.374967100012835,225,Rice,84,71,9.047323314945816,3,67.91878652141412
43,9,2,4,8.264263079512613,573,Wheat,54,93,15.384913599537073,3,56.015639913611984
14,18,2,2,4.350120658065555,198,Cotton,53,85,10.677661185042863,4,44.9858372139025
29,28,3,6,11.658515499263489,443,Sugarcane,107,23,11.81243315975238,5,116.10491633403721
22,1,1,5,11.425421282280343,342,Sugarcane,156,44,17.880847028325142,3,23.270380818603538
23,35,3,2,9.459237685403572,119,Wheat,187,99,14.752114228161936,6,116.84547941315456
40,18,1,4,4.7920931974524,728,Wheat,172,82,15.191123197082987,3,106.98598414031653
14,6,5,3,5.662671173995506,458,Sugarcane,111,59,14.023909361745371,3,9.633340832588171
37,25,3,4,5.471276287004682,532,Wheat,171,88,11.223634970427357,6,59.972248082580606
59,14,4,3,8.15662788080975,710,Sugarcane,197,75,14.751158833063311,6,44.96505204154479
54,37,1,2,5.6624309960158845,586,Wheat,81,42,12.572683222446335,5,231.07977317778438
9,2,3,5,9.566404492353586,990,Sugarcane,97,22,16.32082802875348,3,10.185606009793077
51,37,4,6,8.361839087755111,429,Rice,75,84,13.710571599554513,5,92.80005646771679
53,15,2,3,4.141265416341244,766,Wheat,171,70,15.712360010970436,6,50.712207977971055
39,1,5,6,9.952457896285212,406,Sugarcane,77,44,16.4850810809932,0,10.239924811171068
48,30,5,2,5.510629893231588,284,Wheat,114,99,16.211196403641168,0,52.73740467223208
38,27,2,2,10.599080957445416,434,Sugarcane,168,60,12.021072657180941,5,160.3639638738516
37,6,3,2,6.840363496983832,605,Sugarcane,55,24,11.687565758271319,3,19.67396371571439
59,29,2,5,6.708957439853092,562,Cotton,99,83,16.690675545242406,5,123.0636031732456
25,6,4,3,4.094538686225684,102,Wheat,98,25,9.431001586402681,3,1.8834610339138358
21,35,1,6,11.901831863384137,768,Rice,95,95,10.794037804018368,0,431.95825397532457
26,28,3,4,8.89603471337491,274,Maize,139,65,9.210095376734213,0,99.86172481916525
52,23,1,2,7.3818413294879255,947,Maize,198,42,8.42091328173588,5,183.81535374858314
41,38,2,6,4.772971235690712,680,Wheat,145,57,14.158610572350284,3,104.20344439765174
19,3,5,6,9.593184513208135,632,Sugarcane,74,24,17.007805446071686,3,2.3750530605859232
39,28,1,5,6.261843759935511,397,Sugarcane,145,80,9.294160065196886,4,192.0123064891969
32,4,1,3,11.906246547004232,217,Rice,174,21,15.957090255734869,0,60.167151029364724
11,28,5,5,11.604378873194584,888,Wheat,154,22,11.793399100804812,0,63.0846554208377
36,29,1,5,9.882373430422309,741,Maize,112,26,14.181389151434448,5,300.024640770106
15,28,1,6,11.768575442263753,305,Rice,132,95,15.637417273520244,0,342.1953751082257
14,25,5,3,4.845070899630103,808,Wheat,115,69,15.100796140678753,2,27.63946639744109
13,18,5,3,6.239322884292362,234,Wheat,129,79,9.367039520008827,1,22.56729821255552
18,25,2,3,6.025946310329433,302,Wheat,82,84,9.153858071342489,6,86.93376943908717
17,36,2,2,4.57610126767442,134,Cotton,99,84,17.241933713001153,6,93.4313871671167
29,26,1,3,11.777812783771648,129,Rice,144,81,8.794711500341464,0,318.9258511174681
6,29,3,6,4.479792693175151,527,Wheat,130,73,10.183996923129323,2,46.26519163221959
39,29,2,2,10.853511231954638,922,Rice,146,72,12.383474359423134,5,172.55483536535607
11,2,2,4,10.145291396614713,356,Maize,86,28,16.210111007883967,5,11.846442985943112
25,6,3,5,7.006936699771676,480,Wheat,149,20,14.026259569318647,1,15.987361275972232
22,8,3,3,4.150458901038392,281,Sugarcane,112,34,13.711833761535884,1,12.75898615835708
7,12,5,4,4.048767239854956,307,Wheat,112,55,14.919548409757176,0,4.371234610514068
46,14,2,3,5.631950725551386,978,Wheat,68,29,16.02158538985863,1,51.38287387998518
58,4,4,5,7.951012640270345,740,Rice,198,69,10.325224837067692,2,24.7029853714548
43,28,4,6,7.663279825481211,674,Rice,88,50,8.189013829758034,0,68.18268480785169
45,34,1,6,8.68234061251942,538,Cotton,153,88,9.271971751999567,3,310.4133159335742
53,26,2,5,10.175674477286098,441,Wheat,132,35,9.651639635058876,3,150.1615397386262
15,26,4,4,7.018836918881646,688,Maize,154,98,8.400230382144246,5,57.833828281414775
43,7,2,2,5.282909564074539,477,Rice,109,61,15.475180365504485,3,27.504107001011224
28,31,2,2,10.400391334627392,510,Cotton,131,45,16.84924682240663,2,175.61911426209122
50,19,4,3,6.661525450649687,626,Sugarcane,141,49,15.106498585538866,2,48.43715649614697
23,9,2,5,6.295055182346806,482,Sugarcane,171,21,9.886232234449903,5,33.68461155033008
8,12,3,5,10.114496307433882,564,Cotton,173,86,14.064448042607994,1,44.81995274163963
30,28,1,2,11.473115504665156,492,Sugarcane,146,75,13.206036784946164,6,333.8125200219476
42,34,5,4,11.319690256086055,936,Wheat,183,43,16.199634372246503,6,82.83773603909688
46,7,4,5,5.099539406857429,670,Rice,184,86,17.422987400912895,5,22.604070127293543
36,28,5,6,8.025265227754396,250,Maize,182,59,15.429348496117596,2,50.55220146517405
43,30,1,6,4.742962269825387,719,Sugarcane,140,82,13.125386178964845,5,159.91154842959432
49,29,3,5,11.687807671251198,468,Wheat,185,88,13.110482583854434,0,137.2528450724142
50,21,3,4,5.721823087014715,206,Rice,151,78,16.077868670798942,4,56.66376431899394
40,20,3,6,5.579436598126198,238,Wheat,189,80,9.22514352403853,3,50.057744871739686
44,11,3,4,11.111085384051837,379,Wheat,150,71,9.533137626350609,5,56.111363054945926
41,10,4,2,11.74280444097572,171,Rice,174,95,11.435127442683143,1,47.34711069473483
37,1,4,3,9.581058074362053,722,Sugarcane,86,55,15.471389965183814,1,9.251753050891296
40,1,2,2,4.968040269593799,604,Sugarcane,192,50,8.65976676168153,3,18.47346460124775
7,33,2,3,7.886844884325391,837,Wheat,66,26,11.443236558188893,6,131.78988621934815
13,2,1,6,10.532840752492831,205,Cotton,86,39,11.185404562463265,6,25.72979958409798
12,15,2,3,8.579817469665961,600,Sugarcane,52,52,12.85737609515041,3,70.9962626375335
37,3,1,3,5.060758837826677,258,Wheat,153,36,12.637165095908017,0,32.60655642713283
10,22,1,5,5.375101996025823,249,Maize,170,25,15.144051877291806,1,122.61011433420614
45,19,1,3,10.91313340667844,113,Maize,94,39,14.255610749713703,5,225.29504692958068
43,24,3,5,8.216233309499867,104,Cotton,183,61,17.027699842867555,3,79.64985040212527
8,29,5,3,9.646694190133699,738,Wheat,148,82,9.806564341914854,5,66.83191842981144
17,17,5,5,6.984500209864518,372,Maize,196,60,12.32080945156353,2,25.856805293890567
53,10,4,6,8.259884663350732,437,Sugarcane,62,91,12.000956089040018,1,44.77682641491815
6,28,1,6,11.816825123101534,310,Wheat,106,26,9.125184936022679,2,337.6578314987475
9,16,3,3,6.637624295745105,426,Cotton,122,90,9.648276349647197,3,41.56407380286629
48,25,2,4,9.398308220066195,957,Cotton,132,48,11.366306077306293,0,131.29292045145132
31,22,2,6,5.380044457561838,828,Sugarcane,134,86,15.348023260393868,1,73.21240306528392
36,19,4,2,4.973919082082666,565,Maize,61,35,9.501612311119164,1,32.21584790525977
25,1,4,2,10.269120890072237,178,Maize,146,96,10.65318407250159,6,13.345797398343638
12,23,1,5,10.752865679897326,704,Cotton,114,69,14.764203281364857,5,253.21987786498104
42,30,1,4,9.346493562795324,849,Rice,98,63,13.966540338221883,3,298.5395165197974
12,26,2,5,5.265566700355801,845,Cotton,176,96,9.043938625951483,2,75.32994901425077
54,1,2,3,5.924703725140309,276,Cotton,181,50,17.43705043518827,5,24.900593615846496
7,13,2,6,11.289405664760892,866,Wheat,77,86,9.480289258169119,4,76.70085435232033
58,3,2,4,6.3096323903980505,932,Sugarcane,99,22,8.614071985230296,5,21.19761152074308
48,12,5,5,10.55088412957694,231,Wheat,61,85,11.042534234221238,6,39.08796936441272
7,35,1,5,6.287498311283213,876,Cotton,132,96,8.264675471685578,3,228.34695592357068
26,34,1,2,11.515700554587475,391,Wheat,67,94,8.307237897765718,5,408.0061851264926
10,7,2,3,11.315623302696025,790,Maize,156,26,13.787321955212391,2,45.450368864619016
6,1,3,5,4.346105389030304,477,Cotton,160,46,16.929507668609126,5,7.296564923960659
27,5,2,2,10.16331189493927,515,Maize,160,26,12.025443948778285,2,27.92808808471953
48,30,4,4,5.3556940818752565,443,Maize,183,27,11.021424859296783,5,48.44270624281347
6,9,3,5,5.722173007251052,476,Sugarcane,117,61,17.14627254600289,4,21.377028225064922
42,20,4,2,7.678761698651806,584,Maize,125,45,8.614613010772866,1,50.85368993148366
21,9,3,3,8.6105451979956,245,Wheat,72,80,12.733125809791176,6,29.59389872994148
39,22,4,6,6.606397751763936,754,Wheat,89,39,10.526023411536888,0,42.60620907977308
38,2,2,4,8.603066924433673,631,Rice,147,98,11.817111487035927,4,31.57925875116817
27,31,2,5,5.365266970729093,669,Sugarcane,97,98,12.107939216475305,3,95.91769548439531
34,19,3,2,4.178701235048297,395,Rice,141,70,13.45137620901005,6,40.44972848089982
56,9,4,5,8.569795106894105,677,Maize,106,93,12.532509561550716,2,41.55532059761674
12,28,5,6,8.139322079698552,444,Cotton,78,21,17.880494294094653,5,44.784982695942446
26,33,3,5,9.5172317126074,496,Wheat,139,49,8.255111902488878,4,111.17944385442887
48,36,3,5,9.198576495742596,574,Cotton,173,36,15.576588681623434,2,126.28596925636046
40,19,1,2,11.179891041871644,624,Rice,147,86,8.509953082161603,1,230.3131974989864
9,7,3,6,7.675748961292367,673,Rice,57,91,12.31070296160098,5,18.09123715552758
17,6,5,4,4.066955797543536,145,Wheat,142,62,10.018468474244608,2,1.0
33,5,2,2,9.045221452774832,704,Rice,156,68,17.45302300541623,0,34.461161801166725
35,10,4,6,9.401059436825747,527,Cotton,153,23,15.224903927904187,6,29.70478779477508
51,17,1,6,8.171959915167758,322,Rice,193,48,12.62847162328235,5,154.63198288057808
59,28,4,5,9.514438961929725,122,Cotton,141,91,17.522421173730322,6,87.20542955731685
20,24,2,3,6.588670505889222,968,Maize,136,53,15.212946202659195,3,83.35047372581346
46,20,3,3,5.1904664255286335,166,Sugarcane,142,28,17.519403789428296,1,47.614621622528134
34,2,5,4,9.316429311651252,725,Wheat,133,77,15.045748724260669,2,15.675971454415837
59,17,1,5,5.9614914337242295,582,Rice,130,93,8.777108101660453,6,127.78144674256491
20,23,5,3,7.650527274273639,305,Wheat,88,43,14.163053699275334,0,31.857461410624424
16,37,5,2,7.932981844893189,677,Rice,82,75,17.80349705348998,0,58.592069159419715
21,9,5,4,7.817596403747108,661,Maize,127,80,10.141821004440922,3,17.911647458086914
20,26,5,5,8.787593149439648,752,Cotton,80,92,15.927396840642913,1,52.28360446129124
16,11,2,2,4.235629671406871,357,Wheat,70,98,9.846320642128891,3,33.96543942398452
12,6,5,3,11.917459959440706,645,Maize,177,82,12.522371845391193,3,12.078136674918966
24,16,5,3,9.73048379150857,907,Maize,183,61,8.846637210337317,0,37.970255537305825
7,0,2,3,7.4031022543901015,352,Sugarcane,139,36,11.405861430439675,6,6.580171651071278
20,25,4,3,5.5306402423219545,680,Maize,190,90,15.762264819775996,4,42.8696860013271
34,14,2,6,4.64141857954685,288,Sugarcane,107,85,8.452680479512734,2,47.495411678225665
49,32,3,4,9.377523365008976,252,Maize,81,67,11.20196635512778,6,111.78429955397684
27,36,2,4,6.535644919668466,814,Cotton,108,89,14.297523152110285,1,123.56011727973483
32,30,4,3,5.835827665998944,176,Maize,152,52,17.48557421502087,4,50.9625267488065
55,34,3,4,7.039635096898667,802,Cotton,130,57,10.453517700100551,3,97.23366496833157
44,0,3,2,8.74338470246168,639,Rice,110,20,9.731500096384526,1,13.95478499358867
58,7,1,2,9.37364173347201,824,Maize,89,74,10.036706305638294,6,90.7723899467487
9,11,5,4,9.161360554836241,468,Maize,131,74,10.36808736840277,3,25.14006446221751
24,18,3,3,10.906124667935789,667,Rice,162,29,14.383215552406787,6,71.31450572044021
44,24,3,5,5.750059448560922,723,Sugarcane,138,74,17.986678517824064,5,64.3295778273419
48,31,4,3,9.093969305577083,854,Cotton,61,43,13.235912811148953,1,77.89655255818177
5,11,3,6,4.808915009488753,253,Rice,192,91,10.714307809857853,1,24.35761297135082
34,12,4,5,8.383477519193423,254,Rice,156,47,15.469597708192639,2,31.39748353832544
25,27,5,6,8.67166721991737,893,Wheat,58,70,9.582516406107002,0,51.982305550448345
24,0,1,4,5.729898391473389,370,Rice,197,65,8.300141730457987,2,14.000077636901345
10,5,1,6,7.133545039929895,661,Sugarcane,138,91,14.05264968964438,6,44.82157894817932
26,7,5,4,10.617543116670419,608,Sugarcane,160,48,10.102955542598211,6,13.431602893415745
22,3,5,6,5.187272430023707,489,Sugarcane,98,38,11.99237251807321,2,3.1983730286351473
12,4,2,5,7.476049580926722,167,Cotton,63,98,10.311366399747014,4,21.66087802655836
43,24,3,6,11.461864569691615,231,Cotton,182,24,17.180617328862674,2,103.94857959769439
36,21,3,3,8.032871421596807,769,Maize,175,68,11.37988641638314,1,70.99687252320643
37,27,3,4,9.801069694666296,944,Rice,97,74,12.490734883128596,3,102.64639773539106
57,38,4,2,10.614928316444407,364,Sugarcane,106,65,10.348429755383595,4,120.68722166878567
20,22,2,6,5.6301949987639395,781,Rice,142,34,8.848510116106603,1,68.36127130336499
16,3,3,4,5.745737884263459,881,Maize,109,91,13.125566185664425,5,13.897075034681983
42,3,4,2,10.068731648787068,319,Maize,130,58,16.687232692164237,6,20.12098294950677
56,20,4,4,10.026453905411207,651,Sugarcane,92,41,11.516816483178829,3,64.44665018475081
38,36,1,4,4.4814665651169525,998,Rice,131,81,15.809686042579369,3,176.48699836987942
18,1,4,2,6.579985925559715,388,Maize,140,88,8.326123233044152,4,10.385151208856996
40,6,5,2,7.188259935267504,178,Wheat,113,93,10.355086458086642,2,12.628576229268132
37,15,4,5,10.63232322776923,850,Cotton,51,50,9.314953270583185,4,52.26460371782277
27,16,5,6,7.3748980434378995,671,Rice,50,56,12.028823978187557,4,29.803059412347924
54,19,5,6,11.407431123225951,419,Sugarcane,167,42,16.943329287127703,5,49.96728506762883
49,22,1,4,11.97286221712512,417,Maize,113,23,11.735119304900511,4,280.3815930723785
6,33,1,3,10.245809325554797,586,Maize,121,62,14.03323629002106,5,346.3778521844874
45,10,4,3,9.33109351653806,946,Maize,134,57,16.98142119256471,3,36.35755085330571
25,33,1,4,7.135177327896982,490,Cotton,73,34,11.597865511261565,2,245.4307157377154
6,32,1,5,4.536315568416267,848,Rice,179,30,11.657556255764284,5,144.2463461165403
31,25,3,2,8.585110051169044,687,Maize,108,44,8.879830407764876,5,82.97145158246302
13,1,4,4,6.893639244351927,917,Cotton,151,45,11.490496514796043,0,1.0
5,22,4,6,6.8071846066587485,138,Wheat,105,58,15.461598812778872,3,35.24680894150134
15,21,4,3,9.501674021675484,298,Rice,163,75,16.446293786570813,4,49.09588611610583
7,33,1,3,7.709114868773086,204,Sugarcane,54,70,15.227505153695297,5,262.1195009597205
56,14,1,3,10.0167507581716,681,Rice,158,52,8.069253547158535,6,159.17838326122845
27,9,5,5,7.185385781483033,893,Maize,173,39,9.16976800005466,3,10.951681724914875
30,14,2,6,5.206907083892501,606,Sugarcane,168,71,15.30981997971438,1,54.912603301817015
8,28,2,5,7.690780209521972,669,Rice,85,53,17.423966586184594,2,107.20222819125328
22,22,2,2,11.608100114602905,428,Sugarcane,121,64,14.9536113028681,6,136.55023486204763
59,16,3,4,10.412197032932466,790,Rice,143,95,10.261033131710525,0,76.38935807230725
10,8,1,4,5.645994040586934,407,Wheat,187,23,9.0755836059504,2,45.99433987561693
39,35,5,3,7.130404013159541,321,Wheat,134,32,16.770162835563937,1,54.90271297009479
26,8,5,3,11.422336761764303,755,Wheat,101,78,8.990305119569431,0,24.05680910049186
47,15,2,2,4.989592469812532,915,Rice,181,86,9.510369637440007,3,55.46160338546343
19,35,3,5,6.031601934919488,126,Sugarcane,60,72,13.966927215285136,0,72.57828766375604
26,32,3,6,6.097781166975171,772,Wheat,154,36,9.899970780308966,4,68.72171480749348
41,30,2,2,8.567463005295867,250,Cotton,175,90,10.275933559748797,6,147.49290980552792
56,5,2,4,7.285866557690582,272,Cotton,162,64,9.422585688730504,1,35.779055691065125
46,9,1,4,4.638965391970399,822,Wheat,79,66,17.44326199545741,5,58.63130522838527
16,15,3,5,9.033451636616686,967,Wheat,172,97,9.249251812281209,4,52.58407801851589
51,3,5,2,4.792622916161202,121,Maize,137,45,17.313320624713096,6,12.922639755383498
53,21,2,6,8.851319455832625,909,Cotton,74,50,11.261969777888956,1,113.47841296779107
46,12,1,2,8.056067041808205,976,Cotton,79,50,16.215594900551018,3,114.45292923185494
42,15,5,2,7.9493492858025006,644,Wheat,123,99,17.499975694873154,6,38.32675152419382
22,28,3,5,4.5399699623938385,720,Maize,173,79,13.192577510993544,3,54.22545075595408
49,5,2,6,9.113763575068287,493,Sugarcane,188,20,15.70172124680791,4,37.322380736120685
39,25,2,4,7.450562068714646,146,Maize,122,65,10.660104670849659,1,105.70264188918875
34,10,1,3,7.288848978285492,707,Maize,161,53,11.82964192649274,1,85.69065638413531
28,23,1,6,8.771611171348294,224,Cotton,54,73,13.529867255662884,3,215.34373340011612
46,28,3,4,8.84998447957238,434,Wheat,125,78,16.50461176676052,2,102.69829446461516
34,2,2,5,4.120266366095908,394,Wheat,191,60,14.207380396813578,6,12.081535738532962
18,9,1,6,5.001807209625653,989,Wheat,197,70,8.220988240133753,4,55.13417451889382
10,0,2,6,5.892145766757765,913,Maize,69,24,11.047845655908638,4,1.2710784628773215
7,25,3,4,9.423818666767833,939,Maize,149,29,16.649718345079954,1,74.60051506282466
20,11,2,4,8.61392901623686,918,Rice,74,57,10.402368219294347,5,54.06004838752317
11,13,5,2,10.06103305907803,636,Sugarcane,159,54,11.679281702491796,0,23.024002720682237
56,24,2,2,9.924862444350856,693,Rice,176,85,11.896147231533714,5,143.66202230292993
18,7,4,6,10.825462953649206,669,Sugarcane,118,38,9.544527343545852,3,19.777522435128557
13,3,4,3,7.014518890179311,637,Rice,140,57,11.498120493526923,5,3.8274530218970977
19,27,3,5,6.760510929466422,396,Rice,51,72,16.174207189784532,3,62.56677833730626
25,6,3,4,10.648123224427707,143,Rice,189,69,16.490938684319275,6,28.58810575905817
39,9,3,2,5.900812270937476,696,Rice,77,97,13.808975441083305,5,36.47670469873943
6,35,5,5,7.689378989388856,121,Maize,93,53,14.787396049691615,2,48.75423928306288
31,1,5,6,5.554605216177998,977,Sugarcane,190,23,13.345727034667899,0,1.0
6,25,2,4,11.310725937113709,325,Rice,134,80,8.442725644705513,0,148.9533323695299
39,13,1,4,7.262424104773003,648,Rice,92,89,14.966848667151172,0,112.65206193914497
22,15,4,2,5.699895185846627,473,Wheat,104,28,17.96550875603569,2,23.59959650236546
18,16,4,3,9.536107124551297,712,Maize,185,71,10.278233258241558,3,50.03044792369233
24,21,4,4,5.957157425683829,753,Cotton,173,50,17.82151198933548,0,38.94782388336652
22,3,2,3,11.548028825361786,103,Wheat,113,87,17.97773600619177,3,26.547906787369413
14,18,2,5,6.940936118475292,123,Cotton,166,52,9.415146054874302,3,65.02375304975348
29,1,3,4,9.317125696814696,802,Rice,61,78,17.261351802916174,2,8.545869767782833
6,38,1,4,6.761959449259307,932,Sugarcane,90,54,14.755326345573083,3,261.75357615844644
29,8,3,3,10.45796466394779,421,Cotton,93,32,12.663718244548862,1,36.485980145339596
58,18,2,2,11.175381928182206,880,Cotton,60,98,11.446607174863914,3,119.14361889791614
37,15,5,6,10.30334687531829,638,Cotton,68,80,14.298015936230627,6,42.47949713362161
40,24,3,5,10.787992149820159,471,Sugarcane,174,67,16.42786677155383,1,100.92182352378794
35,17,2,4,4.815046623501088,692,Wheat,109,57,8.341023597850981,0,54.200693971098374
18,22,2,2,11.392517416264532,732,Maize,170,84,13.354622712979303,5,133.40536071926672
5,20,5,4,8.994405831002243,464,Sugarcane,63,73,14.502639843263973,1,35.154643740657214
50,10,5,5,10.953740257329597,168,Wheat,113,50,8.256032916623312,0,33.94527670053353
20,38,5,6,9.475494113483323,571,Rice,179,68,16.89077599599377,5,76.33686772375665
58,3,1,4,5.614781348349683,604,Wheat,144,41,17.517899194679718,1,36.69451210782826
50,24,2,3,8.876440813165413,412,Cotton,61,48,14.124913137723906,6,122.81615383780917
56,31,5,2,4.727569917785128,171,Wheat,107,84,9.170010744627438,1,47.706686333826745
7,29,1,6,9.56578424174527,345,Wheat,143,67,17.32411710325187,0,282.22216262972006
39,25,4,4,7.272009128644582,857,Rice,91,85,16.050070973829875,2,59.304284522119325
45,35,4,6,5.213865384801672,864,Rice,50,44,8.285482290539148,3,60.39358545658874
10,33,4,3,11.833838526947313,975,Wheat,199,40,13.79157627911492,1,94.66392201743949
29,8,2,4,11.20867539368545,172,Sugarcane,155,45,9.14537316379619,4,52.86479639503705
17,11,1,6,11.14834970722603,885,Rice,121,20,9.41066396205446,2,122.36686859333473
57,1,1,4,10.310562450818022,627,Cotton,190,51,9.925099449354166,6,30.35255020234568
38,37,4,4,9.53584900114814,790,Sugarcane,87,92,11.961884949872296,5,103.69561823567884
12,4,3,6,9.240635842337962,963,Wheat,125,65,16.763828608528218,3,18.177059543557643
25,4,4,4,4.848750701630842,139,Cotton,101,24,8.31075412673383,2,3.730500834185708
38,21,2,3,11.204529882547632,138,Cotton,160,59,14.89210969919215,2,128.93993320222225
8,4,4,6,11.049027170436883,155,Sugarcane,129,36,17.64550789050738,0,6.929997924380072
29,3,4,6,9.982821012198826,984,Wheat,133,72,14.412334437976625,4,18.246498883315233
19,8,1,3,11.41851967260098,844,Cotton,157,48,16.156050594068805,6,93.55574827482984
8,28,4,3,8.424667611183935,665,Rice,147,95,17.017723157625923,6,59.86552247509478
49,21,5,3,7.581138677740443,271,Rice,135,27,15.14797804810027,3,39.57109700088342
16,26,5,4,11.743579217330229,401,Sugarcane,111,62,14.59842798288511,6,62.011688138670145
36,9,3,4,7.713049502381248,589,Rice,52,34,8.179667439031965,6,26.32747494210713
36,15,2,5,9.130595528537262,531,Maize,130,53,13.18889089033459,2,84.50919519793447
32,9,2,4,6.984497174867512,800,Wheat,175,54,12.69225786702382,0,39.58399879622027
17,5,1,3,9.090609808157822,654,Cotton,140,52,13.227056270551659,3,50.75326798987879
35,4,2,5,9.760791965005502,103,Cotton,152,40,12.32480390240753,0,27.988836887736383
18,5,3,3,8.997244202308403,360,Sugarcane,159,38,17.06557514690062,3,17.417458485701687
24,24,5,2,8.116503529729581,980,Sugarcane,144,20,16.890300895535532,2,40.87958433317661
22,3,1,6,6.400886381001863,669,Cotton,80,70,9.256985553637705,1,33.77205193140217
33,39,5,2,9.150765409089786,648,Rice,107,52,13.328928005062453,5,80.05979078309407
10,31,3,3,11.267431162090903,509,Sugarcane,92,45,17.595589837983567,5,113.3214842152432
36,34,1,4,4.055300729357339,846,Maize,132,61,13.986641556625324,4,152.55575592007375
33,9,4,6,5.071432219437523,364,Sugarcane,176,73,16.016684201088935,6,19.131312354074094
47,33,2,4,4.958185267998846,114,Rice,94,64,11.733600220854463,5,99.31201330749765
6,35,3,4,11.385642423142833,187,Wheat,187,46,11.772489955326353,1,135.94624704654692
27,5,1,6,9.301981511700918,198,Maize,193,70,11.256872833536406,1,57.895743063802065
23,15,5,6,11.614304851761204,716,Sugarcane,59,47,8.218454646287654,2,36.856969079325175
35,18,1,2,8.662506185699426,316,Wheat,123,27,17.248516124555238,6,165.9125042344919
55,33,4,3,7.69386317727403,509,Wheat,141,50,11.496416990812587,0,72.99938990826622
9,24,3,4,10.338743294514899,290,Cotton,61,24,11.670879563702456,6,77.76911724039462
23,30,1,3,5.287538139801796,314,Rice,67,30,15.595474083951753,4,170.43694986313776
38,16,3,3,7.050704930538571,809,Cotton,77,91,13.26893122661873,1,58.11189374988108
14,29,3,5,7.73019392427379,716,Rice,63,45,11.620421550381588,0,74.65302401189946
29,38,5,2,6.387667156096946,126,Wheat,57,79,16.83617429947153,4,56.74503885461174
6,30,2,4,6.970284899267828,281,Sugarcane,149,65,16.25379213493915,2,108.43704052335826
15,18,4,6,4.624841495395346,694,Rice,52,31,17.768015715662536,5,15.93207419278755
54,34,1,6,5.583868715596464,258,Rice,186,32,14.410216359645034,4,209.7317055418445
35,28,2,3,6.683973762647427,329,Wheat,96,93,14.900966110247115,5,109.30506891602185
19,0,5,2,10.367123465865074,334,Maize,112,27,11.244995234017235,3,1.0
13,3,2,2,5.459978838742911,899,Wheat,126,61,8.995799884531195,5,15.672155182464214
27,27,3,4,6.773122991873797,485,Wheat,135,84,9.05916734705771,2,76.20506571797841
23,17,3,4,4.5193623055754815,629,Rice,170,28,14.459404619066152,1,25.206372592616233
13,25,4,3,8.456834758612848,383,Wheat,62,23,9.132716369636688,3,47.48230608652259
39,39,1,3,8.890007105127422,170,Cotton,183,74,17.06626565755372,0,364.71089573980527
25,18,1,3,10.924131707697335,603,Wheat,109,90,15.038686541253535,1,214.44511654002187
13,5,5,5,10.552927988015712,314,Sugarcane,124,74,10.262067399707336,3,10.13238717438834
32,0,4,2,6.283023637471044,216,Wheat,65,76,10.792116610234281,5,10.320870146613817
50,7,1,3,5.095629513518878,199,Wheat,134,76,15.099737174181607,5,57.59253811602939
55,32,3,2,5.24866545768323,699,Sugarcane,104,58,16.241199350559775,2,76.72373804004586
11,20,4,6,11.751711544323555,959,Maize,127,47,16.394299872814837,3,55.495310994891256
20,23,2,6,9.38580651205886,764,Maize,104,45,14.010271721512662,6,115.7469664079987
20,24,4,2,4.3405663024259145,394,Maize,58,92,9.55231986286634,3,37.685561586875444
37,18,4,6,5.094234040360757,276,Cotton,55,89,16.18359501352313,5,36.63208135550346
8,28,1,6,7.886400520807646,231,Sugarcane,151,41,15.916435286353826,5,231.02117124851077
8,9,5,6,5.662630434344958,919,Cotton,195,92,16.353575859668382,1,11.703952351083391
43,11,5,4,10.429271880000151,733,Cotton,73,64,9.576637804983344,5,32.07011425464118
44,32,1,4,8.58573694055492,822,Cotton,100,34,14.843577461691444,3,286.2826225059961
21,6,1,2,8.901057662314386,679,Sugarcane,66,84,17.602439334483364,4,68.5062996966691
41,16,1,2,7.702604384393695,156,Rice,70,37,10.560615861493638,5,142.68064326350887
43,9,5,5,6.048502203410524,112,Rice,132,30,15.167280267157523,1,9.789282021845711
56,30,1,4,8.715228905620371,292,Maize,111,23,10.589174314606801,4,275.00713387823066
33,5,2,2,9.735760369285854,674,Cotton,140,53,11.07096408748157,3,38.05916960610665
56,16,2,4,6.967584621041335,938,Maize,166,67,12.852680760763551,5,80.12011911158598
40,36,3,5,8.039549044942682,609,Cotton,124,67,16.949540435899326,6,113.98859000393688
42,17,2,2,10.717471763776267,252,Maize,166,95,8.386618118156074,4,109.73531206802582
43,25,4,2,5.189454094579682,122,Wheat,103,59,17.896413108154576,6,46.79254461710464
54,15,3,2,8.361795354192804,129,Sugarcane,188,78,15.720771496095649,2,60.430821555446435
41,7,2,2,6.787301294633825,468,Cotton,170,67,11.597788975072785,5,33.1426469846382
56,23,4,3,9.622358065737844,800,Cotton,185,60,11.541602036156979,2,70.84771120720465
39,12,2,4,4.150481945299157,490,Cotton,170,41,12.82981236123223,3,34.08172060835046
11,28,4,4,9.36378639842551,409,Sugarcane,102,83,16.75478546098842,4,69.32892553397474
31,31,1,4,4.823181872129499,720,Wheat,89,95,8.179173408386259,3,168.8651024355521
32,23,4,5,4.518142023949264,500,Rice,58,68,13.482496506918622,2,32.180894204587446
26,15,1,3,9.796986407668903,452,Sugarcane,125,74,8.560864451318727,4,155.3185185635
18,10,4,4,9.122737223232587,671,Wheat,125,34,9.156007473425918,2,24.4650734440315
11,31,4,4,11.15948744714127,165,Maize,179,23,14.906658644055712,4,88.14649903746026
41,5,2,2,8.157239646405161,265,Cotton,119,27,10.343088851518806,5,28.395118733109012
26,34,4,2,8.240195404217337,591,Cotton,53,79,8.415948052460937,1,76.8967737988476
9,32,2,2,9.656142684612405,752,Rice,110,22,9.642372800741645,3,157.881757930523
59,17,4,4,6.587180610826009,663,Maize,175,26,10.086380835789349,6,37.965978860096406
6,36,5,2,4.29529964337546,279,Wheat,85,98,15.697819957102922,6,35.56916527231107
31,12,3,4,5.840366605752463,643,Maize,90,36,14.249241314635217,5,24.84627581938735
25,9,2,5,5.904107295170933,825,Maize,152,29,15.35124012679692,5,33.96341841100065
58,36,2,5,6.685270802225551,876,Rice,131,99,11.698222796006897,4,148.27332440264692
42,25,1,6,11.547701864323702,116,Wheat,192,45,9.131327743735188,5,301.8329821225142
19,16,5,3,10.438742389305183,225,Rice,97,41,16.05290103444577,5,33.16349937373293
25,0,1,2,11.487649961641537,181,Wheat,146,34,9.404068386551954,4,1.0
14,24,5,2,11.988876720904003,139,Sugarcane,74,77,11.82681766880868,1,57.00082060679821
27,33,5,3,7.470232032696356,715,Sugarcane,53,79,10.622782416628983,0,54.88163220196575
43,38,4,3,5.816586533442437,318,Cotton,67,95,10.965348536760906,1,72.70920299299925
9,9,1,6,8.480033290041993,281,Rice,169,58,14.018566617370736,4,86.65624372761741
5,19,3,3,11.04907531158495,995,Sugarcane,146,22,9.643521523561184,5,69.4984213692657
17,6,5,4,7.725854888116626,537,Maize,133,79,12.458738902715982,5,7.195900995236359
25,15,5,2,8.043194420578029,767,Maize,122,72,14.38688390824455,6,28.144430305719133
30,36,2,3,5.075512847422614,789,Sugarcane,114,43,16.689131970224487,0,99.80198510564674
54,28,4,4,7.363643940542088,629,Rice,160,74,11.712275197084676,5,68.65396055891493
49,11,3,3,7.095958478468625,752,Cotton,76,21,11.186917814667941,2,38.45188603779758
25,16,5,4,6.813508022923597,260,Maize,137,87,11.67847224994097,3,27.283488413369803
57,19,2,5,11.098389359393598,825,Cotton,99,42,13.00797070490547,6,123.79139381527817
22,25,1,4,4.4744114656986635,833,Maize,187,78,11.130945937555769,0,121.7235289456815
41,18,5,6,11.777177463178775,873,Wheat,158,76,10.504520650370853,2,55.389227761205476
49,11,2,4,4.065974602185088,656,Sugarcane,138,91,11.753030921318782,5,39.26178976323666
36,20,1,3,11.564752111598473,286,Rice,180,61,15.778292648002353,6,245.2287904897234
40,33,4,5,8.38438002270835,453,Maize,135,31,10.528147869970194,4,79.77992299606989
21,6,1,5,9.619561955200925,474,Sugarcane,153,92,16.446296330240802,0,72.61447945463766
39,34,5,4,5.497062797560986,566,Cotton,159,94,10.851065414207937,1,46.381428499339926
53,14,3,3,9.233692312132856,340,Rice,169,20,14.030768968879645,5,55.4622792190687
15,0,1,5,11.05566134822186,836,Rice,137,73,17.709762822654433,3,10.361622405183798
25,25,3,4,5.115841118669213,433,Sugarcane,105,62,17.517928597307517,5,55.69888249384529
56,34,3,4,5.01665289818632,147,Sugarcane,139,81,12.346329985723647,6,78.41506672241276
59,24,1,4,6.431823273195782,210,Sugarcane,193,34,8.675157692991721,1,175.5850632573543
57,14,4,5,5.293807139803185,694,Wheat,87,26,17.02628714381521,1,27.605354047119786
30,21,1,2,4.885166784746777,203,Wheat,154,47,9.26915981591517,3,111.79456478913758
8,5,2,3,9.426552287882334,562,Rice,72,25,17.235492330653955,1,22.456114111286173
38,14,3,6,5.710612911299926,173,Sugarcane,132,39,15.326306062421622,4,41.05372804406371
56,23,5,6,9.33611919521589,666,Wheat,137,61,17.34239120536841,1,54.52737629206824
52,20,3,3,10.89543381692653,416,Rice,102,57,14.65391811814397,6,86.91525645669454
22,6,5,2,9.216198331304003,101,Maize,196,81,17.95112676468537,4,11.564583829489141
44,28,2,3,4.954936559323207,853,Sugarcane,53,95,12.67001680947402,1,84.18412426485204
39,31,2,4,8.58862059237956,471,Wheat,154,22,11.296215077387988,5,143.24665003681443
45,31,2,3,7.149029473692407,869,Rice,70,47,11.933119570325214,4,128.34555042491954
33,4,1,3,6.746967493779958,568,Sugarcane,103,31,11.50288932114785,0,37.77625249393255
56,3,3,5,6.548251749038657,943,Rice,175,99,12.007972851593138,4,27.319025043737447
33,21,5,6,11.435457790557164,109,Maize,158,63,16.852021058741588,6,59.280245150005385
42,17,2,6,9.940059653421823,687,Rice,101,34,13.920611351587253,5,96.53560144522399
46,34,2,4,5.07079031664236,522,Rice,195,74,15.256979206215554,3,103.32544315996522
25,16,5,4,7.80804383785971,357,Maize,194,67,10.878732598665211,1,32.27060200352632
46,23,3,5,6.545784602031357,732,Cotton,93,25,17.89870683163845,5,63.0465324021574
17,1,3,4,11.823506500367666,932,Sugarcane,156,83,10.807347421754292,0,9.637674780610299
53,12,5,2,11.824231783625356,826,Maize,162,54,9.590251455753235,1,38.87728803846546
45,14,4,5,6.55627579466428,575,Maize,183,30,15.781945852989951,5,32.690143192417324
21,4,3,5,6.816904929163638,344,Sugarcane,140,42,16.39075334942133,4,14.219914749575194
13,2,5,3,8.795313657092365,436,Rice,140,76,11.937952665191363,1,9.672234460536437
45,36,5,3,7.834456114620001,791,Wheat,189,89,13.410717822129785,6,67.9662630331752
5,36,2,2,5.704806977267531,587,Sugarcane,78,56,12.141279836050588,5,107.87981350504904
6,36,5,5,9.283297335908891,952,Maize,106,82,10.93921955980652,2,68.18957024208808
52,2,1,5,6.6730291510019075,911,Rice,104,99,16.133770318512333,0,38.060406034561005
33,34,2,3,9.229731986657342,901,Cotton,120,48,15.570373561858398,5,165.74163437429354
37,22,2,6,7.069452178622398,172,Rice,102,61,12.853286297328442,2,90.72698759298365
14,27,3,6,9.601679150850174,820,Wheat,63,47,12.555509223997092,1,89.27861935548378
54,29,4,3,9.342395767117203,852,Rice,70,35,9.801636947759665,4,83.57526346988487
44,17,3,4,8.070502047368006,973,Wheat,153,86,14.372733600410236,0,60.63600003811852
25,35,1,5,9.637919925686646,784,Cotton,63,37,17.236777419812995,5,346.45052390403214
32,32,2,2,7.687725409856122,104,Cotton,102,67,15.188438923167688,0,135.32427554262645
15,25,2,6,4.929106397200983,561,Rice,164,36,13.062704942763272,6,71.25625452845146
59,39,5,4,5.456850026698837,465,Sugarcane,145,93,8.386585090567232,4,61.82535988104094
38,16,4,5,5.967945073324903,594,Sugarcane,176,44,17.302828443194144,0,33.47235492920567
12,39,4,4,4.505831425805573,316,Sugarcane,134,67,11.080443380269784,6,46.58418643174634
26,6,5,5,9.69104976504536,313,Cotton,143,69,10.99952520989449,5,15.020175615617845
12,7,1,5,6.939121814652947,424,Wheat,160,38,12.695960537007153,4,57.18907080792744
53,30,4,3,4.748186370615978,409,Maize,150,93,12.291659231175986,5,51.68378538257361
19,11,2,3,10.559664965804643,137,Rice,51,94,17.623494970407307,2,74.8315967277169
21,30,1,2,9.4692342757086,160,Wheat,71,60,9.65007454823346,1,294.9250144218428
27,18,3,2,7.617793897021607,194,Maize,177,24,14.891221547756842,0,52.193862458790136
28,9,3,4,5.979402680741874,332,Cotton,145,25,9.067631987472646,0,22.906727281489577
49,38,1,3,5.213967150342774,888,Maize,172,22,10.768975784952126,0,221.09594409428598
23,11,2,5,7.666993534040496,647,Cotton,129,64,15.221371784026575,2,48.39439331830771
9,19,3,3,11.081965944084498,612,Cotton,85,94,16.04043433858896,4,75.21788152157619
36,36,2,5,5.50716258617576,249,Wheat,130,80,12.68924512294513,5,111.22043193989866
48,6,5,3,8.549273831931902,570,Sugarcane,98,67,15.893451084443702,4,17.70355506172905
5,13,4,5,11.693487961778047,314,Sugarcane,52,43,17.351270509575684,2,36.865589097863186
27,10,1,4,9.096932598116904,498,Wheat,72,67,17.3578743476484,1,102.59461450174877
41,6,4,3,7.519717841246947,657,Rice,150,45,11.424744554328043,5,19.120961876380868
12,28,5,6,9.730983783511267,676,Cotton,158,68,11.12139841436975,2,54.08661894543038
17,9,3,6,10.596623352149653,105,Rice,154,74,15.264446521920853,5,38.44915110951175
12,28,2,5,8.724130383094737,180,Cotton,121,23,14.540945027685154,0,119.78658519478422
27,8,2,4,10.97465887194394,288,Cotton,82,68,11.922651082708489,1,51.351904395660384
47,35,5,5,8.116734075005901,762,Sugarcane,175,93,10.286733041453417,3,66.45060878488566
5,9,1,4,10.640232017650053,759,Sugarcane,117,63,14.184318876445829,6,101.85351120077047
49,18,4,2,11.616153923245562,127,Cotton,120,48,12.30238992401722,1,64.00389994287784
55,30,3,3,8.009947736188137,776,Sugarcane,60,45,9.32113441613847,5,95.14622312849771
28,16,1,4,8.840013724682603,234,Sugarcane,185,80,14.3924875170683,2,157.33038131306822
39,8,5,5,8.875740343598679,865,Maize,69,59,14.976744117921115,5,22.827864482322163
28,32,5,2,10.251478908786325,404,Maize,111,38,11.642320100744723,6,63.06353314602963
21,33,2,5,10.583726721419382,594,Cotton,152,33,16.319544071100527,0,179.86217771524335
9,23,3,6,4.217834529648486,823,Sugarcane,141,54,8.73673083261301,6,34.99213810148469
24,8,1,6,9.866876512723103,379,Maize,124,38,12.959097799894739,5,84.88066357937474
25,6,2,3,10.2705219570419,179,Rice,163,98,17.56334472617106,1,39.85410235491686
44,15,3,3,9.603435515665895,880,Cotton,170,22,9.904631367119825,4,59.61341854835796
35,18,4,2,9.709565274584769,959,Cotton,56,69,9.723242419272236,1,50.46073382881442
50,38,4,6,4.331222873474156,490,Rice,187,31,11.786966857838104,3,53.8318873441626
40,5,2,4,7.5363092955912485,114,Cotton,53,73,10.680840425788542,5,34.27955353079135
15,10,1,6,10.545437197773925,698,Sugarcane,151,84,10.215333936717311,5,115.47866919808884
56,11,3,3,11.47205713036083,991,Maize,68,29,17.498430615322235,5,57.664534402268664
19,12,4,5,5.835743364575478,322,Wheat,159,46,11.44847773249016,6,20.21818038291783
23,11,4,2,8.63355952282236,936,Maize,71,95,8.598380747013596,1,31.843408363031486
11,20,1,6,10.434641916404669,702,Rice,152,87,16.997817151365837,6,216.16790258824074
55,9,2,4,10.019261142873486,927,Wheat,178,40,12.482460476488484,1,65.99219117441692
32,19,5,4,8.951120935840633,365,Sugarcane,162,39,15.359417622528003,5,34.516118950190304
55,35,3,4,4.149529506096002,918,Sugarcane,198,36,11.673472472532811,1,65.82228906367605
47,27,4,2,9.791086720892526,419,Maize,184,65,17.351690369991463,0,74.30368361050536
9,23,5,4,10.185940026230519,205,Cotton,56,53,10.878002554391088,2,46.19328135150537
9,4,1,4,9.782796053005079,352,Cotton,126,97,14.62766643221193,0,51.878586944777005
34,36,2,6,10.126473291919654,298,Rice,72,29,16.243449247204907,1,191.71901860493287
58,11,3,2,7.447319141430882,155,Cotton,139,39,10.379327845082294,4,44.65289675280286
36,34,1,5,11.950017167403129,506,Sugarcane,67,83,16.01510841337211,4,426.95923014850916
12,39,2,5,10.16629532698127,537,Wheat,166,81,15.922760110362525,4,207.77061459631895
14,1,1,4,8.629440042239885,850,Maize,120,98,17.642236018453715,6,25.687296529708558
42,38,4,3,11.473530157972991,556,Maize,115,58,17.228119153767448,1,125.78966740035209
51,8,4,2,11.265586715664146,576,Maize,102,81,11.886087250628083,1,42.55777531807835
36,21,5,3,10.51653652267412,446,Cotton,196,98,13.905437543623126,3,56.836607060086465
52,4,1,2,8.50955935187013,585,Wheat,191,31,17.25294321579182,3,49.64174395035385
32,11,4,2,8.216808153173709,952,Cotton,74,43,8.0437567286295,6,29.467318148507555
21,0,2,6,6.629663455796166,462,Cotton,82,72,14.273501420770522,2,11.266598164008933
35,21,5,4,6.007023832831587,829,Sugarcane,88,52,10.153635101354462,1,27.491496319241673
12,37,3,6,8.098876135800692,311,Sugarcane,171,88,15.387660102630493,1,105.99199478554169
44,18,1,3,8.62225409369579,800,Cotton,161,92,15.964696911098173,4,172.6580087923275
29,15,4,3,5.9562114516707645,946,Rice,157,97,15.129592370404922,6,31.230917680387584
13,30,2,5,11.38080994922783,976,Rice,182,65,17.960780019935562,3,178.17104351239504
6,2,1,6,8.458191973874548,713,Rice,162,26,12.792576259928467,5,18.862417109594208
19,22,2,6,8.212042603057172,536,Cotton,198,62,13.613454773238285,5,96.50066346258517
54,17,5,6,7.485107106929122,242,Wheat,108,26,12.0899242264509,0,35.46248140805972
7,25,4,5,4.464570365734884,384,Rice,169,80,17.739831541573466,3,29.74537224417104
53,12,4,6,11.059210675678795,169,Sugarcane,126,51,17.227563510148848,5,46.27052516670937
40,17,5,6,6.535953811544238,947,Maize,63,78,17.866367801502975,6,32.0915010673083
8,2,2,6,9.139682675746355,676,Maize,103,98,17.848912027058507,2,18.39647077620516
18,22,1,6,8.859468471760284,809,Cotton,141,49,16.954567846978186,6,198.35344091734305
45,2,2,3,8.675894603076214,627,Maize,176,23,17.30877528111916,0,20.577105326411992
45,24,1,4,8.205697616092673,409,Cotton,178,53,9.198811728307579,4,218.55421979458907
29,26,5,3,5.451518667450625,964,Maize,179,28,9.73528035163407,6,22.10663331139926
59,26,3,6,6.244845928383724,362,Wheat,121,79,16.851875803240574,3,72.60247988660117
54,38,1,2,8.1935045701624,159,Wheat,190,95,15.268004620930155,5,335.44319775339096
14,24,4,2,10.314739612775409,621,Wheat,196,43,16.74988711772606,1,58.99075115033591
25,23,4,5,7.455911765203349,408,Wheat,100,74,15.700335156737577,5,45.02612946344939
40,7,4,3,5.631380424369047,619,Rice,175,48,9.395835529631457,6,17.341170112914213
16,8,2,5,4.703555398443408,481,Sugarcane,51,73,17.165657028400407,2,25.14288291728434
31,36,2,5,9.304088027952194,440,Wheat,59,70,15.712285249341566,2,181.84872591126387
44,29,2,2,7.386719764969317,701,Rice,167,41,13.708061975800096,0,118.6468551841057
6,18,4,3,5.002967140981135,648,Cotton,79,39,13.32361568446491,0,21.748307203732583
58,15,1,4,9.39573503989587,999,Maize,114,56,13.737986757688748,6,162.6158104246832
17,23,4,3,5.660629846834985,183,Maize,158,70,11.90416943164541,2,38.79191347070403
57,20,1,5,8.072128386429416,333,Rice,93,92,16.032193394935565,3,184.674995322833
36,35,2,6,6.449503800614884,861,Maize,91,69,17.09017500789511,1,126.09488312245198
35,39,3,5,11.453520515472004,339,Wheat,52,99,10.52915021196829,4,166.5913849827182
20,38,2,3,5.826304530169325,203,Maize,160,85,8.380472066252782,1,125.03220142328416
36,5,5,2,7.359348172336228,822,Wheat,77,81,10.02927404024079,6,21.334958980845354
36,4,1,3,11.675948774624047,324,Wheat,100,63,15.57338642041691,6,58.531317236627
38,13,3,4,6.549801439506523,378,Maize,164,42,16.68401053101875,3,35.339335434147074
15,3,2,6,9.156745304088002,492,Rice,174,30,11.48565512665534,0,18.24708869766954
14,7,3,6,6.533816349650602,777,Cotton,62,73,9.523870156317566,4,19.753454627878263
19,23,4,5,4.885399832937992,912,Rice,89,74,16.585340534202892,1,27.006429697050613
21,10,1,3,9.020377861474342,528,Sugarcane,153,80,10.146428575489242,1,103.7867067959598
44,16,5,2,11.328252282282723,501,Sugarcane,87,71,10.418741860871556,4,44.03772645323867
22,20,4,4,7.620517337872735,145,Wheat,154,41,8.926125880246978,2,40.8624519849541
59,25,3,5,9.009412341539736,613,Wheat,159,22,17.10324220401924,4,89.77453466877876
13,26,2,3,8.871187306052985,275,Rice,65,95,11.267233407722047,1,123.51597526875759
29,15,1,2,7.320717621023007,884,Rice,159,84,9.718413527100473,4,124.03114713432446
44,25,5,3,8.919173110117844,729,Wheat,104,77,17.53644921371366,5,57.45957905381321
18,32,2,2,6.074544675351778,883,Cotton,176,62,11.355204203749494,1,99.5293306315215
29,30,5,3,7.024303236824417,465,Cotton,129,80,15.474858483953515,5,45.05996124950387
54,5,1,3,7.538550850899001,272,Sugarcane,101,72,10.303955887391762,3,51.42256785841082
26,7,3,5,10.912069468499844,403,Cotton,98,52,15.26825775557024,6,30.592764020283205
56,6,5,3,6.786663158666039,251,Maize,97,44,10.321622198700055,5,24.072032478954938
34,33,1,3,9.08109638492661,450,Wheat,123,69,14.377399831569459,6,311.41336683118266
24,13,5,5,5.707230699351189,804,Rice,131,66,12.408630303761253,2,18.988741406934015
25,15,2,5,6.020557832431414,191,Wheat,87,77,15.987177894418746,4,56.17401853601141
48,8,5,6,9.187431003679821,260,Maize,66,85,15.302718310265632,3,24.54982496571774
36,9,2,6,10.098479418932829,205,Cotton,90,98,17.354856241717243,3,59.99649342892229
55,16,2,5,7.696937412210252,840,Wheat,103,32,11.766223083958945,6,71.26391663399053
50,11,1,4,6.680797574222132,202,Maize,89,61,15.543351266683459,2,93.87755001082421
53,5,4,2,11.28217244745818,231,Cotton,80,34,17.688435317656058,0,29.837680106870742
25,18,5,5,5.086462520392342,868,Sugarcane,139,25,11.363090275744362,4,14.460679171522393
39,28,3,6,9.765713901194776,388,Sugarcane,125,61,10.900042438141961,5,103.43144571472801
36,5,2,3,9.521365997976822,557,Sugarcane,195,54,15.690507867047598,2,39.31785968063775
34,24,4,5,9.521961301822353,998,Maize,84,25,12.455214022818273,5,64.63909927425645
59,23,2,5,11.483363555388195,200,Maize,172,97,11.986517644265586,6,157.55825688238076
43,24,4,6,9.825522407846337,912,Rice,169,37,13.456125140540067,2,72.07805690209852
53,15,4,6,6.412521515276673,120,Rice,105,62,17.355307390135287,1,33.984684983789386
16,15,3,4,6.827273793858474,348,Sugarcane,166,39,8.838501812087898,2,34.69024463217923
45,5,4,6,7.128887785599154,291,Wheat,79,98,12.65685863879349,2,23.857497869221486
51,36,3,6,4.2464693927848485,684,Cotton,124,72,9.101410250322324,4,69.53805253463916
22,20,1,6,11.308082523266055,412,Rice,101,67,16.83586059707899,2,240.22438745168168
25,3,2,3,4.588420830918431,267,Cotton,104,46,9.367012412811082,5,15.049621906586582
17,33,3,5,9.598354256779773,673,Wheat,187,95,8.897033870388713,2,115.67851844151406
25,27,2,5,9.841288038746494,270,Sugarcane,83,20,17.63754396595497,0,139.5082586154227
12,37,5,6,10.749720405044318,732,Cotton,156,33,13.63342841542444,3,71.06120323417134
50,27,1,4,8.42689804476418,315,Sugarcane,86,51,16.25892930985485,4,243.57512394207436
44,16,5,6,9.802115390852295,608,Cotton,84,86,12.70256782847271,0,36.74259191443676
50,13,5,4,6.4217833957276085,273,Wheat,134,29,12.356418505550435,5,23.482695866977526
11,6,4,5,9.96467208730232,635,Rice,81,45,17.116097596692946,4,14.514367643697561
27,21,4,4,6.747325898095087,507,Maize,57,93,17.898725697492836,6,45.022266680253594
48,0,5,4,11.222707827413569,600,Sugarcane,72,84,14.18531880960104,3,11.315778636724257
36,28,4,2,5.307054462131062,237,Rice,142,69,17.181883407019683,6,47.841983674299925
15,30,2,4,6.526058485391628,198,Cotton,68,68,16.62718609350558,2,105.19561999203545
26,29,4,4,7.990155612441045,935,Rice,94,51,13.440098884623115,2,60.547294018160784
26,14,5,3,10.206804457184782,156,Maize,85,84,17.411036945143948,5,30.672223722381354
47,17,4,5,9.990392840824256,346,Sugarcane,105,45,10.10056162212863,1,50.751086238712574
29,34,4,6,5.685734994596028,783,Sugarcane,113,88,16.848450660982248,6,58.65518162788024
26,29,3,2,5.153885572894371,812,Rice,111,45,11.093564109653716,3,55.84161464498533
32,33,3,4,6.431756834352786,942,Wheat,108,84,8.305155534487024,2,83.33763516944892
33,10,5,3,7.87003321340722,206,Cotton,50,31,15.870875556362002,4,19.316065344015446
17,26,2,3,8.312040358606005,147,Rice,146,55,17.300175172525584,5,118.16924213481296
22,23,1,6,7.433100727642233,944,Wheat,126,43,10.167824867035318,6,177.80512120100806
6,34,1,6,9.304720933184056,385,Sugarcane,54,61,13.340855873876043,4,324.5599288381189
33,38,5,5,7.420471548777901,145,Cotton,196,74,15.493466962564082,1,69.0861604013781
25,7,2,4,11.570632079510357,495,Sugarcane,107,74,11.316235880136286,2,46.91580247463469
19,17,2,3,6.087750783852288,219,Maize,106,27,9.46918353307816,4,57.09567544640219
56,12,2,2,9.018976965360757,159,Wheat,122,95,11.922460967173125,5,74.82193196623291
31,23,3,5,8.891023509281055,246,Maize,183,80,12.565700680262085,3,76.97635493170075
54,22,5,4,6.252597775058272,715,Maize,134,46,15.42220929101136,5,44.76957406462457
35,11,1,6,7.293500996112218,679,Maize,71,95,9.98683862716475,1,99.88163714800064
19,29,2,4,6.9237889555197665,596,Wheat,102,82,16.15112193984326,2,109.18312647429684
55,30,5,6,5.3799924801639145,773,Cotton,106,51,13.021791097331857,5,46.93943973184142
27,27,1,4,7.818361701052352,826,Sugarcane,175,79,17.03890516210039,6,227.77636864850956
28,21,3,2,7.093298024174731,217,Cotton,152,54,13.657859322136682,2,57.636249168952375
48,27,4,5,5.426538880537275,336,Cotton,161,35,12.468545816805582,1,46.922720547288385
17,12,1,6,7.599040363342092,317,Cotton,100,55,10.867936461682193,6,99.3832618846419
26,24,1,2,7.374751746069913,223,Sugarcane,54,75,9.062424031461443,6,189.7840172150568
47,6,1,3,5.050925421275678,728,Sugarcane,199,49,11.717033053840664,0,44.80469891843343
41,5,4,2,5.049500335344087,362,Wheat,163,51,12.136232545493268,5,14.058066366482322
37,23,2,2,9.18005903876558,949,Rice,184,98,13.68286938174439,4,122.37754800152625
7,18,4,2,9.65264643773683,269,Sugarcane,113,40,16.598511619030234,4,40.43860241058021
58,18,1,6,11.529443359271237,807,Sugarcane,75,75,12.638149956106648,1,228.23308118977943
23,35,3,3,4.696037523688799,920,Rice,74,59,11.142845247131513,2,66.82936602010616
27,8,1,5,4.942891939026028,491,Sugarcane,118,73,16.732586121032128,0,54.25623638317138
33,35,3,2,4.414545027743288,249,Cotton,57,49,15.33918038077977,3,59.39348346252882
34,37,5,6,8.25782744605544,345,Sugarcane,58,39,11.070296605801834,6,68.51786000976357
43,39,3,6,8.981972914361812,600,Wheat,103,93,9.669456986181915,2,131.874656919072
48,28,1,5,7.228187615457261,893,Sugarcane,69,20,10.910274052597213,4,215.22105383274464
51,23,4,4,10.383217767689061,290,Rice,188,93,9.236376162487012,6,73.27755659238653
29,4,1,3,9.493595488030401,273,Cotton,161,37,17.034163375469,1,47.830840433713306
41,25,1,3,11.88672336757488,984,Rice,176,76,14.117268711483419,0,317.2775305772405
51,13,5,2,5.103159866397429,692,Sugarcane,185,78,16.635125459127124,6,28.27653981499647
12,38,2,4,4.466525314740011,271,Sugarcane,83,32,16.203608720116147,4,88.79238897540247
46,28,1,3,6.198429644555103,775,Wheat,117,51,9.532355813019441,4,191.08975975258141
20,5,5,2,4.152401562534752,908,Cotton,192,89,12.430012651859192,5,7.912165614192236
12,6,4,4,11.4608914229321,722,Sugarcane,195,52,17.720633938453805,2,22.892234681977644
5,36,5,6,6.431613269505403,818,Wheat,188,84,10.33794302280623,1,53.70463877719958
48,17,5,2,8.41944133577167,437,Wheat,196,22,8.502388998054606,0,34.96422768547429
9,22,3,4,6.544557063029935,510,Rice,122,24,11.460101476789248,2,47.154586874522295
7,37,2,5,5.966468975910588,169,Cotton,74,31,13.109458067443404,3,106.04303769155037
5,0,2,3,5.21891779179904,197,Maize,199,52,8.558774472459678,4,2.7855657679362915
8,3,4,2,6.562927362633085,616,Wheat,187,46,12.266737739784704,2,1.7187934091624806
44,34,5,6,8.923351443263797,284,Maize,130,32,10.534126663319011,5,70.79568195738024
39,22,4,2,11.772969597500222,815,Rice,101,94,10.121179559510349,4,81.93723167721623
36,26,4,3,8.464736322937195,512,Wheat,126,94,10.63907132970594,2,63.421770256331214
46,25,2,3,8.26167252879204,477,Cotton,117,55,9.053987468643042,1,117.16861741205625
38,7,2,4,4.282104144841175,111,Maize,77,77,8.766478551391645,5,30.597439243257625
47,15,2,6,10.720792125341543,508,Cotton,198,83,13.958454810543554,0,103.27046456818566
29,2,1,4,4.358730999980586,850,Maize,192,69,17.478307205417746,1,25.88123667099207
14,31,5,6,11.249858192827833,517,Rice,180,70,16.0474006847875,6,74.77622826058963
25,4,4,2,8.309373802853743,430,Wheat,130,23,16.338986528046703,4,9.613555498691973
50,19,5,2,5.347732841872284,379,Wheat,146,63,15.350816013517626,4,35.57148167071713
43,13,4,4,7.61365913605167,214,Rice,57,37,17.559828049176666,2,28.227131039683478
31,31,4,5,11.959875845465586,980,Sugarcane,186,37,17.505504797205695,5,99.35834694890737
31,25,4,3,6.440662816352744,309,Maize,171,25,15.783031116414177,2,44.21260366028287
6,5,4,4,6.155678148388629,546,Maize,139,78,15.159462585798083,2,14.216587821448066
45,35,3,4,4.944047160340047,930,Sugarcane,179,82,11.052795165360966,4,71.66198659662734
52,39,3,2,8.77713879032671,493,Rice,189,62,8.911663925524337,0,132.2305187292797
17,4,1,3,4.713815992111703,744,Cotton,68,88,8.928679740087489,6,36.97073667018455
13,12,2,4,10.128064510432617,834,Cotton,76,94,15.362610760106545,3,69.79977520108416
56,31,4,2,11.353788114644464,956,Rice,65,88,8.283738607817318,3,106.89642068449578
40,15,5,2,11.454968889723995,280,Cotton,51,28,16.16409248968482,3,39.05607866823289
26,0,3,4,4.863330023019502,564,Rice,198,42,11.664764492147162,3,4.104034580492966
46,12,2,4,8.466100778823751,127,Maize,59,30,9.920805390173033,1,62.15928391973056
30,10,1,2,4.776878839217333,292,Maize,155,80,12.075885046872166,0,64.32086695279709
58,7,2,4,8.576129131874378,912,Sugarcane,66,98,15.032722274596633,3,51.65871353403017
16,24,4,3,10.519844681676648,355,Rice,56,36,10.751106139269918,6,64.08204938143041
21,39,2,2,8.302321298426278,722,Cotton,95,69,9.736183752870822,0,168.80282665399068
18,31,4,2,10.976430608853448,523,Rice,59,72,15.378842771016444,5,92.79303236775394
18,23,3,4,10.413394838795021,805,Wheat,65,33,16.806813047434474,0,84.72065546459197
38,27,3,4,6.212386799519427,735,Sugarcane,50,58,13.855448003964044,3,63.797367894411344
57,13,4,4,9.040818263059533,190,Wheat,186,74,13.23855581242303,5,44.58502483773836
24,2,5,3,4.0592970118090514,747,Sugarcane,62,28,15.548754506776692,1,1.0
15,35,3,2,7.168335327398915,894,Sugarcane,193,82,15.326465306143461,2,89.63802417657612
20,26,5,5,5.9036813422743615,840,Sugarcane,79,46,8.062784025464559,2,33.61760509311344
55,19,4,3,11.49693076754789,244,Wheat,121,54,10.818444986563511,1,66.47908969637147
35,14,4,3,7.24311209378528,551,Sugarcane,60,99,17.320129912766035,4,35.982880355454924
59,26,3,2,9.232515427379845,527,Rice,162,79,17.60202167036915,6,98.71349089515829
10,27,5,5,9.855852874188859,341,Rice,124,49,13.10287156998142,3,52.40290805110507
23,24,4,2,10.18570030945206,585,Wheat,97,58,13.600900151843106,5,59.70210575456366
41,32,3,3,9.88620153614023,130,Maize,56,71,8.0065652145929,4,119.97304944526418
8,13,4,4,6.313320487901878,872,Maize,50,77,14.723400158582125,0,16.111502732703446
51,7,2,2,9.488541573833777,159,Wheat,136,84,10.124358475171372,2,52.8649837258282
8,13,2,2,8.392075858098266,700,Sugarcane,81,95,9.279118869243133,4,60.64512442224748
24,0,3,4,8.77898131838015,575,Sugarcane,111,48,11.04684129937533,6,1.0
14,15,4,5,4.006516938470039,200,Sugarcane,192,77,14.648921890525386,0,21.764455923056076
28,17,3,5,6.066060807622852,909,Wheat,141,61,12.36333371179699,0,41.47750463080743
58,6,1,2,11.445469573725244,890,Sugarcane,127,47,11.490582871819877,1,85.07090155571306
39,14,3,4,6.320608666445806,732,Rice,126,29,15.268077059418845,0,39.0182046154906
30,23,3,2,7.504124177997141,854,Sugarcane,83,30,16.13720089821609,4,66.64372538058626
41,12,2,4,5.493391857565928,976,Wheat,197,93,16.69202468065462,0,46.882925964478396
42,8,2,3,5.108820415229518,688,Sugarcane,167,79,12.447528160507119,6,39.8980504379885
25,14,4,4,5.669351749109641,372,Rice,73,49,15.178279218533818,3,19.529973391134106
58,34,3,2,8.429178630935784,981,Wheat,77,68,16.852134030553554,5,107.57919820024858
44,23,3,6,11.352229211120864,577,Maize,60,90,17.089063990198504,1,102.23594060311625
43,32,4,5,6.609593439169522,157,Wheat,87,88,12.921213853412675,3,66.32479377308803
25,15,5,2,6.587263617663768,858,Cotton,178,79,11.553265627329415,4,28.230463313964535
14,7,4,4,8.513124695094946,604,Maize,170,47,17.001860712581113,5,14.325019225391895
42,28,2,4,6.853941741545082,486,Maize,158,39,10.614304682648399,0,108.31380524906409
50,22,2,5,11.283328383871904,560,Wheat,114,78,15.968474418772212,6,141.04767151758182
8,30,3,2,7.022784341138095,707,Cotton,113,31,17.086549016407695,4,76.13351922104991
49,39,2,6,7.923538020155736,144,Maize,58,24,15.397187996647249,0,166.32846578607166
24,13,4,3,8.267114271763287,390,Sugarcane,81,49,14.798601634192725,0,29.194585281165846
21,29,3,6,10.25654236104377,357,Cotton,103,52,8.506771597900869,0,103.71975071695311
59,38,4,3,8.51124751531907,914,Cotton,174,29,10.034729897009,6,92.72688165083686
11,26,4,3,5.913240801178593,870,Wheat,75,58,14.665696248000978,1,33.600085760684664
8,15,3,2,4.9918976530109385,345,Wheat,111,95,15.851955883038148,4,28.06073997930077
33,5,5,3,11.502196373511712,339,Wheat,158,85,8.633909733870093,1,15.983878660641345
18,32,2,4,10.41250395711286,512,Cotton,183,79,8.190594537173705,0,173.69425050338725
7,17,1,3,4.183721682311326,227,Rice,167,60,11.115125738892784,5,82.09683171375583
28,15,1,3,10.57223187458838,813,Wheat,79,88,14.449550750930726,6,167.26391340434282
41,11,1,5,8.72478235123815,375,Rice,152,56,13.12042643020653,1,107.90832141536335
20,19,2,5,8.151153880279548,517,Maize,74,97,8.08359315706362,1,90.71363937794968
59,39,5,2,4.097833432188471,306,Sugarcane,190,27,9.516121684666468,2,39.84307779717744
56,28,4,2,10.246912451075321,651,Sugarcane,66,76,15.522008548008772,1,91.03631769612011
8,29,3,4,5.584520113930001,464,Rice,157,86,10.976617050709269,4,62.42746474600939
28,25,5,5,9.823849705552632,932,Cotton,76,47,9.171887081822229,3,46.67247871027854
38,21,1,6,4.126945978926538,445,Sugarcane,188,33,8.508634258813267,4,95.38491391091345
34,32,2,2,10.370829197329488,930,Rice,183,30,16.50442220979914,6,180.7100284921002
22,38,2,2,4.1843157468403245,667,Wheat,128,48,12.716659963569349,6,88.26885347425613
23,28,3,5,5.8871432325801525,259,Rice,86,73,13.036786464191012,6,58.91954006487124
35,21,4,5,6.1462257001017075,933,Maize,161,95,8.613412541126184,4,41.546757207799715
23,12,5,4,5.260069104855411,195,Rice,155,28,12.885799251767631,3,14.448421634712489
53,8,5,5,7.848465569562952,524,Wheat,169,55,14.457731545733473,1,23.68475441401284
50,23,5,3,6.269503676933671,215,Rice,108,38,9.227986465627737,3,38.335689559047886
23,14,4,6,11.946303805818054,311,Wheat,59,26,17.025157121201534,6,41.4937776345314
26,35,4,3,8.639750346923512,698,Wheat,50,36,15.833479731354672,3,77.62438198731577
28,12,4,3,8.531822600433923,406,Maize,101,67,16.018850832568265,4,35.9673194785566
49,26,3,3,5.766957040851642,367,Maize,195,70,13.365330771136227,5,68.07877893115506
16,36,2,2,7.269515509719291,143,Sugarcane,136,95,11.33921880978496,4,136.64151538420163
34,6,1,3,4.99182395488,694,Wheat,54,90,14.4045222226076,5,45.75522088274913
42,7,4,2,10.10023401800309,557,Wheat,177,97,10.253701480371012,2,34.69810326257831
57,36,2,5,6.649273969227815,822,Wheat,151,77,9.36884717030782,6,131.95300942005193
35,13,4,6,10.015726667145682,957,Sugarcane,167,94,13.383306182832632,0,37.80618124394459
40,11,1,6,6.9735679994358035,571,Cotton,166,94,12.786261881556772,1,101.20200355755831
23,35,4,3,11.910057920918764,108,Maize,152,26,9.502823956017078,3,105.6868818850037
52,39,2,6,5.368972978036974,768,Maize,142,81,13.304038727951738,4,123.93558612271205
49,16,3,2,4.01219115106665,959,Wheat,97,86,13.464682709175246,5,40.90525181313056
40,39,1,5,8.758604331027087,288,Sugarcane,82,34,16.71514775453142,4,349.0265234248501
34,28,2,3,11.623625600702706,480,Wheat,152,86,15.59210056307995,1,178.0576495421378
59,26,5,4,9.176432439247835,931,Maize,74,72,10.175656644581045,2,65.70276734978926
53,0,5,6,4.685788181985448,742,Sugarcane,93,60,16.179320218774087,4,10.616626017820971
59,33,5,6,8.323843059729803,826,Rice,140,36,17.690141620150442,3,71.13803324436148
37,3,3,3,11.275895489101819,214,Maize,170,76,15.166195126337138,1,29.223110564753867
22,23,4,6,4.052048543040102,601,Rice,160,63,15.870031577730913,3,32.22584383523706
56,20,4,6,5.33529770270239,734,Cotton,115,90,10.664298130216967,0,45.524892518743904
53,32,4,4,10.51649244882093,487,Rice,177,94,17.91902549194355,4,101.09956154189393
32,6,3,2,11.151256852619863,538,Sugarcane,72,83,9.763945424682852,5,32.79128880452663
51,0,5,3,9.657284966946168,969,Rice,149,39,15.508600739333751,1,8.995928385514604
15,2,4,3,11.932481309118566,944,Cotton,136,20,11.952192973075256,4,7.509824604931345
58,14,3,4,4.721727436692555,418,Maize,169,50,11.568690670710145,0,34.4470055699477
49,30,3,4,8.365412126692483,975,Cotton,170,36,10.85159229625653,1,96.60203355820487
37,15,2,2,9.47995778118069,803,Sugarcane,77,60,12.410607968850204,6,86.50826965449886
21,9,4,5,9.621157762952702,543,Rice,57,95,15.908746030842686,3,26.951458809907084
10,28,5,3,10.34787692275346,759,Rice,161,47,17.40972580062913,3,55.479999025309574
8,5,1,6,11.341008360795065,127,Sugarcane,192,68,12.162382434624718,0,66.3911827964707
24,28,3,2,6.893131564936917,735,Wheat,64,74,14.516716409854393,4,74.52164769834631
52,16,2,3,4.343707142461087,497,Sugarcane,86,27,15.882241430327579,1,47.58622729253747
51,21,1,2,6.899535315847666,176,Sugarcane,196,51,8.997361686668755,3,160.48039644453027
31,23,3,5,9.37291810709788,686,Cotton,156,70,17.605436666283985,3,78.69445283162347
19,16,2,3,5.707648698669148,457,Cotton,169,88,10.11633464801473,4,55.95855635411798
10,20,4,6,10.479783612469683,285,Sugarcane,134,57,17.150793031915295,6,54.455633175820395
51,10,2,3,5.7581156617826466,650,Maize,167,96,17.86602847729138,0,49.44701209483604
18,6,3,2,4.080507219041387,333,Rice,141,38,9.004046063943834,0,8.97605418007365
15,38,4,5,8.064646193788635,347,Sugarcane,85,25,16.92747273285359,0,77.1833660446085
43,4,5,2,9.81169257122896,498,Wheat,129,64,14.409092736996982,3,16.776088327383402
13,20,2,2,6.797242724294672,428,Rice,61,89,16.17926736337371,6,74.04223228810352
30,17,1,4,9.991166396294293,742,Maize,77,35,9.090976564960792,6,176.8949033283725
20,34,4,2,7.507234672968066,104,Sugarcane,82,73,16.342619812202596,3,68.2086262458533
9,19,4,5,5.373716938453883,447,Maize,124,51,14.260343186716486,6,24.152117028320852
56,14,5,6,4.724467150391639,498,Rice,128,48,13.106187156501921,3,23.71793416050525
14,4,2,4,9.68469731925878,358,Wheat,128,71,13.600326801570006,5,31.359891206526278
54,12,1,2,7.0857183008230225,856,Rice,99,88,15.44467681953352,5,109.23101240209283
7,11,5,3,11.302190143390163,518,Rice,78,48,10.976367290380079,3,22.45578545032631
17,20,2,4,8.322040468591599,490,Sugarcane,107,22,17.43477242061114,3,84.9249714033008
47,36,1,5,6.787459345765621,961,Rice,75,70,11.076365718411258,3,264.796258478429
53,5,1,3,6.791927415917785,689,Sugarcane,72,87,16.770801479959655,2,55.115013553919624
34,6,3,5,5.051502915621193,947,Sugarcane,66,63,8.121114936063261,5,26.294329484211573
58,25,1,3,8.750313228713253,214,Maize,182,44,17.164800657304575,1,243.1130032809979
49,7,2,6,8.657337083282577,103,Wheat,108,41,16.51577819736952,0,41.21334527417405
10,8,5,5,10.399949535491949,742,Sugarcane,193,61,9.241804227916042,1,12.978225388029463
21,26,5,3,5.609575699736609,838,Cotton,152,94,15.36922930315346,5,39.6689396592262
49,3,3,5,6.326317139806619,227,Maize,143,27,11.741150819912797,4,17.043282075545747
55,20,2,4,4.7779037527646535,108,Sugarcane,198,63,12.79778267808978,0,67.79963014255519
57,30,1,5,6.362737618151254,423,Sugarcane,54,72,8.685932392184021,5,211.90167471680186
23,20,3,5,7.424816926035206,217,Maize,75,86,10.125737920644625,0,50.6772972809559
46,39,4,3,11.71222724763187,566,Rice,161,46,17.536460345830932,3,121.08317790778044
39,24,2,5,9.224528022999307,955,Sugarcane,175,30,12.179504870553398,6,122.3925281993
50,38,3,6,10.262991438233563,799,Wheat,135,46,8.260303468968624,3,143.45680584098324
30,14,5,2,6.604079081763921,750,Sugarcane,158,26,13.150781092037207,4,19.17533356509298
55,34,3,4,5.156102502464772,562,Maize,51,94,17.94699133613566,1,78.21441096531176
9,36,4,3,6.0537595353066385,224,Cotton,93,76,11.328206268890776,1,53.16069451437926
33,27,2,5,6.051741527994569,322,Maize,155,58,9.41213562891424,6,89.33262698335771
41,13,3,5,8.664922626347417,427,Maize,158,70,14.43553428729538,1,45.009274879436894
24,3,1,5,6.7317690596402295,997,Wheat,93,99,17.198243412155595,4,35.56044872759942
53,19,2,4,10.85919091466623,917,Rice,196,40,16.59149431165945,2,121.99952626501798
25,33,3,2,11.908356153891983,358,Wheat,98,76,14.569875165101887,1,142.79327028488768
14,11,3,6,6.746387242107588,166,Wheat,140,70,9.841474556501549,0,33.18960740381801
9,32,2,6,9.640482189496087,696,Sugarcane,130,36,15.843598646390868,0,150.55578018526742
40,23,5,3,9.25989265536295,982,Cotton,183,50,16.23221954662481,3,48.20541374117245
10,19,1,2,5.555699901858252,161,Maize,131,33,16.495477804883542,5,111.29733950265842
30,4,2,2,11.344068758565072,625,Wheat,92,21,12.039413075126493,3,29.885128843956018
8,37,1,4,5.59554069750721,733,Wheat,93,45,12.088589448038638,1,210.7633670682786
43,29,1,5,9.89565705335759,378,Rice,115,41,9.55157105445285,1,304.4858806540549
43,23,2,2,6.7808771381945,222,Rice,94,47,15.726867637390882,3,97.08773254597097
54,39,3,5,6.936652536071771,688,Cotton,68,25,15.37226226087412,5,97.89923463643092
39,6,5,4,7.6435924231116825,371,Maize,53,38,8.997497140424628,0,19.153132234691626
5,35,1,3,10.916063824441117,601,Wheat,146,75,8.2013422095751,5,387.9604676095346
28,37,1,3,5.122015532089697,757,Sugarcane,147,40,17.517199260323835,4,200.27965748026074
40,15,3,5,4.436556622678031,368,Rice,145,61,8.172684088777016,4,33.729862219347766
10,14,2,5,7.216326551310251,992,Wheat,186,39,14.285986592300256,4,49.9197841169074
45,22,5,2,4.444680793136705,667,Sugarcane,150,98,12.536415070078949,1,33.35066196941688
58,11,1,4,9.500807064459524,317,Wheat,97,63,15.774134874984068,4,127.72360268117495
50,28,1,3,10.082600600217706,784,Cotton,67,50,8.8772873783308,2,298.47983208062425
48,14,2,2,10.837699158026071,651,Cotton,89,28,14.823735950985672,5,82.75401375095426
35,28,3,6,9.950737963868775,970,Sugarcane,114,69,14.14942551351099,6,104.71365667630447
24,20,4,2,11.330811149541432,258,Rice,163,51,16.535941757711406,1,64.53577695812477
28,14,3,5,9.986408981785777,459,Cotton,102,93,13.185451341659922,5,57.9887559108587
29,13,1,6,11.488605119027213,564,Rice,111,59,15.28292081748283,2,160.24150537445237
40,15,1,2,5.544886353674905,643,Sugarcane,175,71,12.375830624011812,1,102.762970410099
25,14,5,4,7.998905062941842,347,Sugarcane,163,88,17.83978530063495,1,27.999818679852012
34,3,3,3,11.951444797639269,740,Wheat,110,96,13.594110664886006,4,24.557990100068654
28,26,4,6,9.452625460341725,390,Sugarcane,189,46,15.535391722235856,1,65.90857485429989
48,22,5,4,11.02912894391406,135,Wheat,98,21,8.92935146025616,2,53.833835351603604
46,28,4,2,4.243150350662842,959,Rice,199,20,12.627559270145863,6,37.12189305590398
34,8,5,5,10.974063188547499,165,Wheat,139,27,8.644376748134253,5,21.41858837976177
26,6,3,5,9.58170587657678,896,Rice,117,29,9.217109775975954,0,27.400044598866103
32,3,1,4,5.366043471901685,526,Cotton,120,88,13.061353806430725,2,25.948369916368378
11,4,4,5,4.205447651388773,256,Rice,144,85,11.523048273631252,3,6.574328038323431
39,4,3,3,6.079412625005223,654,Maize,184,60,12.598230167141221,5,23.937059615205094
59,10,4,4,11.326186871942163,886,Wheat,175,67,12.961441876560281,1,43.53365353486826
32,27,3,4,9.34506350960229,220,Cotton,71,67,9.597502035885519,2,97.73471673327269
18,15,5,5,11.355752834266594,291,Rice,152,52,11.658314176002516,4,35.239807572470134
14,29,3,4,7.5692062599540755,575,Sugarcane,89,88,16.60597518147138,3,84.32972599209812
20,3,5,2,11.493016761881929,453,Wheat,196,70,16.566109787997508,0,10.770185279955356
20,1,1,6,7.703678523560045,642,Rice,102,83,12.906169867804106,2,23.540882023561416
58,2,5,6,5.634037795346676,456,Cotton,79,42,15.491460664626745,6,14.801599042092976
35,20,2,5,5.211147713475579,630,Sugarcane,172,71,15.53552714618256,2,69.06011087715179
46,5,1,3,11.950494504280353,579,Wheat,169,94,8.44106760427751,2,86.20339410440516
29,17,3,3,6.670901291796567,896,Cotton,199,62,14.108912068202997,3,48.75343655507345
17,4,3,5,5.2804242025407016,172,Sugarcane,110,93,16.045265660497293,4,18.29216578301088
10,8,2,5,4.067267447126017,490,Maize,122,29,13.939712020662203,6,16.347390191277675
48,19,3,4,6.284556532236979,175,Sugarcane,95,92,13.415527958325614,3,57.40867482667751
13,27,1,3,11.112929148820312,287,Wheat,107,96,13.312157117699199,4,307.67020216684847
49,25,1,6,8.272074565418414,790,Maize,78,20,13.079491833727563,4,223.0345823156167
40,17,5,5,9.05948041219964,437,Rice,102,35,15.783081779522236,0,38.79394832825756
47,18,4,6,11.379128831124262,575,Maize,195,38,14.424322734098624,1,57.69328498086064
24,2,3,6,8.102719344856233,405,Maize,81,95,10.155028627129212,5,21.38895217009724
22,8,2,3,10.706238766820917,748,Maize,58,24,12.333482361881831,1,46.68096875230012
47,35,1,6,6.590666224610829,261,Sugarcane,86,74,13.286252504094612,2,253.11448538598012
25,30,1,4,11.81681490272976,901,Maize,57,81,12.189508572884229,1,367.25045916529797
8,16,1,4,4.630510988099619,146,Maize,117,24,10.375815083862705,5,76.186310599067
54,22,4,3,9.798636204106117,123,Rice,101,26,9.247407156680648,2,56.40505098707966
37,33,4,4,9.284530294082355,435,Maize,95,97,9.173123257137084,3,89.42825005737839
31,4,3,5,5.5333720468065355,383,Sugarcane,66,52,10.962879033702414,1,12.64114857090971
11,14,2,3,7.110751990772288,273,Cotton,70,25,12.02655153033048,0,53.91620035632673
10,2,4,6,6.502632934216051,406,Cotton,97,25,14.828776440757402,0,1.0
19,18,5,5,4.755942946659963,978,Sugarcane,58,70,17.849169492761515,6,17.97142082095739
22,27,4,3,8.67830418360673,873,Sugarcane,54,31,16.973559364145967,6,60.253372296804315
36,2,1,6,11.949358764521325,329,Maize,55,94,16.13697781538621,0,44.7718383396456
15,37,2,6,8.476705128427113,802,Sugarcane,95,23,16.13736070333554,3,160.08014788960264
24,3,3,6,8.362079255034896,217,Maize,146,96,13.960649670368145,2,18.02099280792243
28,23,4,6,4.3225096588363865,152,Wheat,161,20,10.527596786827026,3,28.889856398399292
19,30,1,6,5.1137617869095235,291,Rice,150,71,12.719402093682785,3,165.26112575402712
52,10,5,3,8.105752712818088,671,Rice,180,72,9.425540129457236,6,27.715371080318555
11,36,5,4,11.88142851347257,622,Rice,172,33,13.664306017734676,6,75.40755980443912
25,0,3,6,11.012861883694871,871,Wheat,152,40,8.230007215586314,3,9.585724698959554
46,8,3,5,6.72167297098534,881,Rice,184,50,9.894651222757776,6,28.92892887775845
30,16,4,3,8.34403403382502,240,Maize,65,60,15.122947228196413,4,42.628800943899066
48,0,3,2,8.421617778033093,754,Cotton,141,76,10.768923538295994,3,17.629081036428694
18,2,1,4,9.482884902097465,212,Rice,171,26,12.199622425512265,6,20.957659833349602
41,25,1,5,9.50225632991311,363,Rice,192,80,16.32060967226572,1,254.2763508610189
25,30,1,6,10.31833990708779,590,Maize,56,34,8.445580523514945,6,313.5419959356538
22,25,4,3,4.199768198717459,443,Maize,148,28,8.227340399227836,2,23.387777039346336
9,22,4,3,11.549441525099567,622,Rice,161,79,10.289871493986142,0,65.46924874307796
7,29,3,6,4.560496367913973,979,Sugarcane,185,75,14.84443370131337,5,49.089414017897056
27,9,4,5,7.809280891815519,198,Wheat,147,34,10.361208353305129,6,25.120216625291686
30,7,1,3,11.356634210872341,572,Cotton,178,26,16.63698406973685,6,88.85655562336146
41,24,2,4,7.901350633848638,122,Cotton,196,43,11.51848198773748,4,103.87251945017962
28,21,1,5,4.509094673864935,338,Wheat,68,76,10.83511194558745,2,108.88363048246225
53,14,2,6,5.833920158495514,720,Rice,136,83,10.329130990460122,2,60.87469645422106
23,9,3,5,8.62933404294738,362,Rice,53,44,13.73970354910692,3,30.94455922934147
55,19,5,5,4.7028929431917526,424,Rice,179,91,16.563112774862226,6,34.049248638918534
29,22,4,2,7.389423448138372,771,Rice,72,53,12.060623085459476,0,52.94557121725479
25,0,4,6,6.632746129531239,831,Rice,156,73,10.52516992787773,2,8.516394262719391
16,1,1,4,10.521661022593916,783,Cotton,131,53,12.208662313055788,1,14.16569655427435
45,18,1,6,4.881055506683594,486,Rice,130,47,17.04789753792202,6,104.376704196845
37,13,2,2,9.46238760127029,705,Maize,107,20,11.345375818072519,0,65.93436675942311
54,7,4,6,7.252712567007273,221,Sugarcane,61,56,14.557479120245393,1,28.064617947075472
57,37,3,6,8.702005443778628,399,Rice,170,49,11.297395322049818,4,123.38733552521059
8,11,1,4,5.644254175364358,808,Maize,53,44,14.747578297401446,6,63.09064285179744
46,25,4,2,8.877629478093004,662,Cotton,77,79,16.81010748689294,2,68.34629103453824
11,26,5,6,9.391821819328902,416,Maize,82,21,13.985587728708035,4,44.01025905710397
26,28,2,6,4.561852517288623,918,Wheat,123,47,17.4744197855949,6,77.90504100243355
59,14,1,3,10.594754140663497,119,Wheat,54,67,14.015171907220473,1,165.98884650849632
37,0,1,6,10.890032903105931,641,Maize,59,47,17.748758934483252,4,14.195498436969451
21,27,3,4,4.508432445462358,988,Rice,66,43,15.237304458151872,6,45.73863112158334
28,2,1,3,8.825499904778287,399,Rice,109,91,14.52788309558937,1,32.214906159175605
38,17,4,2,8.752091975777816,569,Rice,82,37,16.298332608483097,6,43.337471355156666
32,33,4,5,4.099667294947547,185,Maize,186,39,8.110927765696278,6,36.31481913316944
47,31,4,4,6.738771311647611,841,Wheat,182,87,10.572494636445867,3,68.18249874226888
45,28,5,2,11.751406261709981,768,Wheat,160,27,10.160906381190772,3,70.66834013454661
43,24,5,3,8.443606018149943,504,Cotton,181,75,9.108980680492346,4,49.18294131938497
26,25,1,5,11.46569442193204,792,Wheat,80,80,17.3778663818573,5,302.91167630737897
53,38,5,2,9.405157087019072,211,Wheat,53,58,9.31002131500162,5,85.39816057001123
21,7,5,4,4.227124145786211,238,Sugarcane,172,37,10.628366683609293,1,9.493300720125035
38,18,3,3,4.621705584387136,109,Wheat,67,78,11.351639824069153,2,39.3321292229758
10,21,5,4,9.777431642939383,390,Maize,131,37,14.246279640439408,6,42.712787088407175
50,28,2,4,8.436542322952155,478,Rice,83,61,15.674642431631074,0,132.21439003486196
10,32,2,3,5.017213316799006,981,Maize,97,72,14.046759919641989,4,84.87541851199734
38,37,2,6,8.91250142682893,337,Rice,112,52,15.489543885169937,2,171.70355959302037
5,34,1,4,10.48229888454557,743,Rice,63,40,12.021242042871624,6,355.85491230619175
14,2,4,3,10.023859441060896,429,Cotton,139,90,17.95778236919221,1,14.059199052012064
25,18,3,4,5.969299680256536,284,Wheat,136,79,9.700923244308694,6,42.43957713178177
9,9,1,6,6.065559733248351,906,Cotton,82,33,11.997602088113815,1,59.818153573821405
6,26,4,3,11.74270244081691,819,Rice,130,52,16.321830142125584,4,70.0200840726665
26,14,3,2,11.09923841722173,861,Sugarcane,177,23,10.467601977496336,6,55.5168003175534
52,10,3,2,6.546698515446976,524,Sugarcane,161,62,15.508430155980928,2,28.75669977140772
6,25,3,2,10.592435917352066,961,Cotton,148,21,11.642803936707676,5,83.75876111398944
14,23,2,5,5.2939082378603635,422,Cotton,164,59,9.775962753691395,4,68.50337611287861
38,12,2,4,5.574728810612515,581,Wheat,192,69,12.033404646428108,3,50.419989057863496
20,31,2,4,5.4495684307627625,700,Cotton,99,82,15.847885064759241,6,96.17245241023414
52,36,3,3,4.701766200108121,457,Cotton,165,68,9.119551474695735,1,78.53548102548687
55,3,3,5,10.837424929290844,461,Maize,120,83,13.161015527473744,6,28.79389991140052
43,12,2,4,8.630455185636603,135,Cotton,112,69,15.413564180968221,3,68.56713989129912
26,8,3,3,6.071648739951509,615,Cotton,119,29,15.515720446365668,4,21.08577143844565
16,33,2,6,10.789240261820753,845,Maize,186,42,11.895867141104544,1,186.41968150502032
28,36,2,4,10.421174075142563,429,Rice,190,56,12.664383791837304,5,198.81012641128706
51,6,2,4,4.807612145022045,368,Rice,153,91,16.56765946519586,5,35.145292667611194
44,0,4,6,9.153114989879775,169,Maize,195,29,10.083778394621286,4,13.568894582387596
42,11,3,6,9.774668812206166,618,Wheat,50,44,17.92592467720301,5,44.38328035988456
14,20,1,4,9.726618695887712,767,Cotton,174,52,12.19237171251714,0,204.22025773329258
39,10,2,6,9.7851416628315,477,Wheat,163,36,10.754513189443458,2,60.34301660872655
55,13,1,3,5.355662285192299,392,Sugarcane,85,43,8.02599351529033,6,83.35063002672793
53,33,4,4,6.520691634150155,385,Wheat,95,68,9.250231041160385,1,68.23870675321417
36,33,3,4,10.7534280680357,459,Cotton,171,49,15.565090242323638,6,130.53989954869277
11,24,2,2,11.187134001820397,685,Rice,131,84,14.49230839815608,6,141.8398666390154
25,3,2,4,6.233511092518962,623,Cotton,93,47,10.465064017496173,6,14.022457067809867
24,25,2,2,4.1841561294220195,436,Cotton,142,32,17.27003117235037,5,58.70907568629026
30,15,1,6,10.878135577328866,723,Cotton,117,76,16.356880060563828,1,171.04722349468813
8,9,4,6,7.016734702600661,641,Wheat,125,79,10.692738313444341,3,20.57698679497258
50,1,3,3,6.635708447679491,996,Rice,126,29,11.300878719127626,0,10.387338638084731
56,34,4,2,6.775997437509005,135,Rice,191,84,9.847536367788452,3,76.95274347243517
26,18,2,4,7.325571391741132,587,Wheat,127,26,14.425588488376079,2,72.89569476210187
19,5,4,2,7.026132973239369,478,Wheat,135,79,15.011374210148787,4,8.319228851327525
44,18,1,6,8.531447193068484,443,Wheat,58,82,11.958811091535154,0,172.21646420518437
25,7,5,6,4.6315222279855215,329,Sugarcane,163,45,15.371587026887,3,7.495751023929823
19,13,5,3,11.772321554468121,888,Sugarcane,130,90,17.915666515186402,6,32.69157292654802
26,9,3,6,11.49160827577729,717,Cotton,137,57,14.119482073284283,4,44.2737280439841
56,2,3,2,11.475253172923994,899,Sugarcane,118,73,14.492838557600033,5,19.480179080489634
32,37,4,4,11.034220992655307,861,Wheat,155,64,11.738423855676817,6,106.48587557141991
18,28,3,4,9.282610417453839,674,Wheat,114,77,8.10586355192799,2,93.17851871984357
31,14,1,2,5.768868501987459,496,Wheat,76,60,17.539213691657764,2,99.29715685405489
45,22,2,3,4.395867897170978,520,Rice,185,64,15.723447053989316,5,67.60921337186103
44,22,2,4,4.794568518254133,655,Rice,55,53,14.955681262738073,0,65.74675396747784
32,17,4,2,6.591940003724845,760,Sugarcane,102,95,8.298105567835051,5,37.00693774263002
30,18,2,2,8.031064203966285,501,Maize,182,95,15.590121449559074,0,90.79690672008809
53,27,4,6,11.946024569478352,587,Maize,166,77,14.700842430293754,5,98.9905902239315
6,25,3,6,7.483547934356793,145,Wheat,195,98,13.689061200720769,1,67.39760973129394
29,9,3,3,8.197168723931014,786,Rice,146,29,14.23600709627132,2,32.90026270573659
7,3,1,3,9.561257977504646,253,Cotton,177,36,17.183661505872465,5,35.701285790223366
12,1,2,3,5.44587176358237,360,Sugarcane,103,93,8.06690394649452,1,9.913498659474008
48,2,1,2,11.462616012498046,744,Rice,81,80,9.569721622210551,4,44.23520590818954
37,6,5,2,8.232276846741874,386,Wheat,100,30,16.947571968682553,0,8.754459091311713
46,15,1,6,6.210050764814149,767,Wheat,180,36,8.082106665035504,1,110.13808672511011
56,30,4,4,11.480871890710723,944,Maize,114,94,17.036361428790844,2,104.96551649702113
39,9,4,3,9.003604948471601,852,Wheat,134,34,8.296318518470851,6,26.17410107808179
10,18,1,5,7.8695178499936835,430,Wheat,62,23,15.793377861464146,4,141.69728722544772
43,27,3,3,8.641247279686194,738,Cotton,57,72,16.909232111390793,0,88.5191464225101
56,16,5,6,9.986417751241813,804,Sugarcane,57,66,14.125272585565622,2,49.5484846909948
27,27,1,2,5.236304029543627,571,Cotton,107,65,14.41441052748454,3,157.50634553616933
29,18,3,6,10.918643445625802,368,Maize,173,48,8.505637319296788,4,80.88531680685678
54,36,1,6,11.676054482385704,733,Rice,140,50,10.108912186465972,4,435.92171427803567
47,22,2,6,8.535997214000595,757,Maize,152,92,16.99471778112242,3,113.76754819770359
23,19,4,5,9.458166774380786,763,Wheat,136,67,16.237160226403486,0,48.93624650775869
9,12,2,5,10.878667846769925,256,Sugarcane,185,75,8.595476750512539,6,67.81032813527585
55,12,2,3,6.998485051332004,767,Wheat,110,84,16.129851110026333,2,64.10119466820274
15,10,5,2,11.942654359059187,713,Sugarcane,125,22,12.234845073466214,5,25.60920984644127
16,14,3,6,9.44401095445518,528,Sugarcane,163,23,13.607226676514605,4,45.619881007085766
14,16,4,4,7.391989586863857,984,Sugarcane,151,38,9.08405457972443,1,31.471438296128092
12,27,2,3,9.418703800013017,951,Rice,156,60,11.986440391357782,5,137.3600380654735
28,18,4,3,8.17344026010749,351,Maize,143,41,12.349105139713341,5,40.093135624835405
32,3,3,6,4.8931325723069214,366,Rice,123,91,14.69488345276445,0,15.354343618055024
45,21,1,3,10.366922438154548,918,Rice,196,44,14.575353033399011,6,237.6381270138721
40,21,2,6,8.515004642023456,158,Rice,67,23,13.488744803596965,0,98.38940968335407
41,36,3,3,10.36676446299111,951,Cotton,162,72,8.314459867356907,2,142.9922045485368
25,38,4,2,5.2392955229397264,716,Cotton,197,70,9.615010648447052,3,57.22971952908797
12,33,3,3,8.306857254406205,880,Cotton,51,97,9.60269172694143,4,99.2710648989303
59,32,1,3,10.132994177703303,658,Rice,79,24,16.877324325438504,6,344.39140657210476
13,39,3,4,11.906436540726386,699,Wheat,96,69,17.01709675134024,5,157.9462135416954
51,32,4,2,11.075178211082068,270,Cotton,92,69,16.06498254847442,4,101.60722848461339
19,11,2,2,10.914797016485114,763,Cotton,60,78,9.748793706554034,6,66.75996416266425
52,1,2,2,5.979681105171184,787,Rice,68,40,16.40151623899714,1,15.81158401366643
50,27,5,3,10.70387681367238,418,Maize,180,98,9.875943936022907,1,69.86924177193292
44,9,4,5,5.354250220343705,756,Wheat,53,42,13.546306968560089,1,22.752002412001893
22,21,5,3,5.584861316387468,936,Sugarcane,160,22,15.338763549170102,1,22.030775483737862
46,16,5,6,4.880933949947776,921,Sugarcane,100,69,8.515610054555683,2,26.289572618554114
24,25,1,4,10.860772245710297,833,Wheat,153,73,13.97929315057763,2,281.21070305038836
10,2,4,2,4.8660359716105495,497,Rice,132,35,10.511335205846315,5,4.972798060447197
16,6,2,6,5.10489183796008,114,Maize,86,25,12.978564742980526,1,23.421213410021476
6,7,4,6,5.9670972006590866,561,Maize,108,60,11.839022576366819,1,9.876513669878875
11,19,1,5,8.58129927296513,237,Sugarcane,157,73,14.865784917262179,1,171.80029995946688
20,11,4,2,11.041441482403226,861,Maize,154,29,12.891903316992467,5,34.65112431656754
7,34,4,3,7.345825242044545,249,Sugarcane,67,48,11.016302292766401,4,65.20290457264485
49,16,5,2,8.370287593534282,962,Cotton,74,78,17.10358744351855,6,41.73690558205711
7,27,4,4,5.331915199658024,880,Rice,187,65,17.59053622655775,2,39.58438269362811
31,9,5,2,6.127566847182333,692,Maize,74,97,16.0190764856231,0,16.92840926956558
54,21,5,6,5.071406099886199,676,Rice,133,31,13.807409959902092,2,28.398444190241495
47,37,3,6,7.279350758936718,753,Cotton,100,48,16.84400485860931,5,108.62079968133929
44,32,1,3,8.72268526942554,399,Wheat,59,97,14.01673289845579,2,300.16273994159747
42,21,5,3,6.272156240267633,522,Wheat,174,91,9.488300952036587,5,37.99706127610859
37,36,4,3,10.767966844598341,518,Wheat,141,68,8.174273766724099,6,111.00084222552532
32,12,5,4,11.849906808053074,858,Sugarcane,175,59,15.25914567010431,4,32.010573538255464
5,26,5,2,4.961238818516648,984,Sugarcane,162,62,15.524854289470012,6,24.955619774471465
59,14,5,5,4.142880448122593,292,Wheat,163,26,17.2582598706326,5,27.706006357726935
12,21,2,2,10.31821525915827,382,Cotton,95,31,16.242375163338416,4,109.38699906195158
41,29,2,3,5.525141422426759,353,Sugarcane,119,99,14.395823696109467,1,94.17300626777559
36,39,2,4,6.825172741286872,603,Wheat,60,32,9.903034355064383,3,140.23576069535912
52,36,2,2,7.1538497462064825,784,Rice,132,80,13.940504826068478,2,147.0698742363215
47,33,3,6,11.332795111207556,412,Wheat,193,66,12.346851578741699,3,137.0534933575731
41,33,5,2,9.270705726129297,377,Wheat,179,38,10.32108469265226,0,68.45660489224501
8,34,3,6,4.324875922423126,901,Rice,107,22,15.991291076321206,1,47.739534315209106
34,18,4,2,4.118481925713237,917,Sugarcane,134,91,9.495558860181537,2,35.207458144988365
10,7,1,2,5.596544780242241,409,Rice,128,59,14.303391736871014,4,45.91763188511098
50,38,3,2,6.545375526981691,285,Sugarcane,126,31,14.107539174971711,6,96.12550742372532
58,32,2,3,7.8761906726927915,967,Cotton,120,50,11.036138945232416,4,144.7235371735077
23,27,2,6,10.702715298470844,323,Sugarcane,165,54,12.292391410497642,6,154.90995122276416
36,36,4,4,6.518542048278076,673,Maize,116,85,9.165717330578746,3,67.67555029056597
13,24,5,5,7.012297754173242,521,Sugarcane,64,46,8.25532917701429,4,31.0181039853153
16,35,1,6,6.634703440077261,695,Maize,133,22,8.130187927407846,3,241.1355904079895
15,16,3,3,4.071722688263245,126,Sugarcane,52,67,9.743225860674935,1,29.157682834241797
50,23,5,6,11.641612312944957,480,Rice,107,40,16.66973068074073,6,65.68267914478382
59,20,5,4,5.11196707309179,419,Sugarcane,76,71,13.226087385777936,6,34.22796460400789
20,1,3,6,6.301339825625976,230,Wheat,192,26,9.171159527384662,3,9.277649923025816
5,30,3,3,5.0344264167715345,738,Sugarcane,52,70,17.05495084726641,2,51.146656830948295
49,32,3,3,7.924345249253781,622,Rice,114,64,13.688887674146983,4,97.99812416275695
59,29,3,5,11.457328919539993,379,Rice,197,65,8.278855285999342,4,128.78048079953072
57,11,2,4,4.80560574100389,384,Sugarcane,60,52,15.627289150413088,2,48.980650457529336
25,11,5,5,7.527175388707969,296,Sugarcane,74,55,12.734351531961826,0,17.700353284847683
34,23,5,2,4.1789987661726276,836,Sugarcane,53,36,13.328631668695063,1,19.20233754028853
17,23,2,3,10.167185771089185,875,Cotton,132,25,14.132268556202987,3,124.51100571391494
38,10,5,5,9.129809148435399,374,Maize,103,40,8.944503943666176,6,21.64825446247495
8,12,3,3,9.597589309657202,167,Sugarcane,109,57,17.477401861978294,1,43.97436798633431
32,26,1,3,7.778690887165862,332,Sugarcane,187,53,10.553924611149608,6,213.1412755069238
42,7,5,2,11.261064236451247,710,Maize,129,68,14.218322225601536,6,24.588741379465553
35,9,1,3,7.276459606980876,321,Wheat,108,80,16.55562966390122,2,86.92314274288425
59,7,1,5,8.112680598296617,552,Cotton,95,77,11.31917535044267,1,84.30560017267558
31,19,2,4,9.562313778165034,735,Cotton,190,95,14.27552959817589,0,110.19985937622499
9,7,4,6,8.16448512876368,403,Wheat,142,31,17.8887714676377,5,10.878267943906764
29,8,5,5,5.514685183330624,713,Maize,181,37,16.517992164518347,5,12.272443316688896
7,6,2,2,6.536564944359296,499,Maize,185,81,15.79284683577158,1,27.387544093914432
37,13,2,6,4.738355745110442,419,Rice,154,25,12.393002011825757,3,42.57239811519425
8,27,1,3,7.460907977738382,363,Maize,95,96,12.51269539463571,2,211.66550465462515
29,1,5,5,8.875136744690625,464,Cotton,185,67,12.855398934982713,0,11.81426692940382
24,7,2,6,4.948239554153125,488,Rice,75,30,14.904316188884955,0,19.98686569522536
38,12,3,5,9.04469697176103,841,Sugarcane,50,52,9.4433722683679,0,50.2816394191349
30,20,2,3,11.142977118016875,734,Sugarcane,161,40,16.610280249550073,4,121.20137509430481
9,27,3,5,6.701789863884157,326,Sugarcane,139,43,8.180790441831746,1,70.28610589276762
39,34,4,2,5.776264769750559,555,Rice,88,74,9.69993139704662,3,60.13003912962137
32,22,3,6,11.144048510735225,839,Cotton,186,68,12.818143524031726,4,88.74734843043831
33,14,3,6,9.535561887180389,764,Maize,76,28,10.521169395325783,3,50.76557919900196
13,1,1,6,4.843158944452431,920,Rice,197,57,11.655816984832894,3,9.469823847966149
56,11,2,5,7.26489561649386,404,Cotton,65,24,11.325830919374338,3,59.11186776998888
42,35,4,3,9.392716798036389,604,Maize,116,60,10.689647326849693,3,91.82462641067019
54,2,2,5,8.595070999803639,427,Wheat,71,53,11.8027635603217,1,25.79474918333557
10,4,3,5,8.948376954798984,760,Cotton,122,93,13.052883693829333,1,18.311523840123495
23,2,3,6,8.537081391791409,918,Wheat,169,82,12.763588013174562,3,12.331705069512292
48,18,2,3,10.384490922439122,620,Sugarcane,185,36,16.11922393114761,3,105.38598048803156
15,1,4,4,6.563415654375829,419,Sugarcane,184,72,11.081450600773097,0,1.2547416448205482
6,36,4,3,9.667698783194904,835,Cotton,125,55,10.819104751049377,4,80.18631434229388
51,16,1,5,11.928635539954275,591,Wheat,50,55,13.044487902292781,1,209.2864411925982
48,13,3,2,7.119670862249443,560,Rice,189,32,8.479343462561271,0,40.929779448641234
48,27,3,3,10.328386516438345,634,Maize,63,39,9.118102934641792,2,102.3028880713772
13,26,1,6,5.968873897089368,543,Sugarcane,196,70,16.03087987922938,0,165.57765115985924
25,9,2,2,6.255173698272395,542,Sugarcane,68,35,12.937094618672937,4,37.817801854090895
28,2,3,4,11.478910993468345,803,Sugarcane,126,25,8.665353820029118,2,13.71651902075823
38,35,2,4,4.20750684998951,326,Sugarcane,157,94,12.4038292396571,3,90.85312710277151
26,37,4,2,5.739418758886634,665,Cotton,123,29,11.98264369010072,0,61.22862604403587
7,24,5,4,7.863365582496025,703,Cotton,160,50,10.461344818159978,4,33.65593487269134
16,21,1,2,7.214780973633491,626,Wheat,174,37,11.721032453414631,0,161.14846325800755
32,38,3,5,9.03335784988025,919,Rice,142,60,9.883554030918349,4,132.22941995649714
34,29,1,2,5.541776402883055,790,Wheat,192,66,12.490595652683531,0,178.75693546414232
30,20,4,5,4.564376034948251,615,Rice,112,43,12.085281114994729,4,25.394419054450097
52,29,4,6,6.954667182438056,517,Cotton,72,99,14.075003503210887,3,65.31212293065857
25,27,4,6,8.194841937153448,200,Sugarcane,59,59,17.421042177030188,6,57.684585964364956
32,30,4,4,8.49601469667929,507,Wheat,191,64,9.854625096855582,4,73.42951814537199
30,25,5,2,8.811948188339734,504,Rice,145,93,12.174409317420855,6,49.80728561428159
37,21,2,5,8.38929596609244,229,Maize,83,20,13.622205317297981,5,97.67225239525331
25,20,2,6,5.966015767769501,618,Rice,144,46,13.469912438603753,1,62.23858309656632
39,0,5,6,10.116397887752015,795,Wheat,88,41,14.613406304745915,6,11.44013440421347
56,36,2,6,4.7022420939151885,942,Cotton,129,47,10.679303792186234,0,101.44532621525993
38,12,4,4,5.586831036417464,943,Sugarcane,199,67,14.34550792870793,6,28.684599876614172
45,20,2,6,9.915024072152914,134,Maize,149,54,10.011701432400308,6,112.61761330423006
55,8,1,3,6.237809072842014,843,Wheat,72,22,9.254555458508225,2,64.12229847027706
51,16,2,4,7.947787532875242,253,Cotton,74,57,16.316450002257035,2,84.33118521946967
22,20,1,2,6.617581926844471,501,Rice,183,63,12.737399075840226,2,143.29112815349777
15,30,3,3,8.055849692928025,163,Cotton,139,24,11.97277326057172,4,78.31165137370488
27,38,1,4,6.7732463995789205,858,Cotton,55,93,17.285146399174785,5,274.2155990639356
52,21,1,4,11.953663919248402,989,Sugarcane,68,26,15.09757388500163,2,269.699481522738
26,11,4,5,6.859820714865173,667,Wheat,68,61,14.771287724232359,4,24.464608845752974
21,5,4,3,9.016395339181162,328,Cotton,159,76,9.9425972710115,6,13.141030353604364
9,15,4,3,11.10674574120702,922,Rice,160,48,10.09258208796614,2,45.52947368398401
48,25,1,3,9.103479954918004,352,Rice,144,82,12.831013558748824,2,251.0297857069242
15,4,5,6,8.526858040876869,587,Sugarcane,136,55,14.523037686520658,5,4.4902274691281665
34,8,4,6,8.553835638049666,904,Cotton,189,59,11.952725208225168,3,24.154993914556748
19,39,4,2,7.971685687387084,663,Rice,62,40,8.641852677978823,3,79.45084981822379
31,13,1,2,10.460643211235642,114,Rice,135,72,14.830289316541464,3,154.4182890995568
39,29,3,2,4.403392626891056,994,Sugarcane,125,35,15.73751257552463,0,53.162789279811356
37,25,3,6,11.081039263434622,953,Cotton,126,65,17.44302476567426,4,107.71274249924251
24,28,2,5,8.690337761965143,439,Sugarcane,72,28,12.087677246141217,6,126.69154887203833
20,18,3,2,10.790985770045985,462,Cotton,119,22,10.580480554602833,4,70.2278054092474
38,7,4,4,4.083141620353668,279,Rice,174,42,17.25808005463805,3,17.87854718679234
6,22,5,6,10.954211231692941,688,Wheat,107,32,15.151388415772193,5,44.985814157969166
39,34,2,5,4.961100153386135,314,Rice,187,57,8.639863025869422,3,92.7975660583613
44,30,5,4,9.769744051139194,834,Wheat,117,53,13.800273405981041,6,69.1390144120575
32,34,5,4,7.33217114310275,253,Cotton,119,45,8.285266594163112,6,54.623870499491325
51,31,4,6,9.448579128783395,144,Cotton,131,51,10.265240297042428,2,94.28732737778336
43,4,1,3,9.025517901418914,451,Maize,57,39,8.709528891905158,2,52.66863969637734
10,15,1,5,5.307172376537935,120,Cotton,163,65,10.048913769742942,2,85.02774305566221
13,16,1,6,8.116910115580414,692,Cotton,77,74,12.899227030585926,0,141.4181291231847
24,31,3,3,6.217843785556326,664,Maize,116,28,10.98866484847121,3,66.6754976877523
5,37,1,6,8.4834947427841,768,Wheat,163,70,8.880126306040657,3,320.42570613146495
12,31,4,6,9.904026264422752,468,Cotton,129,76,12.820603066042896,5,75.46755721124326
59,19,3,4,4.650067316654703,758,Sugarcane,194,99,15.084883325547175,6,53.47802204198005
27,1,1,6,8.126099388248203,793,Cotton,183,64,8.531252860326285,5,16.526523129682893
7,19,5,3,8.941038566098069,177,Cotton,63,57,16.82402457592351,3,32.76094346764655
8,17,4,4,6.362939628777711,994,Rice,163,87,14.53069834260901,2,29.074285728455713
29,0,4,3,11.624027862368056,218,Cotton,156,31,13.19441475575737,0,3.3269970389170376
51,28,2,3,8.162422604054637,458,Cotton,125,29,11.96316856989596,1,129.93415346617098
42,28,4,4,5.460136718767462,954,Sugarcane,132,99,11.932877226556558,1,48.99594876548805
19,18,5,3,4.862306094394272,716,Maize,134,84,11.35558780667547,2,24.96923379494092
25,39,4,2,8.333276393322924,613,Maize,78,31,9.157293548314405,2,82.75885279550859
39,5,2,6,7.001907049015432,726,Maize,98,71,8.79241887422086,5,36.23011029540624
57,38,4,4,5.540376782147077,602,Rice,51,70,11.08830285145392,3,65.49343853905604
57,7,4,4,4.245587894286197,131,Cotton,138,83,14.670640443683407,4,25.314543945893426
50,23,2,2,8.53280064030304,457,Wheat,119,76,10.883943575955847,6,116.55367849100442
56,19,4,2,8.788801894669295,161,Wheat,95,38,16.122649526331653,6,57.91288108466224
18,13,3,2,5.134420809451748,196,Sugarcane,112,49,11.8029064518124,2,30.73301791922367
40,4,4,2,8.813904398162435,477,Rice,168,43,14.31193584801108,2,20.585838178445986
16,39,1,5,11.615782037660788,746,Rice,134,45,12.319134420498019,1,462.9130099312132
21,33,1,4,11.826364879917914,595,Cotton,198,55,12.978264917277166,5,398.08217677301485
43,15,3,3,11.107943492456041,709,Wheat,76,75,10.501605698767772,2,70.12020161003218
13,6,4,4,10.456628646685925,551,Rice,72,99,13.138690783457829,6,25.300269065696597
39,15,5,4,5.67494269370665,314,Sugarcane,149,77,9.106530703435231,4,24.804621896286392
17,6,4,4,5.251481459967441,183,Wheat,88,51,11.86767581079455,6,9.772976464518973
19,26,1,2,7.559580818282836,505,Rice,107,21,12.483009637842226,3,195.17126286256953
22,13,2,2,8.957054010548418,768,Cotton,94,92,15.039959455116929,4,66.74959249504599
55,13,3,5,10.805429472067024,206,Cotton,191,68,12.002211778747023,0,63.29388961385427
37,32,2,4,5.855704329094412,588,Cotton,199,65,14.65436005723794,6,107.63647578647353
10,32,5,6,7.837183204162661,456,Cotton,66,74,9.746161312031656,2,52.01050401843524
31,19,4,5,9.179521935654767,230,Wheat,87,31,8.252260460329776,2,41.580032351620524
27,35,5,2,7.564750836275353,121,Wheat,139,96,13.05947470981663,4,67.317802811646
31,6,2,4,7.633549416634274,695,Rice,80,82,12.738707826017059,5,35.655314115700634
38,31,4,2,5.8009372882262324,700,Sugarcane,147,54,14.697524950076566,0,52.9151973670868
50,2,5,3,11.893287239288608,325,Maize,107,93,11.13545262541725,6,15.93530960042823
42,38,1,2,7.801546267259547,205,Maize,140,41,8.298653592192142,3,306.88498439595327
18,28,1,2,8.261935563243934,960,Cotton,66,29,15.23569604847549,4,240.5127581101728
40,23,3,5,5.748474330294632,493,Rice,169,69,17.422115946822814,5,58.369993550218865
57,21,1,3,8.113093746654549,970,Maize,72,54,11.942635471942312,1,191.21937803737586
12,5,1,6,6.042796468274454,200,Maize,197,35,14.111277805659842,0,35.78515917278072
39,23,2,6,5.618690011067732,907,Maize,145,55,13.446872124764615,3,78.71416123544275
23,39,1,6,6.205778007543476,981,Maize,53,80,13.66001458541183,0,256.46893128171064
34,22,1,4,4.022077188042248,247,Maize,122,94,16.673762134469392,6,104.33505779727496
18,37,2,6,8.561208896013472,992,Rice,124,36,15.363367723029942,1,165.21513047411977
24,9,1,4,7.099840044182746,329,Maize,98,20,15.697864121076396,0,70.8823305804402
53,15,1,2,11.189512153551442,186,Maize,158,31,8.900375053443454,4,180.90004796259782
29,10,3,6,4.3256573889001695,622,Rice,75,22,9.467074688320288,4,20.874546803857076
44,31,1,5,4.345602406846001,747,Wheat,81,92,14.633046176613462,0,151.75122625648976
28,5,1,3,11.086988138500669,192,Wheat,77,38,13.404577852417656,2,62.149310304192944
18,23,3,3,5.01315713763473,903,Wheat,100,94,15.74278320393562,6,49.978307423810165
30,32,2,2,4.017280832992014,252,Maize,86,41,8.930733197998888,0,71.11804723208992
42,11,1,3,5.43131090970411,522,Rice,106,20,13.66487121166537,6,69.12852296859313
27,26,5,3,10.591009400780834,453,Wheat,129,72,12.860693972099103,4,58.64838324221546
26,37,2,2,10.421712662080818,978,Cotton,121,63,16.54686876558101,3,200.30116764545087
52,17,2,2,6.721057686747608,707,Cotton,52,29,9.87148972839673,0,78.72415966702229
23,38,1,2,9.344247338078816,673,Rice,189,94,11.48713139300588,1,369.3821253704744
50,12,3,5,8.057997658686622,972,Maize,160,27,9.504714608390742,1,45.858407805122255
55,39,2,2,11.237879918767248,508,Wheat,140,36,12.517324994866108,3,238.77282858250842
7,29,3,2,4.451387803339379,186,Maize,100,89,16.8140581261966,3,48.625786779709784
46,12,5,2,10.505433029893055,310,Wheat,188,26,14.703334777278528,3,35.38300473541616
23,33,3,6,5.36478935541968,482,Sugarcane,183,82,15.442987826140472,6,70.51990949589106
13,35,4,6,7.1329671794540745,694,Sugarcane,189,56,8.933368781551735,3,65.64245426370259
32,29,3,5,5.535657211478127,838,Maize,74,87,12.520259346305842,0,66.3081030432097
24,24,2,5,9.620915276753113,623,Cotton,75,83,16.386703563656535,3,130.2077654024665
49,1,3,3,9.426609438026063,970,Maize,129,26,16.374796086182727,3,8.078385194053684
11,35,3,6,8.383180813592215,252,Wheat,85,35,17.880201941119882,2,98.37393436651097
18,17,4,5,9.585304294429243,104,Maize,70,33,13.260408290939326,1,40.708197364909374
13,4,4,5,9.11651824483739,175,Maize,98,55,8.020714291854077,6,10.536249065430695
59,18,1,3,10.211536445474145,510,Wheat,133,92,16.990604959099752,0,212.10289379351065
23,17,2,2,5.91525321032439,103,Cotton,167,30,17.56196715244446,6,55.828161210938696
51,31,1,4,7.431300919525764,471,Sugarcane,109,20,17.277462035788062,4,243.1448613623172
56,20,4,3,5.21301223483383,182,Wheat,155,28,15.719112570169013,5,30.776429027348357
18,9,3,4,7.436748513761552,530,Maize,172,44,10.119149509039778,5,25.728313714511117
42,36,4,3,9.61353401136273,571,Rice,68,34,9.39057075023051,2,97.42991927460086
57,21,5,3,9.531129286274812,461,Maize,188,77,15.008860034768013,2,54.49127590519661
40,12,3,2,9.675415226359544,511,Maize,127,43,9.404230086042013,4,49.65014154106961
44,16,1,5,6.470140229154852,134,Rice,149,91,17.53315664932765,6,123.57471509467207
21,8,3,6,9.29771179032739,341,Maize,180,90,12.458277707833837,2,36.06870610814485
34,23,5,3,6.939730556711505,755,Rice,177,65,8.30815059987305,0,39.555384143415466
13,13,4,2,11.555936368840399,179,Maize,156,37,9.505936005279734,1,37.033198464028054
37,7,2,4,6.74693092704271,174,Cotton,189,86,10.904811794850623,6,34.90356114225901
56,36,2,5,8.824145872355103,910,Sugarcane,111,82,15.037547019371253,3,177.357247807987
29,18,2,3,10.001165713537407,383,Cotton,94,43,15.372923247986737,2,99.40129367061716
18,27,4,4,11.25125943221073,826,Wheat,106,50,10.130252031538497,5,81.76969312399999
15,29,2,3,7.5034288276312875,857,Wheat,179,57,14.485555315260665,0,114.93940266349824
57,6,5,6,6.883880865666144,337,Maize,150,62,8.318273683871066,2,22.013651601832404
39,25,4,6,7.440225402532712,436,Wheat,68,27,9.028529251509731,0,51.4759387949839
45,39,2,5,6.589570812398247,630,Wheat,110,91,13.350106749412287,2,147.14554627367338
18,10,1,4,9.231395920538512,685,Maize,54,24,15.038236398861674,0,98.98564840347964
34,13,4,6,11.461734112068672,990,Maize,68,99,17.143672572687407,3,51.541444675947524
45,20,4,2,5.008568051914934,666,Sugarcane,80,46,12.37752476286963,6,30.0715396222756
8,7,3,5,8.487376518161255,182,Rice,196,82,9.199530608486931,0,21.538065401775135
8,2,2,3,11.181189802882649,775,Maize,155,84,17.289766308644957,4,18.281948105773875
32,27,1,4,4.80091635724814,417,Sugarcane,130,82,12.374376852945838,6,147.38176882040452
12,28,5,4,7.950923286130247,974,Cotton,189,24,12.974731006455544,2,37.22450745204724
6,22,4,2,10.921836766883569,778,Wheat,139,86,16.5442950440317,3,57.273090601578744
45,17,5,6,11.203617693696659,727,Rice,166,71,13.857796936059295,6,51.782223647166866
50,34,5,4,8.114817289223332,396,Cotton,174,23,11.01450254778343,6,62.49858889847817
26,12,5,2,4.19961507574174,799,Maize,121,96,13.407804377344757,5,17.53801710423588
45,11,3,2,4.845113427422573,866,Cotton,153,70,14.24861097765078,2,31.765160308119277
59,4,5,3,8.693733961929869,441,Sugarcane,74,62,16.897998896061665,0,16.182168776219243
20,38,2,2,4.99086885173076,933,Maize,190,74,10.348344714842234,2,107.1733655399745
33,10,2,5,5.195342215290166,964,Maize,91,60,13.593790306132187,6,41.50219369202361
53,10,1,4,10.176936782256911,523,Rice,192,50,17.2049903858886,5,122.87376442879156
52,30,1,5,10.005536468604003,118,Sugarcane,72,54,8.454727905310966,1,315.38387491470365
34,30,5,2,10.742182075403775,922,Wheat,77,99,9.945678128360129,5,73.02752990267885
16,12,5,2,4.845881092048845,979,Cotton,161,76,11.463149143816622,0,8.03042987175422
39,13,3,5,5.585159048774542,913,Rice,62,43,14.78468399568859,5,36.7683559744586
15,24,5,3,10.663691438869204,103,Rice,145,72,16.41847272154897,5,58.2446021974031
50,32,5,2,9.768700869582336,566,Maize,124,49,9.991708488386918,6,69.9473116864411
54,32,5,5,10.447649022624322,289,Cotton,84,96,10.467044780324548,0,87.11602307331167
25,14,4,5,11.917965399263377,380,Rice,96,26,16.232854362251015,2,44.56821725446375
25,15,4,4,10.915452849245618,162,Maize,99,28,9.48343506574598,3,41.30487695799228
9,37,3,3,8.163706006798083,978,Maize,136,40,10.611769425783647,4,97.24495650582494
52,5,3,6,6.486145478378059,880,Sugarcane,89,49,15.326935859111595,3,21.83056863930612
24,24,2,5,8.557412692597609,353,Maize,126,41,9.661587949595432,4,109.28937351272386
41,14,3,4,9.108692401875619,726,Wheat,91,66,16.280335246848868,5,54.5186943054343
7,3,2,6,6.6824971300769676,953,Sugarcane,192,81,12.905165976390066,6,12.279875950361607
48,3,5,4,10.167496299877428,871,Sugarcane,109,50,12.475720755906838,1,19.071269885425036
37,29,3,4,4.742030341263094,101,Wheat,107,23,9.352552015222845,4,56.96133694173634
57,33,3,3,10.23514280545368,166,Wheat,82,29,14.79658285896204,3,122.53512217976932
13,26,3,2,4.255988149455588,977,Rice,51,49,16.840010381809652,4,41.42705339826899
13,30,2,3,7.9837284857719215,385,Rice,108,26,14.921078842874683,4,124.0758390188586
8,31,2,6,10.89149170786613,231,Wheat,161,34,11.168846028468518,1,174.78624540159868
39,38,1,3,4.6919621921711805,147,Rice,74,38,14.987986662089499,4,186.6482542423453
21,8,2,2,8.141911491953358,654,Wheat,182,93,13.099424592000831,2,42.192225960400876
38,7,2,3,5.275131511690531,704,Wheat,111,58,16.53730438348376,6,27.7539708766592
28,13,4,3,11.158526000487482,752,Maize,153,22,12.59647099262969,5,38.729931881351064
36,32,3,3,10.658764216269041,146,Rice,127,71,10.373026518905057,1,124.73179589879007
5,22,2,5,11.471337946347901,330,Sugarcane,154,32,9.01256221400784,6,124.40994313931049
12,20,3,5,10.99985873224075,835,Sugarcane,140,63,10.810667618277957,1,87.68586319400212
49,11,3,3,9.892426478927925,383,Rice,173,36,13.635398858346953,2,45.21813734909948
27,1,4,2,5.4791135647080225,648,Rice,147,94,9.700425305922034,6,9.046666666608548
51,12,3,2,6.4200209253512055,127,Rice,187,36,8.39761133931561,1,41.8074521741393
44,3,2,2,7.974841266464059,510,Rice,164,71,12.488430521706263,1,27.863943158367118
16,19,3,2,8.71117425211779,572,Maize,199,68,11.474321186019708,3,60.600606082105955
58,13,1,4,10.25746716250568,769,Wheat,135,90,12.203906250333606,5,158.98057620120127
16,29,1,3,5.815677025496488,321,Rice,77,38,12.541334106148096,6,178.95562288860927
50,28,4,3,5.026219153175706,475,Rice,97,53,15.660704707320033,3,48.86384464822058
51,7,2,4,7.860881364749089,108,Wheat,133,49,17.60926855290325,5,40.150586385723905
19,11,4,2,5.262731286983365,512,Wheat,112,48,10.622844373125353,5,15.255729130000004
45,37,1,6,9.549894418636578,570,Wheat,51,67,17.42398879520786,6,373.79879397418176
23,25,2,6,8.605047120733738,169,Cotton,72,27,10.283756202384593,5,111.65344225779882
30,1,3,4,9.928862376151077,441,Sugarcane,100,87,15.549451065969562,0,16.85568186969625
56,39,2,6,4.507492477240867,165,Rice,161,71,14.813460485044647,0,109.35887448089086
33,13,5,5,11.71758048355363,706,Maize,129,94,8.522222164779397,1,36.577570549417
26,5,2,3,4.000044293405904,792,Maize,165,77,15.249218030324876,6,22.4433711807566
44,39,3,6,6.603539320108278,169,Wheat,50,80,17.011226916716357,6,99.96775640071893
25,30,5,5,9.437078346929919,845,Maize,192,59,17.302222967450895,1,55.62537354419107
55,16,4,3,4.361136590896951,360,Sugarcane,64,36,14.851934043951637,5,26.769184765442205
42,24,2,5,4.666796650860856,631,Rice,92,34,15.865880365040907,6,67.98755703449031
24,31,4,3,4.613451497825762,495,Maize,182,30,8.715418500186477,2,36.32937529345325
33,11,2,3,8.652077813767836,457,Sugarcane,152,89,9.612526461383249,6,63.55875227908533
55,12,1,6,11.167402520308304,457,Sugarcane,174,67,10.62479662445042,5,153.32141658323775
8,18,1,4,8.443495821698097,491,Cotton,87,32,13.313383728336708,2,161.665814017674
59,24,3,6,8.828570818237374,475,Cotton,112,45,11.862447454949562,1,85.03713259139558
11,30,1,2,6.768013209663915,285,Maize,100,27,14.571350358218119,4,209.76560314847012
32,36,5,5,4.149929269244258,404,Sugarcane,127,45,12.456887869860804,3,32.472830848095974
32,24,5,2,4.172917742009731,163,Wheat,132,33,15.750222403506541,4,24.97663305551796
8,15,2,3,11.10647973184729,277,Cotton,146,60,15.135880820035563,5,86.1843974678223
26,37,4,6,4.820579509757174,334,Sugarcane,189,25,15.472813976157056,5,54.99610170328263
16,22,5,2,11.998314974500762,964,Cotton,142,35,16.28848803651104,3,48.27969325044701
49,13,2,2,5.315380892090225,861,Rice,189,53,16.342224148811653,5,49.79706289195674
7,5,4,2,9.397075551641516,906,Sugarcane,78,59,15.79552380503425,1,13.907096306617603
26,24,1,3,11.591643777447246,139,Sugarcane,154,31,8.659265822293825,6,283.94561942415646
48,22,2,3,6.89831422113621,386,Rice,110,20,14.232033514761461,3,91.20319072196237
6,11,4,3,9.875465509983915,358,Cotton,90,48,8.1978943198176,0,33.44912790154293
28,12,3,2,6.806853147538681,566,Rice,197,68,15.437590396348046,5,33.40715579375999
38,35,3,5,6.439528454091563,339,Maize,95,35,8.610577399258775,1,84.53671169371285
31,38,5,6,5.614432660603511,602,Wheat,88,28,17.832149950969274,1,45.24486847083834
59,33,4,6,10.567479255190916,683,Cotton,89,78,14.140782093659661,1,100.95853536113364
45,5,3,3,6.059096508873183,641,Sugarcane,51,58,9.81998096295385,5,20.603937768525093
5,37,5,2,6.265265303246861,450,Maize,100,57,12.68279509564803,2,36.487156599556684
12,39,2,5,11.991757937590219,640,Cotton,169,25,16.26676975719424,5,235.47850554297975
27,7,2,4,6.618483483562558,411,Wheat,57,93,9.79997963248268,1,37.11959631343075
42,7,4,3,7.3821959106563915,698,Sugarcane,80,78,13.367754704424932,1,26.11620364283804
10,39,4,4,11.920443662198679,207,Rice,88,22,8.035807675759024,5,115.69064209123856
26,32,4,6,6.95440276333941,930,Wheat,132,38,15.884262488750096,1,62.62081010765045
29,33,4,6,6.9292160578869355,129,Cotton,193,46,9.946076011523317,5,62.198551279633506
22,14,3,5,10.621715729710882,408,Sugarcane,72,44,11.871781916695623,5,53.70564095839866
21,35,3,5,6.4954429479015365,585,Cotton,188,85,13.302437005736014,4,86.41018209478354
16,34,5,4,5.870288829139257,145,Wheat,170,42,9.4486154510386,3,45.05418327294764
10,21,3,6,7.385682041402578,458,Sugarcane,118,82,17.26670846827001,0,52.127832365015145
30,22,2,5,9.605126404609543,236,Wheat,61,77,12.688061387698658,1,114.36023252608196
31,39,5,5,4.345944199834123,874,Cotton,85,69,10.31783562492252,3,36.709114484528925
12,21,3,6,6.991328217748534,674,Sugarcane,106,27,15.351427709203412,0,45.61371919678814
23,4,4,6,6.769959215566723,530,Sugarcane,141,70,16.942134273245607,3,6.986536646269082
46,30,3,2,5.95854677809626,655,Sugarcane,139,61,17.126709149404338,1,72.94912452288798
5,12,1,5,9.234298687234759,350,Cotton,53,82,12.311339396817118,3,113.53300287981928
33,27,5,4,6.319920643309419,532,Maize,193,50,11.594612738219361,3,40.74610766777765
49,19,3,3,8.853852472064023,946,Cotton,71,78,17.29257417598601,3,76.42250795302743
53,32,3,3,8.034694731637016,306,Rice,156,70,8.528381601154228,1,99.41541296616313
39,15,2,6,5.737518966607189,545,Maize,119,76,15.505401067202868,2,57.216476492780174
44,28,4,4,6.132528456337453,158,Cotton,188,24,9.775088262459029,2,50.6657074452594
18,22,4,2,5.364800426452511,305,Rice,134,94,12.655012915010836,3,40.252706743880246
39,23,2,5,4.453033718807663,430,Wheat,88,71,17.536922515326054,5,65.40646734195244
52,33,2,2,8.953507704839293,695,Rice,199,84,13.811481259024225,5,165.53516709639007
49,6,1,4,9.382309551314675,624,Sugarcane,79,31,13.234407512585518,6,74.31872995164984
24,37,5,2,5.327999948869359,848,Maize,153,42,8.6180075859249,1,38.1561191353863
53,36,4,6,8.923139077488585,257,Cotton,102,71,10.773405470997941,6,93.26180252964613
17,3,2,3,11.856677920460625,203,Cotton,183,82,8.030511029233276,5,28.461688864743973
42,33,2,6,4.595216759502577,458,Sugarcane,103,95,16.750057347582082,3,94.98758927359816
53,21,5,5,7.9229669799909095,951,Maize,181,22,14.448546776087234,2,38.465523958683306
50,4,2,6,9.86430570915083,464,Maize,128,43,9.180276652611546,4,36.23202992685538
53,22,1,4,4.368073582637815,654,Sugarcane,85,98,11.634726889934594,6,116.71809647473681
12,14,5,4,10.226187951980926,278,Maize,112,61,16.114153411960103,5,25.509585579137926
47,30,1,5,11.836089896743086,457,Sugarcane,180,40,9.403031982376573,4,368.67538128154484
24,8,3,5,4.707902908262025,363,Rice,106,44,10.302653042911711,5,17.63919714986681
37,24,4,3,10.577839243727404,854,Sugarcane,129,31,13.414065231213138,3,70.38349216651316
30,24,2,2,7.028652356096754,648,Cotton,65,67,9.449466462825932,2,94.8084549472644
43,20,5,3,5.152929619472094,973,Wheat,169,93,11.827063389880239,5,35.104138904127595
25,8,1,6,7.945545673570782,452,Rice,183,89,17.821277279575753,4,78.50546729700837
57,37,4,2,4.572149886249726,957,Cotton,198,76,13.43851329527443,4,59.47398886018484
53,21,4,5,8.176811265337474,463,Rice,58,48,15.01527781247531,3,56.971232190150396
46,22,2,4,4.154854304032397,349,Cotton,77,48,14.63281048251319,3,63.65199288694466
47,3,4,6,9.828891533381842,219,Maize,94,65,10.117160249331333,2,21.429643132263436
58,28,2,3,7.903757486492709,291,Sugarcane,107,28,16.461133869121646,5,130.36479615365087
45,14,3,5,7.671517287481445,906,Cotton,78,51,9.220501551368487,0,50.739687741173114
13,0,2,2,5.569531949936669,161,Cotton,144,32,17.215951351681973,5,2.8153083372087764
28,29,1,2,6.890105246358126,309,Maize,170,72,10.160718782575492,6,212.32227236760693
41,28,4,4,5.4549554593733305,906,Wheat,106,94,17.547442864824326,4,55.45954672567778
53,19,4,5,9.883120804285914,151,Wheat,82,73,15.97963463146678,0,64.16766781029862
45,32,4,5,5.592202395464218,821,Sugarcane,157,48,9.709832419550953,6,53.30918684560613
21,35,2,6,8.934026616413721,412,Maize,181,70,9.604026905773667,4,163.3569912378153
28,21,5,6,6.236860008542017,378,Rice,65,95,8.845294391266693,4,33.91512633327137
25,12,2,2,9.255857567386617,487,Cotton,180,68,10.473553893563839,4,68.73047825135568
55,6,1,3,8.323639671370739,301,Sugarcane,138,60,14.591067559279018,3,67.24695596835066
43,7,2,2,7.38750905322176,238,Wheat,130,31,13.203024593552115,6,35.64733089534326
59,27,4,6,9.38400666728377,951,Rice,199,54,14.133507898980575,0,77.7701986371306
45,8,3,6,7.325776572865833,118,Maize,131,23,8.311406041223574,1,30.364075636484973
43,24,1,6,10.570964820600263,420,Cotton,145,64,8.799713814429042,3,263.41051860762036
17,15,3,2,9.836787665882127,194,Cotton,195,68,14.919740461583919,4,52.99636268691247
15,9,1,5,8.32511195610465,229,Wheat,106,93,16.47908343382072,0,85.14167495762267
50,10,1,3,11.016485460687976,204,Wheat,77,37,11.594217768972031,0,124.19222228333776
23,30,4,3,10.630894571744445,296,Sugarcane,185,65,9.664824079762653,2,86.23492506687823
15,11,2,6,8.254715156963993,359,Cotton,190,77,11.083555167302311,3,49.584903392841284
17,30,4,4,4.54758154960638,138,Cotton,170,34,12.12029965133767,1,35.21175682337027
50,13,4,2,8.527970817593953,600,Cotton,96,77,14.301359279378346,6,37.509452540669486
49,31,4,5,6.842055916482284,916,Cotton,59,42,12.094734245855294,2,62.265577569802936
5,16,3,6,8.320903542429873,230,Rice,90,42,16.97041124570549,0,40.91843661103157
44,34,1,4,9.177043683980747,253,Maize,123,45,12.012123947289869,2,326.235895456949
48,0,5,6,9.158708598805116,652,Rice,64,53,9.813735189638958,4,9.764776757709397
23,28,2,4,9.388192348144011,420,Maize,123,60,10.48344606698074,3,141.02609608290703
16,3,4,3,9.434149000360119,221,Rice,101,96,12.651662620159598,1,12.189328641984163
12,22,1,4,4.874251349708033,855,Sugarcane,108,76,15.824626749012632,5,117.6271262543577
12,27,2,3,5.533698643658349,856,Maize,167,44,16.694068664751818,1,81.46939278026602
57,15,5,3,9.044328036338808,243,Cotton,88,73,9.852907194035035,0,37.01281740990489
49,11,5,2,7.265379109848293,285,Maize,175,63,8.034719077184775,2,26.984605816935527
16,20,4,4,10.102813162446107,646,Cotton,91,32,16.694088117004405,1,46.53343830477402
52,16,5,5,4.999274258102657,310,Sugarcane,100,73,10.2819646707532,6,29.633578684270272
37,39,5,5,5.532183955364315,499,Maize,99,46,16.216627398030084,1,42.2350768217822
49,12,2,4,8.467717139491784,132,Wheat,141,27,13.50747909442818,4,59.84898246747872
30,31,2,2,8.005984154143189,258,Cotton,154,62,12.041155429882805,4,135.58758866848294
43,36,4,5,6.13117723181352,505,Maize,115,89,9.4675708855608,0,68.18664197815559
32,14,1,6,7.266745948041268,928,Rice,107,96,14.720370900829167,5,122.37207847754554
9,11,4,5,4.279850224453225,463,Maize,176,74,16.181573679496527,2,16.936533268429596
12,14,3,2,4.296304863954993,803,Cotton,53,83,12.61094115433459,4,27.164686316713436
29,33,5,3,4.759416022598973,262,Wheat,180,24,12.463553478944963,2,34.647412538734656
31,5,1,3,8.614339625604483,863,Wheat,81,78,15.5527909905297,6,52.94222081724175
50,16,2,3,10.90973131690523,650,Rice,111,46,13.001186130152075,5,103.99250813824482
27,19,3,2,6.0817863140766,230,Sugarcane,193,38,15.85612584749138,6,41.62540483502118
34,8,3,3,4.271518637787362,195,Wheat,67,84,8.541164196634998,0,26.518467518929224
49,4,5,3,9.6690168164185,752,Sugarcane,183,87,16.5763061721762,3,18.74980420502257
51,22,2,2,10.842817912040532,369,Cotton,155,85,10.620706443321907,0,141.31876554286305
27,32,1,6,5.105382282104814,780,Maize,114,45,9.691946234762614,6,176.0372726271102
53,37,2,5,7.085981567523201,466,Sugarcane,129,52,8.32293507469886,3,148.42529764932618
51,13,5,2,5.269894724721638,886,Cotton,86,57,16.340730990432718,4,21.39249237685057
24,16,3,2,4.850859444874922,464,Cotton,122,26,8.60115290875724,1,26.17755155048861
22,18,5,4,9.185348307794996,533,Cotton,130,24,17.5443041581739,0,35.597920557428886
22,32,4,3,11.74029180942505,710,Rice,149,28,13.648420160852705,2,97.97825532855478
6,0,3,6,9.425325004966098,160,Rice,108,32,14.986831849271574,6,1.0
8,12,5,4,11.878517302460946,422,Sugarcane,144,59,15.253104220566833,2,23.020306941668466
34,26,1,6,7.475162208562331,828,Cotton,86,67,10.92684488765526,6,207.01104942008845
37,5,1,3,11.182958310618881,688,Sugarcane,150,65,16.064583479096765,5,77.58536907298142
40,5,1,3,5.640673797330437,307,Wheat,178,83,17.462406760251397,3,49.675589130584825
22,32,4,3,4.943234936086345,447,Sugarcane,102,83,11.698511096249588,2,47.98479400740987
41,29,2,5,9.62016040729949,144,Maize,111,48,16.35349390644085,4,150.7855278123432
23,34,1,6,6.971266646901086,446,Cotton,192,37,15.720398153108132,3,249.78077041573547
51,22,4,6,6.541500821976813,813,Sugarcane,100,49,13.895958720640545,1,48.611181036162414
32,9,1,4,9.370244623981264,821,Rice,63,93,11.67615977982919,0,95.93483870547787
44,18,4,2,6.667872334155905,939,Maize,157,38,12.151852938625776,3,32.29180860921579
24,27,1,3,8.58046537798817,746,Sugarcane,147,67,11.07608519208906,6,248.0621890117552
53,22,2,3,6.395640850090435,468,Sugarcane,108,28,12.262704807672012,5,82.17711043419959
37,3,5,4,10.27006070569001,633,Sugarcane,50,20,17.896269183214795,5,4.083241107024866
16,19,1,6,6.499106723962523,457,Rice,194,97,11.634147697458388,4,140.3380838254998
55,18,5,5,8.27995315596976,594,Sugarcane,105,58,14.655097535505547,3,46.6804178527233
19,26,1,6,4.185408669576094,159,Wheat,182,74,11.196064333144788,4,121.14467416590064
45,33,2,5,10.333846266867141,397,Wheat,194,71,12.666477356889438,6,180.2218828034339
43,3,5,5,8.962702198575808,158,Wheat,67,90,8.83773998413347,5,13.814282441313681
6,37,4,6,5.537896535943165,523,Sugarcane,138,83,15.632342358956455,3,51.65895235360565
33,6,1,3,5.722987008728201,330,Maize,104,43,14.610244472345368,3,51.25552633356377
45,6,1,5,6.099943348038576,896,Rice,96,46,11.474850081500112,6,54.20829349307196
14,25,4,4,8.612240836764496,794,Wheat,153,85,13.24844682163885,1,55.65188367940913
6,25,2,4,8.386530664744184,547,Wheat,70,85,16.722218360290913,3,113.81045067927495
55,18,3,5,6.190909757135115,712,Maize,149,81,8.444327156610601,4,54.55048069047844
15,8,1,3,9.55249833581603,725,Wheat,59,35,17.30216496747729,3,78.1494285956827
17,19,4,5,11.11232932746985,467,Rice,133,31,12.707996024723784,2,54.34560715653436
14,15,3,4,4.348123821228308,653,Maize,102,59,16.596554055065297,1,30.059041586368622
18,16,1,4,7.337573102581452,128,Cotton,176,29,16.614829246960383,4,120.97511330957562
22,21,5,6,8.748160948358478,376,Rice,184,83,8.587122768022393,0,39.531839300074246
55,12,4,3,8.691481628295996,708,Rice,79,74,15.815945718942407,6,39.46232986431752
58,11,5,6,4.156282775916086,802,Sugarcane,142,98,15.3286738609318,6,24.666018163783896
13,9,2,2,5.68452852678884,478,Cotton,104,23,8.4319354700476,5,27.542150097470298
43,0,3,5,4.494645770496972,930,Cotton,114,42,17.40537870356501,3,10.937837282266395
32,31,4,6,8.551720580399472,137,Maize,70,68,14.345482360534739,6,74.77915839392094
7,29,1,3,9.163119101355736,306,Wheat,56,23,9.675340086099785,4,265.44152015002874
24,7,1,5,5.277937307387821,805,Cotton,93,20,9.230971943705386,2,46.89221630047676
10,20,3,5,6.664088954736581,751,Maize,117,84,13.619729923474226,3,42.83850018362337
31,21,5,5,6.638429947008168,388,Cotton,152,58,8.588342644698102,2,29.85615398600385
57,17,5,5,10.558418652718267,592,Rice,192,22,9.64409694739977,3,42.64939351346396
6,1,4,5,5.557275236233067,868,Cotton,147,76,17.484522055753118,3,1.0
33,8,4,3,8.386512970605267,324,Wheat,51,78,15.447408587268704,5,26.12346899255156
42,2,5,2,10.263484100007075,551,Maize,150,98,14.134891120556828,5,17.312312047714048
7,25,4,4,10.636625543176383,127,Wheat,180,37,10.088196247777418,0,62.558614573883254
20,20,5,2,9.332528754277863,801,Sugarcane,96,40,10.185158109135722,0,35.145112786519114
34,29,3,4,6.396222018095063,856,Wheat,149,75,12.458293245888498,2,70.2666588603151
44,27,4,6,10.58437259863085,433,Wheat,76,71,15.540542660553395,1,87.07766211742556
6,35,5,5,9.937328216801014,472,Maize,181,27,8.039296040815028,5,63.11997929240986
21,25,4,6,9.635753070634154,926,Rice,85,44,8.442752666609765,3,59.308612580820196
45,33,1,6,4.538683191080057,660,Cotton,132,51,16.70111620758314,0,165.6330548452327
16,7,1,4,4.346119045212396,400,Cotton,147,89,16.14065682042706,1,39.31676672043127
39,9,2,3,9.562922381612637,303,Maize,129,59,14.946811520083138,2,55.611911703493725
47,13,5,5,11.558358409871445,478,Maize,100,48,12.995320116888209,5,41.8624266168207
5,39,2,6,10.189791424504154,214,Rice,135,88,9.451267778763926,4,209.43117865212076
59,14,5,2,10.651804531949509,119,Rice,51,54,9.022331912953582,5,43.14167618780797
49,16,4,5,8.359858246798323,696,Sugarcane,66,95,17.053763274930432,5,47.75320672987997
19,17,5,3,6.4366891527045915,495,Cotton,72,52,11.825218395413332,0,22.85131758607513
30,31,1,5,9.421895174135074,864,Cotton,95,65,14.957226172549008,6,306.3812171898415
41,37,4,6,9.69576700394154,151,Sugarcane,189,91,12.561980822876972,3,102.50550388727923
25,22,1,2,9.402863773552056,759,Maize,103,50,15.309289198737416,6,219.22382675926087
53,22,4,6,11.573672453754565,285,Cotton,62,94,9.933088813596825,0,83.11239589938354
35,34,5,3,6.937432266116452,784,Wheat,120,87,12.845679191677327,3,50.18330646229606
29,38,5,4,4.317260311646268,452,Maize,64,59,11.76866353001365,5,39.4140269770792
27,14,1,2,11.267554822059274,213,Maize,111,88,10.450537004781678,5,175.823353199978
28,23,3,3,5.28399295083265,613,Rice,119,61,13.977111378018389,0,52.791892879589
42,27,5,3,9.57854671509946,645,Sugarcane,120,63,13.369732943506435,2,60.79697323690349
32,15,3,6,10.985635518181475,381,Maize,180,36,12.956912303231592,2,68.84247452289571
25,15,4,6,6.481131184117081,772,Rice,70,39,13.911027371441106,6,26.406261851861117
58,39,3,6,10.643321926839413,269,Wheat,103,95,9.425307696471057,2,154.4263473481668
47,38,1,4,6.656465010171553,705,Wheat,183,72,11.705483341869245,2,267.7407936825323
22,5,2,5,10.354063425889997,859,Cotton,170,63,11.24674273417593,2,34.97737613270479
40,1,2,5,4.558638903789806,420,Sugarcane,60,36,15.691754207534526,3,15.988504993918415
39,12,1,6,9.241943989367421,465,Sugarcane,174,46,8.357240749437741,6,123.25241025389346
49,8,2,6,9.417104644630369,619,Rice,121,42,10.819310928516366,3,58.64925383933885
59,33,1,4,7.931406640647651,932,Cotton,158,77,17.182943101842817,4,281.5800453675192
13,16,5,5,9.496726910901685,209,Sugarcane,76,88,11.003506489153498,5,22.491929347342165
57,26,3,4,11.385469364430728,643,Cotton,142,75,9.518994755468082,2,123.34785204413416
42,28,2,3,9.870838599745824,662,Rice,82,64,15.573453964243825,1,149.29978341501214
34,36,5,5,11.69036823187728,779,Cotton,54,48,8.478441905303571,3,86.36492794188754
48,21,2,6,7.588898510816574,677,Maize,58,33,12.263198498732148,3,95.21964554322528
38,23,4,2,8.226325853631657,642,Maize,190,27,16.55357759645064,4,52.627012059185965
36,6,1,3,6.109909577901655,423,Maize,143,65,17.540948107142416,3,51.43654570326989
7,33,1,2,11.884813342406947,111,Maize,167,46,10.490197569534443,0,395.86053872761516
7,11,5,4,4.441093881290179,898,Wheat,138,89,10.962022337696148,5,8.153794214398285
32,22,4,4,6.868963340934482,122,Wheat,183,26,13.672511048786443,3,44.35985566130659
48,14,3,4,6.381577318148903,260,Sugarcane,152,45,10.26551558335101,0,41.210646846786545
19,32,4,6,7.0920937050244435,363,Wheat,123,61,9.507440665431242,4,63.41590323869258
45,12,4,4,11.341742884158926,801,Cotton,174,49,12.25981511057963,0,44.5756863432592
27,22,3,2,6.944302992548119,479,Cotton,97,25,8.722480795458806,5,52.49610131044813
44,37,3,3,11.335813221600004,852,Wheat,132,86,16.942199711945904,6,153.89922157263254
15,31,4,6,7.386710893305621,179,Cotton,60,73,11.341966219416463,1,61.08904482350913
52,34,2,3,10.838150153761667,370,Sugarcane,194,54,11.362841246466527,6,199.09822031157367
36,0,2,4,8.174000788005351,524,Rice,179,54,15.913731131790678,3,13.507950887428299
58,4,4,5,6.490822747426519,715,Wheat,56,24,11.415483574059557,1,19.224336761418286
40,12,2,6,7.594798391743098,535,Maize,154,25,15.609068569537822,2,51.78727692944457
37,4,3,4,7.395048631825627,177,Cotton,106,42,9.812420140090719,4,20.80554342292844
28,31,3,6,6.079312496684407,623,Cotton,80,78,13.289883374300386,4,75.10919994370163
43,20,2,5,6.317109839935254,894,Rice,170,70,15.685114694977223,3,77.86974531967017
38,23,3,2,5.491631370488435,210,Sugarcane,130,81,12.49899103027076,5,52.401143554285746
32,17,1,2,6.688004457660867,551,Cotton,128,51,8.718132639681233,6,127.35816688025483
41,20,3,2,8.995246425993368,513,Maize,184,20,15.369023497075815,3,66.67865957700975
11,9,4,5,7.09246534967705,359,Rice,143,68,12.940564937980847,4,12.637803498774888
8,23,5,3,9.698585687410338,921,Cotton,191,47,11.164161231111235,3,40.9832385423271
41,39,2,5,11.895825357503625,450,Maize,144,90,17.92795734853987,0,250.89062972174548
5,20,2,5,7.01680863587588,807,Cotton,58,56,16.76072225607578,5,70.87298003536696
5,24,3,4,7.701113712716936,951,Maize,58,48,8.378225495812362,5,57.28691353657659
51,22,3,2,5.312881255584781,283,Rice,162,38,13.93654030158381,0,50.988147820569026
24,21,5,6,7.137722286234529,757,Sugarcane,171,38,11.545687311847484,5,31.25089708335072
23,3,5,3,9.814659606325435,274,Wheat,179,70,8.374051890421981,0,11.76709765249489
33,33,4,6,5.739238397939703,811,Wheat,157,34,8.112970269291194,4,56.633435978086105
14,5,1,4,5.456432389241834,799,Sugarcane,135,43,13.837577825044917,4,31.119634563978792
22,27,4,4,7.010998989193534,717,Cotton,65,80,11.201306593601224,5,53.09742710002828
32,30,2,3,10.549195885741852,485,Rice,51,72,15.033162064713565,1,171.03191639819593
39,34,3,6,8.989257517691868,988,Maize,175,91,12.544212862289887,2,115.84297564489626
47,38,4,3,11.660635020692851,684,Rice,167,78,15.6649755924534,3,119.51191262429005
51,22,3,3,11.236323479421003,371,Sugarcane,177,26,16.130652346751994,6,93.67100789000435
35,5,3,2,5.209097574585939,825,Cotton,92,95,14.57234405010725,4,27.535758467048495
31,15,4,6,4.340422196857717,285,Cotton,112,87,12.179726084710914,1,23.891531141614195
15,1,4,2,7.192757873558033,751,Sugarcane,174,53,17.8847725034516,6,2.553448539295448
53,23,5,2,8.176635830549117,266,Rice,194,26,11.066853807381785,2,54.814669827461614
53,16,1,2,8.124564921749716,242,Wheat,68,73,13.145793344442001,0,153.3884691463665
42,0,5,5,5.072858142168442,592,Rice,182,86,13.204041024226012,3,9.043725597460623
9,5,1,4,4.998539457236883,171,Cotton,72,31,12.283388512611452,4,25.324377494652943
12,4,4,4,4.374886046233629,443,Cotton,157,77,9.214153191154395,1,5.800012334049742
38,28,1,5,10.806879408443203,598,Sugarcane,68,71,11.53942092220197,6,313.89427379170525
52,11,2,3,11.58195310454543,246,Rice,177,75,10.151897459015828,0,80.99080680816937
56,38,5,6,4.925480161743773,712,Wheat,178,22,16.99857193030109,2,49.6577578743781
16,2,5,6,5.704978948392893,600,Rice,92,32,14.553750830093879,5,2.516675220083607
42,0,5,6,4.718903077879283,437,Cotton,74,82,10.878141840557806,1,9.3037611836241
5,26,3,2,11.02001736912668,184,Rice,55,24,13.657326232174286,2,95.03532303413465
35,23,3,6,11.669669868289928,916,Cotton,130,44,16.532075221602476,5,100.09475035287143
8,18,4,6,6.094372613767121,990,Cotton,125,91,17.34434494621894,4,32.42652371572677
53,7,4,6,6.428670639482999,906,Maize,74,71,8.750355629002442,5,27.188125330045267
49,1,3,4,6.9013574753035165,945,Wheat,168,99,15.86908501656358,1,18.43137401042781
54,29,5,5,8.01971007504585,242,Sugarcane,171,24,17.663080911232605,3,56.70678980249074
9,29,3,3,9.459687829159414,990,Wheat,152,78,12.672458022372455,0,94.44562670397026
34,38,1,5,8.035124666036992,410,Rice,108,44,17.955340100218663,1,317.4811668600506
28,31,5,6,11.60801265340993,468,Maize,168,99,17.570779908611286,6,82.38112128874833
7,0,3,3,4.799147668171989,806,Cotton,104,33,14.568913480909814,4,3.240074005339375
15,37,4,3,10.388844098200504,795,Wheat,124,96,16.476113996922372,4,100.65702212356585
49,12,3,5,6.675864726507768,912,Cotton,180,71,10.965631177880566,2,43.33389275800019
8,10,2,5,7.020381504692381,540,Cotton,197,44,17.1746365032338,2,36.487680445830364
30,9,3,5,9.670635549681803,166,Maize,136,91,13.918891102026382,3,35.14587482199436
31,25,5,5,11.435016878995032,833,Wheat,173,75,13.096655880504018,4,67.77559775532632
50,19,3,2,9.729606228428615,873,Maize,126,56,16.356617644905697,6,77.50862556129164
58,16,4,4,10.206884603035174,937,Cotton,142,89,16.894943785497553,4,56.36308253326311
47,16,1,4,10.006233937270391,633,Wheat,128,25,15.012490668976692,4,175.77211116913102
31,3,2,6,6.567828847869799,440,Cotton,57,44,8.250362832298098,0,22.57913349157153
46,4,5,2,10.055443465457984,777,Cotton,147,39,13.972061417011481,0,13.517277760702775
55,22,4,3,10.276166081758413,201,Wheat,166,42,16.21655896384425,4,69.2517202817656
54,9,2,5,8.267202565204101,413,Sugarcane,104,76,13.452693386944489,0,57.61456301234057
10,27,3,6,8.29404990933453,209,Maize,86,72,17.348586434767483,4,75.29896947512161
19,32,2,3,10.07776642449987,531,Rice,139,78,16.973173858567037,2,168.92176106079594
57,25,1,4,10.536246897795259,441,Cotton,63,80,13.296762518057664,2,287.09978636811985
34,28,2,3,6.697563536245363,927,Maize,138,74,12.038307927501162,6,107.781314865296
46,26,2,5,10.412497740602326,278,Maize,116,99,8.550764507417306,0,155.16257676862574
41,17,3,5,10.51367205340329,778,Wheat,182,39,14.325977431042467,2,73.37787258971159
41,39,3,4,5.873005127348635,233,Wheat,128,22,10.659647052269923,5,88.33748815248785
46,9,5,5,9.735605962533729,129,Wheat,171,84,14.684523122055884,2,30.648098168089554
41,4,3,2,5.492271374689267,974,Maize,67,56,15.987612374044046,6,16.319784866363506
39,9,2,6,4.744392903905034,572,Wheat,60,54,12.086935107493392,6,36.236796078914026
27,20,1,4,8.596344096401822,484,Rice,123,35,8.15584738423336,3,178.17136627050206
10,23,3,4,11.269217590267193,697,Maize,181,23,16.65253433163994,3,83.01304824099454
8,37,5,3,4.283672188206106,108,Wheat,175,22,13.490071082760025,4,24.685175224352545
22,2,5,4,10.612013100759373,235,Cotton,197,36,11.147914377361374,1,2.33034191968748
13,39,2,6,8.051769685628052,389,Maize,182,63,14.337960452278026,1,164.25646938732845
53,30,3,2,10.88716358976984,747,Sugarcane,159,82,14.743941262397847,3,128.40407809458142
33,36,3,3,10.747815481368374,751,Sugarcane,190,61,9.474667067997899,5,135.3741321006824
17,1,5,6,11.00229443853031,142,Maize,122,36,14.464015301727029,4,2.5434829495245332
51,1,3,4,10.150991638453387,204,Maize,52,43,10.866869806714579,3,16.957200261903804
56,38,2,5,10.74393883637596,923,Sugarcane,51,56,16.036247988587377,2,217.773102009498
21,33,1,5,5.408201657609629,130,Cotton,189,21,17.415105797539006,4,191.49133668690544
49,19,2,6,6.430825190999533,781,Cotton,137,33,9.02667367744629,5,74.53407048959308
36,32,3,2,5.939889366458371,772,Cotton,105,29,17.173577974695064,4,69.48413927069745
52,3,2,5,9.939426429824483,886,Rice,107,34,17.03445975122826,1,27.707265182558427
26,10,4,6,5.229144954937087,864,Rice,192,56,11.42907617707507,1,16.100123979761918
8,4,4,3,5.457822323022309,318,Cotton,50,77,8.288355156364076,1,8.289501395899794
9,24,3,4,11.03171776577554,212,Sugarcane,162,65,14.63225386569844,0,88.59418649686683
41,36,3,2,9.647057543302704,831,Rice,120,72,11.447111773880783,2,128.81454989515092
45,33,1,2,11.003039823352694,794,Wheat,151,75,9.916474961547227,6,378.7176088172804
53,8,2,3,5.114842066085524,359,Rice,94,32,9.08564455844649,2,39.17183537460681
17,5,1,2,7.191843236490419,111,Sugarcane,193,54,9.960263620458976,2,44.929453040234
38,17,3,6,6.265209360610541,570,Sugarcane,172,55,10.3746683243455,2,44.23854562531715
49,13,3,2,4.077448682237196,439,Maize,66,93,15.958255188781415,5,29.039931652351967
26,18,5,2,6.276183683509655,971,Sugarcane,79,53,15.83819445782686,2,22.408870423039986
57,13,1,2,7.036666015823036,345,Cotton,86,43,12.944142064112508,5,108.09878975954521
27,39,3,6,4.737757097941695,349,Sugarcane,67,72,13.53325295268936,2,69.00039121159277
55,16,4,4,8.531900462614558,669,Rice,60,46,17.178165018645586,0,51.78247411244227
7,34,5,5,7.065381299781065,608,Rice,109,92,17.080401945431397,4,50.16901511118934
46,28,2,2,4.371693298220364,403,Rice,129,92,16.28673803090721,1,79.70375041429841
38,16,5,3,9.631830918943814,987,Sugarcane,87,93,11.742737951662155,1,42.62040822340365
36,7,2,3,9.834238670728828,991,Cotton,186,31,11.665523977752073,1,47.21719283475632
49,0,4,6,10.67577154375548,612,Cotton,95,34,16.87882651748613,5,12.143225654546296
55,35,2,4,7.884324798935861,460,Maize,91,22,17.265135661610756,2,155.1489426216823
53,6,1,2,11.749270378676078,814,Wheat,72,47,15.984546469315221,1,88.96617039608007
25,4,2,6,11.312513156259651,143,Cotton,155,28,15.571360117351507,5,31.115554544297627
50,23,2,5,8.410813000801053,418,Rice,83,58,13.581640142348604,0,105.15817099641882
48,27,5,4,7.559615448555338,706,Maize,199,49,11.38334901147793,6,52.75564671575288
25,16,4,4,4.024275423223383,588,Cotton,104,76,10.406325675675081,2,22.54441759578379
48,36,2,6,9.687956253913871,393,Cotton,64,42,9.403383019881886,6,186.99551470475254
15,19,1,3,8.519636032397528,608,Wheat,128,49,15.28201790946261,2,170.39752197265113
43,2,5,4,11.500353163888645,620,Wheat,60,83,15.769788180968304,0,17.565812765738368
8,36,4,3,8.753857001929953,873,Wheat,107,35,11.586451844383873,4,84.12997253461764
55,25,4,4,11.942848751141838,425,Cotton,91,55,8.060411910404977,0,89.26098425612321
5,14,3,4,10.830554174906323,352,Cotton,130,49,17.38596279459763,0,49.592873983806825
32,7,1,4,11.628783486519625,407,Rice,138,65,12.37089322156002,6,95.35564065950933
28,12,5,5,6.621302170280312,422,Sugarcane,184,99,17.74591047723319,6,25.814584407830175
39,2,5,3,5.194687958138132,707,Wheat,166,39,14.773595699342673,0,1.0
17,0,1,5,10.374976910361003,966,Rice,101,97,9.240134963915391,6,13.659625534563492
51,8,4,3,10.289576823753059,741,Rice,62,75,11.269522079852928,4,38.05517025352947
38,30,2,5,5.691591515244506,135,Maize,81,56,14.570502107780296,5,97.6693052312747
15,25,1,5,10.117957233079302,716,Rice,88,81,14.492528116952997,1,262.94129054803653
40,16,5,5,8.65578686433125,810,Wheat,127,84,10.31985425710917,0,33.83388556532956
55,33,1,6,4.876201159213384,390,Sugarcane,112,48,9.768568611844923,2,177.7786235378004
21,8,4,5,8.01426878056167,987,Rice,69,62,10.767907994368928,1,18.339708188038397
39,12,3,4,11.449104006709428,641,Cotton,65,93,15.868919822959855,1,62.11745224701349
22,4,3,2,8.05166036356183,704,Cotton,154,55,10.418698011122032,5,19.036962429894903
44,12,2,5,10.309591916427777,588,Rice,196,36,15.017807245824326,3,78.86676143848183
26,0,2,2,4.231279893135652,335,Wheat,150,73,16.69999610109489,0,12.169677294191239
28,24,4,2,9.82465130290075,484,Sugarcane,123,36,11.916223438595893,1,57.76833821324645
23,3,2,4,11.574699089099818,460,Sugarcane,121,51,8.069940391233537,2,29.30521496263479
41,35,3,2,7.9962222791434865,806,Wheat,127,35,9.419577365796282,4,99.62760527770995
43,9,4,2,6.701679304204691,355,Cotton,155,70,11.118968672304636,4,26.930276907601655
25,27,4,2,9.173204039095179,967,Cotton,98,78,9.899542264530574,5,66.76689546162864
12,5,4,3,11.330089720745754,458,Maize,150,42,10.895135998316693,1,13.400065153534939
32,26,1,5,5.414157204266743,642,Rice,169,35,13.440419822621521,4,153.81858590391252
9,11,2,5,7.229553680181678,124,Rice,182,51,8.210810995209933,6,44.32194849116351
21,2,5,2,5.250322247854729,914,Cotton,154,85,8.642814915033231,3,4.459251017001749
41,32,3,4,7.973233857759142,100,Rice,92,89,16.55739335195612,4,102.25577241560157
40,9,2,3,8.323376104244472,457,Wheat,96,93,13.223197373966306,4,60.30852461890008
58,30,3,4,11.553628917773281,217,Sugarcane,194,81,17.355311094229044,4,135.22182145881283
23,14,2,4,7.300121230141019,578,Maize,68,49,8.03275609357907,2,57.037073287974934
31,6,5,2,8.535652908317587,776,Wheat,166,55,8.00151190300729,3,17.668502273722172
57,35,3,6,11.082100592433218,558,Wheat,105,25,15.395966045933605,3,140.0036931325884
38,13,5,2,6.57124000140927,212,Wheat,191,64,12.762527204847522,4,24.717953407256807
15,13,3,6,9.39331095174072,294,Rice,141,52,17.13798346392008,1,42.962427112597936
58,2,1,3,10.057294790576773,751,Sugarcane,181,24,15.865839592313975,5,42.915885076000386
49,2,1,6,6.644225877496075,119,Maize,180,75,13.039626631646732,6,33.60052110715538
51,21,3,2,5.314729484245156,385,Cotton,128,47,12.785240018717325,5,49.457324326735105
16,18,3,2,8.023276335218187,557,Wheat,199,26,16.111804263457167,2,48.129173347905684
58,34,5,4,6.854413841066413,842,Wheat,161,78,16.037063723219056,1,54.290318475801165
25,11,4,2,6.131699454337712,547,Wheat,99,38,10.7694480972124,0,19.188347315246705
58,4,3,2,11.78737048555284,690,Cotton,59,81,14.746368598282018,2,36.09427625387414
15,9,2,5,8.017224149612264,739,Rice,147,62,14.4320225364577,5,41.7526520826588
43,32,2,5,10.85182155074739,184,Rice,65,69,16.560844984455585,4,186.3571722924551
32,12,2,4,5.562539284346873,675,Sugarcane,86,72,16.68579570798286,2,48.30811454743512
9,34,1,6,11.515542119193045,373,Rice,149,57,10.682806417908603,2,397.9097925643753
21,31,5,6,10.355451476552174,899,Rice,71,36,16.797424540950004,1,70.00650018894267
24,10,1,5,10.469537249513138,502,Maize,171,46,17.245711215444203,5,112.46643458954053
45,37,2,3,7.118119001567429,352,Maize,81,56,9.096366655406875,0,146.74503822707322
50,23,3,5,7.88509594462149,705,Rice,130,26,13.737461643952315,2,71.38856482028127
16,34,2,3,8.746834607189442,900,Maize,122,57,12.364636808648672,0,153.67618985070695
10,18,3,6,10.318124289640519,761,Sugarcane,82,48,12.01984703235389,0,66.13287033407161
21,5,5,5,10.7924540164835,464,Rice,169,70,15.048293943046254,1,14.0790602874164
55,39,4,2,4.6243624748154755,768,Maize,146,34,9.295683601984864,5,57.466362772164835
23,34,3,3,11.232499100265397,827,Cotton,179,35,16.199458090392607,5,131.87851017937552
30,3,1,3,11.499973220034088,359,Maize,63,30,8.265994276010375,1,47.08440365759952
52,32,2,3,8.743099234854284,533,Maize,150,52,13.783008620511268,6,161.3935821777564
48,12,2,6,5.4940049060392475,711,Cotton,110,39,10.253599994618693,4,44.972317314332635
48,35,2,4,10.547318661627916,221,Sugarcane,114,48,14.674689191948929,6,199.42142075154544
56,18,3,2,8.388700916396791,743,Cotton,135,35,13.254318938040662,4,65.95130084474155
36,11,5,5,10.537571629731037,616,Sugarcane,79,36,17.99752230957416,2,28.729051655973414
10,10,3,3,10.518465012714532,844,Cotton,76,76,16.623225414030845,4,42.28273025562873
59,5,1,6,4.69383452548634,778,Sugarcane,113,97,11.366327419353448,6,47.21517351539166
40,11,2,3,8.856171426965313,668,Sugarcane,82,56,13.284824290976943,5,61.857239452882894
42,26,3,5,7.86515439414977,642,Wheat,102,96,11.178120508731492,1,87.08040687386035
15,24,2,2,11.568955759996141,618,Wheat,129,37,15.287934916541754,4,141.48144152994465
37,2,1,3,6.373130335403171,111,Maize,187,90,12.22413136605648,4,31.31182443398327
28,2,4,6,5.6480008495274,109,Cotton,179,68,9.154377630329805,4,7.412596157371212
27,19,4,6,11.176694848153238,256,Sugarcane,143,30,14.60803875832,5,62.54060762056697
19,27,4,4,5.189724551200838,824,Wheat,159,76,8.1106504788204,0,40.79586552285844
31,22,2,6,9.492155669795693,240,Maize,92,38,10.972900769812117,4,117.37192266328532
15,2,3,4,6.400158510734487,738,Maize,196,89,17.071430684415635,1,11.790812908443097
55,23,2,2,8.542766043979821,809,Maize,164,72,8.94174311191053,6,119.784244062468
54,39,5,5,8.929755462730089,236,Wheat,148,29,13.044257404622083,0,79.69145289323812
21,5,3,4,7.338954255663734,790,Rice,60,20,15.950884851701154,4,17.339131902422466
55,19,1,3,11.799719841896767,699,Maize,101,20,17.045021212903777,4,243.18409077997288
57,10,4,3,5.054665344679833,499,Rice,175,66,13.59838296035744,1,27.431512868938576
18,31,3,5,7.131192712294056,542,Rice,171,46,9.531814005031435,2,76.80076476796272
31,26,3,6,7.4431626149945265,541,Rice,81,44,17.4085741883059,1,74.69317708241037
22,20,4,3,9.048375591969453,366,Maize,129,29,15.49258845816954,3,52.343231729372164
32,12,1,4,7.258078065556153,775,Sugarcane,78,55,11.95670357588499,1,99.01211014707684
55,21,2,5,4.776288090977306,860,Rice,85,65,10.769807412721368,2,67.34118216774921
51,34,2,3,11.579439985446609,612,Wheat,137,27,8.477164894087565,1,207.313098412258
51,21,3,6,7.328632653109485,376,Wheat,161,81,9.914311656457702,0,70.41159127417897
8,27,4,6,6.7413898177365805,783,Rice,101,48,15.77677063392474,0,45.05263503354053
11,20,5,3,7.573776993392038,455,Rice,102,72,9.08627632253847,1,30.9132895732398
49,17,1,5,5.7327654570313795,873,Rice,117,23,9.294125346998097,6,113.4216943852764
39,30,2,2,4.801773477349207,753,Wheat,182,68,9.959327019419602,0,87.69847008101907
52,36,1,3,5.188627832870901,192,Cotton,132,88,11.953417298524496,2,209.59470673023733
13,20,1,6,5.333238616028477,740,Sugarcane,164,61,9.890711456102276,3,116.27849134401534
12,13,1,2,5.581387505727161,235,Cotton,173,94,17.043035038887705,3,85.75991129010589
56,24,4,5,7.359681697809538,210,Wheat,175,84,10.576553488675573,2,63.51926347273917
49,26,4,6,8.991194152353229,143,Wheat,161,96,17.194876124640977,4,74.88430164570687
21,39,4,5,9.031102704213861,990,Maize,50,53,17.849430208509204,4,92.10961651789198
21,22,3,3,4.000780556495415,310,Cotton,148,33,15.548033564212599,3,30.414847359795885
53,30,4,5,11.367661335187199,442,Rice,51,72,8.074370595629405,0,98.47509291605843
37,28,3,6,10.582777444258573,458,Rice,187,95,10.400201175665439,0,116.53595194618472
36,29,2,3,11.71150431548832,460,Wheat,108,94,10.673334137458733,4,183.68065736616668
12,25,2,6,6.879890757841543,430,Maize,55,20,13.427545883895007,3,84.11558287296735
23,19,2,6,9.318394213515177,510,Cotton,153,27,9.58393702984466,1,96.06701218691086
42,37,2,2,5.344165994048777,858,Maize,132,37,8.772151530943976,5,112.91754139488268
7,18,2,4,10.536264217762689,607,Sugarcane,97,24,9.763577421110066,1,95.83646595042299
9,26,4,5,5.290941783634951,331,Maize,169,86,11.273519663782189,0,40.04095943677494
17,24,5,5,6.607885606461997,903,Sugarcane,137,41,8.492099700577976,2,25.773292610030392
51,39,4,2,7.926678847575866,269,Cotton,177,25,9.953642333233567,5,88.32959967713252
50,37,5,5,8.756253350822004,503,Rice,122,46,9.675199659883202,6,73.50377579266225
35,22,4,2,8.477064194293852,333,Sugarcane,81,56,15.723593266765763,4,53.71653964172949
59,28,2,5,4.816768093679978,619,Rice,153,54,9.695740018620224,0,89.28430069147451
20,14,1,5,7.373408022910808,401,Maize,54,55,15.915395251108256,5,115.90792220126639
54,2,5,6,11.38327411364658,199,Maize,134,80,13.0818215204967,2,16.69035913353696
36,9,1,2,10.978948222014813,352,Cotton,66,20,15.578541795241446,2,112.12848532726107
26,14,2,5,8.726268186037117,407,Rice,73,67,12.503569056968747,6,75.50171194845498
33,15,5,4,8.57859660362881,893,Cotton,177,86,17.010551746190345,6,34.1711168739823
26,16,1,2,4.8934014611946415,902,Sugarcane,140,96,10.765186823985179,6,93.98216158180159
47,18,4,2,5.602075618482427,799,Maize,161,58,15.668068515710596,4,38.25747631907688
7,10,2,2,6.021117940832768,486,Maize,131,99,9.634200131199254,2,35.54935322060272
58,4,4,6,7.905565828190445,222,Maize,135,22,16.826444415794093,6,16.336390542367045
14,4,4,2,9.85084838476575,231,Maize,55,45,8.284408974697891,2,18.23153174877193
46,13,2,6,7.685802844834066,335,Maize,77,88,12.574361228533,5,68.07721202496863
25,25,5,4,5.008488334699182,320,Sugarcane,155,74,12.212582790901227,4,24.786720927411263
20,7,3,3,7.514791016091044,161,Sugarcane,197,22,14.237906851048258,5,20.93412843584006
16,4,3,6,5.301066029991107,931,Cotton,170,75,12.409333595508809,3,15.331865258104294
6,6,2,5,10.009178813543077,789,Wheat,196,47,13.889786719943285,5,26.850096383051106
45,15,3,2,5.332006883236632,831,Maize,57,62,16.617029528901156,1,38.99985398135767
28,13,1,3,7.860271916355654,502,Maize,67,49,9.420285248490737,3,115.9512707993566
39,36,5,6,9.547308821288745,270,Wheat,86,37,10.441473194415833,1,76.0423294503125
34,3,4,5,5.825584511561669,575,Cotton,87,24,16.02819918697428,1,8.225825430230454
34,35,4,3,4.608240861098611,693,Sugarcane,51,80,10.280639751649078,4,47.63455969767302
51,16,2,4,8.50639580859799,113,Maize,192,20,17.056539959643196,3,84.7644867646924
39,35,4,6,4.43362130803514,369,Cotton,108,83,13.408113472319513,6,47.27979762163108
23,5,1,6,8.702149143745345,153,Wheat,124,33,8.818643296852965,5,57.797662134567865
54,15,1,4,10.02798830068961,512,Sugarcane,182,60,8.206602674465227,4,172.44549783399876
12,28,2,6,6.634527933378452,230,Sugarcane,155,92,15.629045840265206,5,99.15584699458043
30,35,4,2,7.906795272645537,709,Cotton,197,87,16.56350832041482,3,78.05082601743362
53,37,3,6,11.430094705799572,812,Rice,131,72,10.398645986672722,2,156.60256511293179
44,36,3,2,7.768870913404419,971,Rice,189,50,10.407799041537032,5,105.81911748369518
11,9,5,6,11.97243249114711,872,Rice,162,78,17.541021042375206,0,22.434759881887818
34,35,2,5,5.256019290861383,832,Wheat,130,85,14.561871366672973,3,109.08716631505911
11,28,5,5,9.671471219866312,616,Rice,117,56,9.676141123515944,3,53.02937758481381
7,13,3,3,9.220948785578031,728,Cotton,68,69,12.48586941340694,6,42.58182725999929
5,3,3,5,10.978438508210617,400,Sugarcane,136,85,17.104361156531667,2,14.133201092669843
40,35,3,4,4.739545695924326,803,Cotton,76,33,14.211741953377214,6,67.15938665695782
29,12,5,3,6.241652732014534,526,Cotton,165,34,12.074695997589059,2,20.631344664614858
41,17,2,5,5.057433806082682,215,Maize,165,44,9.51033500026705,6,52.30528829713155
5,32,1,2,11.464760978175372,335,Wheat,94,93,15.260018443355477,1,378.53128661325417
19,20,1,6,7.413082597162057,662,Sugarcane,127,27,10.763628891377916,0,158.75654563742162
41,15,3,5,11.280526764280552,112,Maize,117,77,13.659107071042438,0,68.69099178584862
17,14,2,2,6.355255954870581,317,Wheat,136,75,14.001402001974958,0,52.55093440729381
44,4,2,3,5.010944810893215,428,Sugarcane,85,33,13.554494819227454,5,21.841908472478455
12,5,4,6,6.372298183888131,167,Maize,182,61,10.464927915767877,3,11.238996409556334
9,37,4,5,8.777394874624392,842,Rice,76,32,15.082745942193352,3,77.36131175826
13,2,5,3,10.761860734276727,936,Cotton,76,38,13.660500056724631,4,5.452115323148603
5,11,4,5,7.083125545799975,490,Rice,144,53,12.036829300104756,1,11.249418862315723
40,35,5,3,11.318469274027873,191,Sugarcane,125,65,8.521308525705408,2,87.43684719483299
39,32,1,5,5.95385647742343,203,Maize,183,74,11.312637958482837,2,206.90494332921068
6,35,3,2,9.548325498430135,689,Maize,125,83,11.524475078825061,2,113.73343282280794
44,32,2,4,9.885706803858177,525,Maize,177,76,15.91163365234069,4,176.40880828644922
27,30,1,2,6.191703354644928,713,Cotton,191,91,13.134470674111405,4,201.12247386982028
13,20,1,6,4.2157590264042195,872,Maize,71,83,17.321188647048217,3,95.2327573325638
38,26,5,5,6.921898736406043,403,Wheat,124,24,15.507298713185657,4,41.040150865247966
50,26,3,4,4.361569178449089,478,Wheat,153,62,13.380046487133963,4,58.53050912677867
18,7,5,4,11.206030203217422,837,Wheat,101,36,9.688858055474586,2,21.528873077348464
8,36,1,6,11.628202103472464,447,Rice,152,65,10.210332016371954,5,422.7849552077093
34,31,2,6,9.883039327568003,274,Sugarcane,151,52,9.600793674579764,5,161.1659242157444
35,25,4,4,9.813476682510672,491,Rice,170,88,12.42850733812908,4,71.67466407756248
42,1,5,6,5.927141355293845,504,Rice,126,34,15.225248843988876,6,4.628111097556617
15,11,1,6,4.591404612464677,187,Cotton,55,61,15.593248252233606,6,60.36540883501819
39,21,4,5,10.416837086887334,729,Rice,197,34,8.961512299703973,1,61.43251837429226
12,16,4,2,8.47329545242694,891,Cotton,103,84,12.959108358558183,6,40.04552140769627
7,6,1,3,9.453020246297399,752,Wheat,51,82,12.814406084751083,4,64.73109468454199
18,3,3,4,10.23712854468984,724,Wheat,121,75,12.38886652316171,6,18.951268647411876
17,36,1,3,7.275474151618151,348,Rice,140,62,11.012159975557864,5,273.5919056036908
49,37,2,4,5.156372719826542,465,Rice,177,89,12.758080619107332,5,112.62254021325508
36,31,4,4,10.360294394903164,188,Wheat,181,53,13.166067284901025,0,82.89097741376875
38,10,2,2,7.630125113827259,976,Maize,137,85,13.996961664746058,4,53.67376925681741
49,0,5,4,10.61539384684746,920,Wheat,145,88,11.773651672791917,3,12.100647170853941
23,24,4,4,7.501593174080102,831,Maize,196,39,17.451006354152028,1,48.784958212648846
42,23,3,2,5.736131267658449,555,Wheat,91,33,11.388386606575363,4,55.16101648847188
20,16,1,6,5.3680401332302585,514,Sugarcane,148,95,16.950509201298846,3,97.65804660337778
6,7,5,3,9.951374052473343,554,Cotton,100,87,16.012535188291242,5,16.348783089744007
44,26,2,4,8.599112982351974,662,Cotton,52,60,12.652707069769328,1,128.8672794007052
21,17,5,2,7.236823203717492,610,Sugarcane,86,78,12.963123796693958,4,25.369949067958377
59,26,3,4,7.936934049530656,274,Maize,71,69,16.69861589065789,6,84.05152653421642
38,21,1,2,8.397108842292319,308,Rice,152,93,12.927250071787423,1,196.6951059989567
46,15,5,3,5.915331534606368,728,Rice,147,58,14.793795737963396,5,24.907752843429925
20,1,2,5,7.025324637581513,412,Cotton,136,49,16.09302888159803,5,14.736891144564249
42,4,5,6,6.33929172087788,470,Rice,111,56,17.07881216255651,0,12.386851284315211
6,17,1,5,7.107390773965018,412,Maize,84,66,10.181641630958275,2,129.75038845229847
6,2,5,2,8.004497708143239,902,Rice,78,64,17.753657706232868,4,1.0
30,26,2,4,5.386860312434927,603,Wheat,115,76,17.65333569834044,1,80.81894339446622
17,16,1,6,7.148120501191104,185,Sugarcane,174,23,10.973549685746221,3,115.23702384968946
51,15,3,3,7.083955546455388,746,Cotton,99,25,14.13728118653688,0,45.92374562601825
35,5,3,6,6.288030534738102,920,Rice,63,34,8.469179509555,2,15.987948223796758
38,6,4,4,11.987970598419617,365,Maize,97,64,9.678273401068221,3,23.302127496258525
43,13,5,5,4.589020071954331,319,Rice,93,79,13.83817177160283,0,22.454417611129376
7,37,2,2,9.143609114285887,394,Sugarcane,121,47,14.501062406179589,4,176.02982590150484
12,39,5,5,5.395508852291485,797,Wheat,178,96,13.346029802897474,3,43.06920263714074
27,14,1,6,10.71619191428146,605,Cotton,52,51,15.047221577002277,6,160.49347027804805
18,32,4,4,11.313572288074408,262,Cotton,167,67,15.928907651082477,1,99.4646932184965
59,26,2,2,7.211823860871671,226,Maize,147,38,9.684578257643382,5,112.41277447802618
31,28,5,4,10.587827595365678,926,Wheat,97,50,14.596172455510636,0,62.23677209858582
58,36,2,4,5.9992755948004834,216,Rice,175,98,13.625982367489872,0,127.46932745366179
33,4,1,6,5.120548058634093,505,Rice,58,79,9.175862429196084,4,34.755480040353696
43,28,4,5,6.527026131220888,748,Maize,95,63,10.28604489778146,0,54.25684691066432
57,31,2,4,6.733392111128378,867,Wheat,107,42,12.19669018401104,2,119.45006442130777
43,5,1,4,7.1788603582846315,455,Maize,64,46,16.637584357941456,1,50.22078303936683
5,1,3,4,6.98367153566255,875,Sugarcane,168,20,10.170257809180853,5,1.0
21,5,2,2,7.2891556228040315,321,Sugarcane,193,41,9.829236922016072,4,19.512964811132644
45,3,4,4,9.680266926441039,475,Rice,164,27,15.209517278364723,6,15.100962598023234
34,28,2,4,5.964641062925882,413,Sugarcane,95,88,17.75792942833337,2,96.83277742939998
57,24,2,6,4.1486047661209735,994,Maize,120,43,12.473287576737668,4,65.43004518343758
17,8,1,4,7.917444411050173,962,Cotton,84,52,11.50137614413316,4,71.6263165731817
25,2,5,4,7.586329953638912,249,Sugarcane,115,31,10.539405893195756,1,1.9302721353252252
23,25,5,6,4.480519918747444,335,Maize,106,23,8.497408636592999,0,22.309089962960886
57,26,2,2,5.07041121201131,962,Cotton,161,83,9.784141215317625,4,87.03645578430769
23,35,4,5,8.079367157479151,267,Cotton,83,98,8.934150662184676,3,78.85659314044392
29,31,4,6,5.878006080156634,594,Sugarcane,80,79,12.94101554689781,1,53.17531598524883
26,0,1,2,11.020786353131577,511,Wheat,61,28,17.781975269540787,1,5.8243287071558285
35,15,2,5,5.386339891675961,168,Sugarcane,114,61,15.874024241707717,6,54.46541833182729
21,10,2,4,4.16098105478813,820,Sugarcane,178,72,14.016900835997518,3,32.91480329288754
59,25,5,6,7.580510155128483,663,Wheat,128,96,12.866382697453126,1,53.296245136640906
27,39,1,4,11.889304884866043,366,Sugarcane,63,93,14.171819910319083,4,480.17394787944926
36,0,3,6,9.070980210451811,249,Maize,187,79,11.760266430766334,2,10.562892658176128
14,25,4,5,6.832237770095396,914,Wheat,116,33,9.783852936449147,0,38.2556137376307
14,27,4,2,4.134944091742867,956,Maize,133,70,13.89773653598977,5,28.334387424963428
40,8,2,6,7.879587517937814,624,Cotton,177,84,13.281032890016618,6,44.3686318117175
12,21,1,2,5.651728017107442,481,Wheat,99,46,17.445366878186462,6,128.92330921987215
58,7,3,4,9.18203268357317,711,Cotton,168,41,14.498328470640566,2,35.536611713965264
56,26,4,4,8.66406794985041,473,Rice,177,41,15.734305088642886,1,68.8959942295078
24,38,1,5,6.1217102030974795,784,Rice,149,83,8.927017158854715,3,248.41614064439656
36,18,3,5,4.551061873749373,605,Maize,140,43,15.609370005985086,1,33.28769254434943
54,24,2,3,10.040153584322677,336,Cotton,165,49,17.82848837135467,1,135.1742031882049
18,37,5,3,8.683712756743539,686,Cotton,60,59,14.574955612425846,6,63.247063940657625
54,20,4,5,10.737009996069027,424,Wheat,180,42,15.420837037153513,1,63.08724254514369
32,23,4,4,6.07840012509373,988,Rice,59,29,17.795212463244546,5,40.243541146000034
50,23,3,2,9.222896518243296,349,Maize,100,52,11.912747230610417,0,89.41077572621771
56,18,5,5,4.94944400422948,689,Maize,81,91,16.2417851348275,1,36.62071606946065
57,1,1,2,6.3344792633347495,889,Wheat,121,24,11.99692528230208,1,18.784065404439406
28,13,2,3,9.252312895018957,550,Wheat,96,46,12.259186166667035,5,70.62632563376604
19,31,1,2,10.604650441158345,853,Maize,62,81,14.582418849306267,1,344.43812552390597
26,31,3,5,6.567404013946775,521,Wheat,171,44,10.564191581887759,3,71.40306954907415
34,27,4,4,10.39082845245201,925,Cotton,116,85,17.927818195261153,4,76.68228305628853
8,38,4,5,9.42201968218626,315,Maize,102,39,11.292315668305747,5,90.67207557601948
17,39,1,6,6.789398172060799,831,Sugarcane,102,62,9.228499614898968,1,273.87258978027245
27,39,2,6,11.011175501955513,120,Rice,192,86,11.225540570089313,1,228.3331378796505
12,12,3,6,8.07383252828345,404,Rice,170,77,16.559662302890302,5,37.628481354865144
22,11,2,4,9.185974580368658,452,Sugarcane,91,60,11.139280377053488,6,61.09681599779074
16,7,3,5,7.965050735227841,703,Sugarcane,78,83,14.113556149131265,1,26.70914445164227
59,14,2,6,7.621759683926144,906,Cotton,96,65,17.35320210823985,0,73.46992977631155
35,25,1,5,10.783821737910852,544,Maize,79,79,10.599660564467252,3,287.37616180656374
18,11,5,3,6.357635320309006,711,Wheat,172,34,9.313653280757878,2,14.920001531125695
38,26,3,6,4.293033778909797,365,Rice,63,46,8.96848249863119,5,47.89212279949807
22,17,1,6,11.03826114835969,267,Sugarcane,128,77,12.40368200423601,4,198.10192945478863
38,35,4,4,10.600191624409465,157,Maize,160,43,9.042867026229409,1,100.76293271681591
15,26,4,5,6.932483796556902,700,Wheat,108,54,12.538084074702722,2,48.115667963129276
45,8,2,4,5.48360910964169,784,Rice,159,42,16.627169391506204,2,36.156369714086026
16,38,4,4,9.404269144387769,756,Maize,155,27,15.774838280386318,0,90.8241088917947
53,0,5,5,4.630087229085114,732,Rice,113,35,13.817008534408053,0,11.314804605237324
19,6,3,3,7.390038044310468,856,Cotton,93,89,16.504225061183096,6,23.926891866617357
35,25,2,5,4.686898572320249,423,Rice,63,80,9.002700479319081,5,72.11705276297532
53,6,3,3,8.783277402630102,365,Cotton,140,77,14.094176959666173,2,36.31525804971891
33,6,3,4,4.21766707047704,984,Cotton,93,48,9.156413709259564,1,11.522100955364731
30,7,1,3,9.033907005074493,161,Cotton,110,82,12.821394112686146,4,82.92685133173569
22,15,4,3,9.385644586315173,188,Wheat,51,45,12.634623773729764,6,44.529731968428734
36,2,3,3,7.897155797001209,515,Wheat,128,28,10.65155364931234,1,13.471008251693714
26,9,5,6,5.400058634380895,683,Cotton,123,38,16.298546375176223,3,11.210745105616299
42,6,5,6,4.811151509017658,781,Maize,58,90,10.282276659362315,3,18.141842988663253
21,20,4,4,6.506338785096026,784,Cotton,182,44,13.518942462386285,3,37.924531586837674
27,36,4,5,7.721653436800099,175,Maize,117,43,12.822613450314758,5,77.88631134561777
28,30,2,3,9.137666534758756,504,Rice,111,58,12.316522112623796,6,150.01735911570984
54,22,2,6,4.010001020147997,464,Wheat,184,66,8.335421481779338,6,67.61338718122701
12,26,2,5,9.688511353882905,995,Maize,156,80,14.967338593004857,5,135.9008830601091
45,21,4,3,9.701695457002213,769,Maize,123,48,8.126853433277354,1,67.62290338225796
10,38,3,5,7.556302451939999,941,Maize,150,39,16.205472041487557,0,98.86054474632186
9,26,1,2,6.747251565983614,824,Sugarcane,75,24,10.66394586791357,5,177.98756846566903
48,3,2,3,10.738468517362868,484,Wheat,92,55,9.200054315490721,2,26.83027959390158
33,23,1,5,10.276699856249824,108,Sugarcane,158,81,12.170406753494731,2,252.08004789575654
32,22,5,3,11.86620870814179,614,Rice,111,69,13.593605497129833,5,59.221265373194115
15,18,4,3,6.9754464427116165,468,Maize,72,39,11.103626585916055,1,33.61710062923132
5,2,5,2,11.254660838856786,408,Wheat,113,30,9.217847729455174,1,1.0
47,26,2,5,4.699215087143618,269,Wheat,121,39,8.183272739503792,4,75.04352351029233
23,2,3,4,7.291728530006818,246,Wheat,193,25,15.038132429104996,6,2.457922014191034
13,27,2,6,7.722992949989272,617,Maize,169,64,16.864357936624373,6,114.62068875999802
31,16,1,3,7.5269945296276655,782,Cotton,58,45,9.00521054679758,3,136.19234614879917
38,30,2,3,9.00078550744899,179,Cotton,53,42,10.306337665948995,1,149.03619196869573
48,9,3,3,5.361662710705351,903,Cotton,88,24,8.202291603481115,4,28.3146974714806
8,21,3,3,10.931617373810017,551,Sugarcane,93,44,16.85066235149491,4,78.3900678886042
40,29,4,6,8.414112148317114,565,Maize,90,23,12.44738549239378,5,67.50075014638708
22,20,4,4,11.233676384106115,835,Rice,62,29,17.251952084247037,6,62.23493420061041
19,35,3,2,4.021053152171878,963,Sugarcane,125,53,12.68099330335086,0,50.40752757739424
55,22,3,4,9.03990490874397,906,Wheat,189,77,16.621831063595693,5,79.5419649431623
17,37,1,6,7.299662774838663,654,Cotton,73,27,17.517564282515757,3,276.98066846664227
23,11,2,5,8.04079249399566,856,Wheat,97,71,11.351516731220523,2,57.280968540841506
53,24,4,2,9.950436086242282,511,Sugarcane,148,47,14.407110551843594,6,72.53141724848068
10,19,1,2,5.817213986693517,661,Cotton,81,28,14.664200030428145,1,118.0697909182756
52,6,2,5,5.639195481715104,394,Maize,70,53,8.21408735195127,6,39.00486901653783
16,28,4,3,9.624062541897144,229,Cotton,113,78,12.382291647962752,0,72.9653252076806
55,28,1,6,8.170926071553442,992,Cotton,193,36,16.55327839871765,6,252.9564707660492
41,12,5,5,5.869112784493523,863,Cotton,139,52,17.46285262471843,0,15.264113102623483
21,2,5,4,7.872149077355323,264,Sugarcane,87,75,16.992208737255382,4,4.320273379130553
27,1,4,4,7.6764672462172765,712,Cotton,52,80,17.72897933077539,5,13.027184566451352
30,15,1,5,9.531555419322492,982,Sugarcane,149,56,14.530418624530576,5,157.75601819170058
33,29,2,6,4.021288828954235,549,Wheat,51,32,10.327993850775101,2,65.76078249674416
37,37,2,2,8.694082126171864,886,Maize,52,48,13.753821711322221,0,172.46328276079294
31,5,1,2,8.845425204098204,606,Cotton,153,59,12.211439566169963,3,64.31022480586208
29,6,5,3,9.964081097503358,168,Sugarcane,155,74,10.586525754821784,0,22.090390494111993
59,4,1,6,11.113843728283593,655,Cotton,160,33,15.727861447505168,4,56.791310299584474
14,6,5,4,7.5215183768935105,761,Cotton,139,27,14.29198729916505,0,4.926657029403504
51,33,5,4,6.740161794471075,599,Cotton,76,51,15.90104208421211,4,54.74731045114578
27,31,2,3,4.8185630200902905,234,Rice,87,30,10.694906678167259,6,84.67607543741934
25,12,4,4,6.694686759145864,997,Maize,57,88,17.038845456183246,0,30.007242873270368
25,29,3,3,4.547877315555262,929,Maize,72,69,10.387137399191719,3,55.886255110523905
47,24,1,3,10.422561642731639,601,Sugarcane,183,56,14.019224137796257,1,268.93707046397327
17,20,5,5,10.45604918276669,444,Wheat,108,64,8.568946633997347,1,44.156933537613135
41,20,1,2,7.337901258358225,829,Wheat,107,88,13.409642684142518,0,167.87263248876712
37,27,4,6,6.077129871011927,759,Wheat,193,85,8.987234098185333,2,51.04743052987273
28,19,4,6,4.944160603618174,737,Cotton,75,45,11.32214894979811,5,29.794924669133234
48,33,3,2,10.80989732817477,860,Sugarcane,128,49,16.60689258697583,6,137.3140906618936
15,4,3,6,11.019962227083242,153,Cotton,145,96,16.93527315140553,1,17.112344935379657
21,17,5,4,6.130316916718512,431,Rice,196,57,15.672985305134441,0,24.197594295538824
8,38,3,4,8.97408438774211,519,Sugarcane,166,46,11.677037919043633,1,107.95993193532294
51,10,5,6,6.069229318323109,834,Sugarcane,148,70,13.787228149892616,4,26.796758369560354
29,16,2,5,5.80101301714863,820,Sugarcane,101,34,10.239789663995584,0,55.102071313932406
34,21,5,6,4.169664405051322,755,Rice,126,81,14.783491951442667,0,28.626321951782884
13,36,3,3,8.6172753406885,412,Sugarcane,96,49,11.474030184011728,1,103.85867488131665
25,19,1,3,5.1995323454844575,931,Rice,63,51,10.209986019213954,3,108.06386400928749
24,5,3,2,4.098969462935456,237,Wheat,96,69,13.849703578998694,6,18.1231575726038
23,33,4,4,4.838809314694538,454,Sugarcane,143,26,9.11802191367556,5,45.1788424002504
23,13,3,5,6.51015353270251,601,Cotton,155,58,14.866989806168522,6,31.81001157040667
16,22,2,6,9.353305520893693,324,Maize,190,80,9.870054249286854,0,110.40190087997833
41,19,5,3,5.620984426657001,713,Rice,188,35,13.5345536098319,6,24.194049340366874
46,12,4,4,11.100724500253374,198,Wheat,51,94,11.925084859521728,0,51.29444862768859
21,31,5,4,6.3079072830636,406,Wheat,164,56,13.66244710769925,3,42.27330588730901
41,25,5,5,6.6498103153892,894,Maize,73,72,10.459618697737781,3,44.77214223660826
58,13,3,5,5.743817439615818,490,Sugarcane,131,97,11.103893187937137,3,46.15393602110525
52,35,1,5,6.030442696574707,190,Cotton,72,42,9.403210943067169,5,222.4459877913243
43,7,4,5,4.5930809164251345,908,Maize,166,78,15.769656454806622,2,18.522968211902928
32,39,2,3,6.358164629729516,473,Sugarcane,119,47,8.701120247302672,2,133.77965183776305
45,21,2,5,10.876939676804984,303,Sugarcane,159,88,11.764345125462524,6,128.75408142999305
39,21,1,4,9.507396331164907,993,Rice,124,70,12.490967896238836,5,210.00827274548578
51,15,1,4,11.002145630924932,849,Cotton,184,87,9.95206211814001,3,190.03091461014571
52,26,3,6,4.838872115034853,708,Cotton,171,92,11.848216155333368,2,58.32980467741717
22,9,2,4,7.644933046737273,732,Rice,187,30,12.180882210916229,3,41.644643610587806
18,24,4,4,5.83403898384092,216,Sugarcane,134,54,10.243303909856557,4,41.98211551312902
39,30,1,3,9.769724724449183,165,Sugarcane,168,30,14.392557420746282,5,304.19474877665203
48,20,1,4,11.761902597807124,230,Cotton,74,90,8.308540053022409,4,256.47580340040315
45,26,1,2,10.522875832402303,878,Cotton,162,36,9.9756466383921,0,290.7487684467153
11,16,4,4,4.282225334008051,927,Cotton,73,74,14.240749714615799,5,18.949110376706024
45,32,2,6,6.533277557153873,485,Cotton,61,45,14.27527440950092,0,119.14230519150644
17,30,4,6,4.228637523604188,191,Sugarcane,180,66,10.652625989178734,3,37.89313241295961
22,25,4,5,4.321335735447884,176,Cotton,183,45,14.830492390039549,3,24.82457496915957
41,20,3,3,4.636122433315311,849,Sugarcane,108,76,12.697888151068483,2,50.11065662852235
17,35,1,6,6.210615431764495,351,Rice,132,93,13.272466624530473,0,230.9452447395553
40,0,2,2,6.433622141105049,838,Wheat,121,98,11.32610363274842,2,18.644591520774625
35,3,3,2,7.203628105879106,971,Rice,85,67,17.842723214881154,1,18.989460815203387
6,3,3,5,7.239448755730369,419,Rice,110,45,15.373872269828269,3,12.810415950639776
20,25,5,3,10.171272094745447,752,Maize,149,60,10.484298995173837,0,49.12822992392587
13,3,1,3,5.131225948631198,153,Rice,182,47,10.365632795902119,0,23.784099916050543
13,8,2,4,5.2619249264340615,751,Maize,191,38,15.741734934903924,2,28.651004628783102
42,29,2,2,9.012712413377873,757,Maize,114,20,11.880109205294222,4,145.09871215004472
15,3,2,2,8.573937217539974,885,Maize,61,53,8.915119552373865,3,21.399358561876884
58,4,1,2,5.232037643856899,244,Rice,179,60,8.35599912984573,6,41.24153110169944
26,22,2,2,10.818115414831354,778,Wheat,63,84,12.139560166459407,3,133.33117881955184
37,15,4,6,6.632475312809659,185,Maize,116,93,12.147080449644791,3,40.01259284632093
40,21,4,3,6.93573878835589,240,Cotton,164,23,15.068567021226201,4,43.48171941746638
49,36,1,4,7.363680646676708,144,Cotton,148,33,13.747716552146233,5,279.45728467206635
27,7,2,6,6.581614965911486,739,Sugarcane,116,82,15.701201344673763,6,35.1609598168503
49,32,5,3,8.459640418181012,969,Cotton,63,40,11.177522394479983,3,62.93993843942326
49,37,5,5,7.109181785265588,216,Cotton,94,83,14.242514724903184,4,63.396908764048774
38,15,5,2,6.075477807562301,246,Maize,186,45,16.857027876032955,4,26.443171882823336
13,4,4,4,11.235798941686195,758,Rice,187,88,8.692870537584835,2,16.615411084043473
28,15,5,3,6.466805921121238,120,Cotton,185,98,15.084513329125976,3,32.85716630077631
12,6,2,5,9.587911403750574,635,Rice,110,43,15.158830112355384,4,30.173764333115223
11,0,2,2,6.77781416285517,257,Wheat,82,29,15.940302901938885,4,2.736360372311508
40,8,5,5,7.481759895019775,575,Cotton,121,51,10.69047319783027,2,23.129878807776016
22,17,3,5,5.887548187210653,147,Wheat,176,92,12.165208873403234,3,41.37608844686756
7,2,5,6,10.018636955098033,518,Wheat,151,50,10.39708345345775,6,1.0
32,23,3,5,9.897626011410026,209,Sugarcane,72,34,11.085818901226972,1,84.56568265222454
10,27,1,6,4.1779195664648014,670,Rice,108,69,17.68508492483873,5,115.35467894800217
48,9,1,6,4.481552322410335,628,Rice,149,22,12.456540076350343,6,56.87676586122962
48,8,2,5,11.379011637959517,403,Sugarcane,105,54,16.48552447340512,4,55.38425211889019
25,12,4,3,11.110614777902807,581,Maize,176,73,15.948798539834897,6,41.02046521515294
32,34,2,5,8.048697542228243,666,Sugarcane,133,96,12.445260301772763,0,155.7226840559864
44,22,2,5,7.946859132466692,236,Sugarcane,107,90,17.921791308323943,5,105.57527170639719
58,16,4,3,10.49939339507034,176,Sugarcane,177,45,16.40780518947853,2,56.617260781269025
58,6,2,2,5.107601175079032,369,Wheat,189,54,12.826950598935923,6,33.396491756987544
5,15,4,4,9.229592970767673,791,Rice,183,47,11.097056811138927,5,37.46041480327027
40,39,2,2,7.8078639558980765,184,Maize,81,35,8.752945513304443,2,162.10612755826224
25,35,1,5,9.946648234524982,911,Cotton,57,67,12.647999050541834,2,365.366698586176
47,19,3,2,4.240822330495924,567,Cotton,62,88,11.600099034288313,6,45.33407032847371
39,23,2,4,8.741804397791508,750,Cotton,112,95,15.113768832415303,3,119.50498145186361
17,4,3,2,8.45382572172446,918,Maize,74,41,8.196783642734674,6,18.043239190684787
53,5,5,4,10.726786636713483,781,Cotton,110,31,16.314476676241917,1,17.75929441880967
58,27,2,2,9.414690380440224,341,Maize,137,77,12.166281377914197,0,149.70924042252247
58,4,1,6,11.041282867165101,163,Cotton,174,58,12.697325820333068,5,62.73913005150954
14,38,4,5,11.09818657314047,339,Cotton,75,55,9.827901779085794,5,112.69265317618267
57,37,1,4,7.265312007197743,194,Maize,133,25,17.37482101774706,6,287.037554259417
48,1,3,5,5.099473070014505,757,Rice,71,67,11.983871985863573,5,19.034640193787144
51,38,4,6,9.042269246577504,497,Maize,184,27,16.427247976696563,2,102.86703005210023
57,20,1,2,10.989968787268083,987,Maize,111,89,10.374534573282553,6,247.50798672062413
14,39,1,5,4.599626753558086,148,Sugarcane,171,74,8.966569964908446,4,189.23778424912254
50,36,1,2,8.463386184677313,552,Wheat,167,80,14.35760969879284,1,333.7263665253892
17,17,4,2,4.9199962132785915,244,Wheat,195,29,17.844164898994293,1,18.134199608999282
41,11,1,5,4.215967934041616,497,Rice,59,67,14.469415695563702,6,62.406370308472866
42,16,1,4,9.437082831526668,870,Rice,80,85,14.087131233382541,2,171.17908373918968
28,36,3,4,9.45479689497731,770,Rice,75,43,12.422307180246658,0,118.47202479695284
6,37,1,5,8.805264359970895,828,Wheat,158,47,10.838012948767851,2,331.3148440109258
26,14,1,4,10.873782431214376,402,Rice,139,53,12.30833257591122,0,161.22748092890012
21,6,5,3,4.647011518347827,527,Rice,175,76,9.489569452134798,2,9.71150870250762
40,13,4,2,4.842082093590075,116,Maize,74,86,10.619067653565928,2,25.96235863892516
18,0,5,5,10.916283503835578,180,Maize,169,45,12.873854202791492,2,1.0
14,37,3,6,8.026213759090105,283,Wheat,67,82,9.447955596858726,3,108.71495302570939
39,2,5,5,6.184422470705898,566,Maize,157,41,15.915318194336264,2,10.665916518958989
29,36,2,5,9.9052558238823,382,Rice,192,55,8.115613201020867,1,186.39727268776792
7,30,4,2,11.155229780835217,170,Maize,177,97,11.215934246873083,4,87.21128869951765
51,12,1,6,9.516826289623697,189,Sugarcane,57,56,13.166514604239307,5,137.93767612361032
42,17,5,2,10.335460773427592,808,Maize,92,22,17.289478038077235,5,40.70814293587843
21,16,5,4,6.25997792156154,741,Wheat,73,93,13.73452209372411,4,23.78841703481832
16,16,1,5,6.3102028752843395,691,Rice,166,83,10.949039760148894,2,111.56535977793453
58,10,1,2,10.91299104283706,464,Rice,151,42,11.521906873461194,3,128.8221632011398
56,19,3,3,8.918902789241724,302,Wheat,114,90,11.391589501928525,2,73.55906201697935
28,9,5,5,5.873302013389892,330,Maize,75,77,9.803693795762157,2,17.728562925947628
33,28,5,4,8.193294523697698,698,Rice,123,31,9.448486768811406,0,50.43610850926854
47,33,2,2,9.486883771777993,838,Rice,115,71,12.806354271046324,5,176.65003772018002
29,16,2,2,5.748392650006304,105,Sugarcane,63,30,10.702610411367242,5,53.82587199335111
40,12,5,3,9.239251265661888,456,Wheat,178,28,8.918428682049885,1,25.020004317292113
30,38,2,4,4.337158798542142,548,Maize,143,24,10.164786568218567,5,91.24117706237524
42,26,5,3,6.4295329840332895,836,Maize,86,89,13.207260735966287,0,46.261753403365894
5,25,4,5,9.391774493808917,245,Rice,67,90,10.568932283508936,5,59.044841277459824
24,27,3,6,5.1947925239192125,154,Cotton,162,37,10.377421824208096,4,53.868524287887475
59,12,2,2,5.777592245139991,166,Sugarcane,79,98,14.206564957592892,5,63.233636769348216
32,11,5,3,11.032746322867116,796,Sugarcane,149,84,14.894163652973997,3,36.650235715419775
20,27,2,2,9.394568795452868,246,Sugarcane,70,98,10.412458887226766,0,134.23663919492284
51,1,3,2,7.99134968205339,685,Rice,193,73,12.721412871585802,1,22.778835768082928
21,36,4,3,5.687147137019618,750,Wheat,67,28,15.64566753020743,1,52.42199579116872
44,33,1,2,6.731277252658065,835,Wheat,198,90,14.89904258604028,1,240.64219383190667
32,22,1,4,8.594643986298873,331,Sugarcane,59,79,8.692907249336912,4,196.32896487511388
16,28,2,4,5.242500751237348,567,Cotton,154,28,11.600708039334247,0,78.8476959364826
31,34,5,6,7.853952639185511,794,Cotton,53,63,15.232756918804823,1,61.28601373738581
58,10,3,4,7.271795153104179,195,Maize,64,30,9.794374904228123,6,37.17459139930355
57,32,4,3,7.813498731420946,590,Cotton,102,22,9.95927182561867,4,71.05922553132709
46,10,4,4,4.844486570242395,953,Sugarcane,104,96,14.30171707782424,3,26.554426916878832
51,8,4,6,4.851976696360229,347,Maize,171,24,10.837509535800702,2,21.459155779168203
34,13,1,5,11.71288762197057,231,Sugarcane,184,51,11.237504272182495,3,169.4602055508159
45,8,3,5,11.834941869798149,624,Wheat,188,41,13.228156192394549,0,40.640697889403384
38,38,1,3,7.409317263294546,169,Sugarcane,165,73,15.505806170008812,3,296.87593255612484
41,2,2,6,10.311963629206698,448,Maize,174,72,12.982888635729704,6,23.65407428693421
10,28,4,4,9.246331415384615,541,Sugarcane,165,81,16.934268808373485,5,67.52438019521112
11,18,3,6,4.935334836947112,355,Rice,143,69,9.066408187261827,4,32.416128756452935
36,35,4,2,6.373429258677582,485,Maize,74,45,15.541492281100812,0,60.899400931797835
36,31,1,6,6.509211269156164,604,Cotton,151,86,13.436381934642577,6,223.61269139407565
57,6,1,4,8.76619547887379,799,Wheat,89,73,16.16686513588556,1,69.72798403125438
29,27,1,3,8.63981369851576,700,Cotton,169,60,11.164032609761822,4,242.6416270683965
37,17,4,2,11.388069549622045,515,Sugarcane,142,27,12.821014469548265,5,53.85515843820761
59,4,3,6,10.320290511810192,418,Cotton,168,43,16.23597719783911,0,31.724096294234748
11,22,3,5,10.85478131682379,415,Maize,60,32,16.31781383358573,6,83.15684960859471
56,21,2,4,11.129828908888076,765,Rice,181,94,11.759904701178874,5,138.55259884908222
16,25,4,3,10.410213380439842,761,Cotton,123,79,16.22195995226765,6,71.29580252984086
20,11,2,4,6.6630500884568615,429,Sugarcane,103,33,14.823984298751874,5,36.22366795767241
20,39,2,6,5.720103770676,231,Cotton,129,65,12.09429523422356,0,117.39066745052381
47,18,2,3,8.574138704168377,243,Cotton,105,24,17.697054909005317,4,87.28539031401597
57,0,2,5,9.516546531626549,346,Maize,166,32,8.308943210965062,3,19.19318335056839
40,2,1,2,7.0925437517053265,162,Sugarcane,143,43,11.826628887745605,6,29.72315602904809
17,26,2,6,10.786709199716082,781,Sugarcane,148,35,11.069526453054243,3,144.79395257672599
11,17,3,3,11.684532742543867,913,Rice,93,48,17.35760448069267,1,68.35357655235153
40,29,2,2,8.555165809098817,602,Maize,54,38,8.994532361042685,6,134.72361007067576
51,1,1,3,7.652736497729746,335,Maize,129,79,14.280244499820771,5,29.13636768285336
55,4,5,6,10.743096935540144,496,Wheat,117,81,15.16628025352803,0,23.20484481244903
13,28,5,3,4.194156375915093,900,Rice,186,67,9.841758240282127,3,22.33848648777999
36,32,5,5,5.0321009266739845,222,Rice,53,51,9.499475141134006,0,36.26244577287831
15,19,4,3,10.765261272050143,369,Sugarcane,134,65,8.478313332031481,3,54.310917877273006
12,29,3,6,9.85622868518394,107,Sugarcane,166,90,9.588752004777877,4,99.22654868724513
37,4,1,3,7.329093585634608,829,Rice,144,88,16.08215036262046,5,49.06177351108193
27,20,5,2,11.110814861795241,441,Maize,65,75,17.439561664541724,4,48.10898715009678
29,14,1,2,6.811666301163097,785,Wheat,160,52,17.014222411006603,3,102.06486980378067
12,19,1,4,9.07076286293534,737,Sugarcane,119,42,11.653047957675074,4,177.43856563766488
49,7,4,4,9.074675762607328,996,Wheat,64,97,15.258755095180979,5,34.670910441203866
26,30,5,5,5.47465514091389,414,Rice,156,80,16.270436708341833,0,40.71640585897963
8,11,2,2,6.278813889312464,927,Maize,143,23,16.124854885326315,5,32.262741853556314
44,20,1,4,11.328055381568685,660,Wheat,129,84,8.626849459651293,4,243.97292177759755
7,29,5,3,5.467318830347336,435,Cotton,93,21,10.148303734974627,1,28.124294349228805
33,26,1,5,5.388596974780996,847,Rice,175,77,17.389449307002756,3,156.68443590410521
45,25,4,6,7.836923789870992,960,Maize,179,92,15.39906166137688,6,62.063408904161
33,32,4,4,4.737578945902728,928,Rice,161,47,16.343524047891457,1,41.190865823230126
38,25,2,4,11.157009511874987,355,Rice,89,52,13.141232464035769,5,153.49122003153929
38,25,4,2,4.801193106499769,215,Wheat,112,42,11.93056048470628,4,32.614340829980215
32,35,5,5,8.932459814726355,890,Wheat,112,50,14.512236529807645,3,60.35743077409152
17,39,4,2,6.718254851562545,488,Cotton,66,67,12.728567237956195,3,73.00808994463753
19,0,2,2,10.434183083768271,184,Sugarcane,87,65,11.73762112636788,0,7.172778220408462
27,14,3,5,8.718485966140308,731,Cotton,177,64,11.478755632870513,0,48.89896894918542
48,0,1,3,7.106449128635505,995,Maize,74,51,9.579069942831362,4,18.150414718945953
30,10,1,4,11.870983876358487,149,Maize,126,70,13.294131893077845,6,134.91067165649199
8,1,5,2,4.529847907724245,263,Rice,191,66,13.198465707246292,0,1.0
30,0,2,4,8.622290425845414,247,Wheat,173,80,13.907695497429703,6,13.33214479304986
44,30,2,5,11.91654649235236,654,Rice,74,69,9.1622365525292,0,195.19962955451297
13,15,2,3,9.527621145704137,235,Sugarcane,84,54,17.149229974755627,1,76.27167161530855
59,21,1,6,9.918157053137545,857,Rice,128,34,15.420561231570579,1,223.21917956020295
9,17,4,3,4.256729156635887,317,Maize,194,98,9.309641001126504,1,23.27520296000787
36,16,1,5,4.170905304775699,605,Maize,138,56,8.793439437878583,4,82.59911565840785
24,29,1,3,4.288880895857543,892,Cotton,72,75,14.429206725126832,6,137.23340902207195
54,9,1,6,11.933791217409857,471,Rice,171,78,11.415027195106173,5,127.85881896813774
15,34,4,2,11.836158085926812,333,Wheat,66,44,11.190485536474554,5,102.70220478556583
19,20,3,3,6.676071406114095,874,Sugarcane,78,39,16.399910611302857,6,49.86137326010906
36,15,5,5,6.327854530126631,214,Sugarcane,51,67,11.451431994846882,6,28.74574904606879
32,5,3,3,5.167669964142754,953,Wheat,60,39,14.321820220268535,6,20.4679602606189
26,2,3,6,6.633122393318067,288,Sugarcane,65,34,13.37074511521499,5,10.795522372464735
45,20,1,5,6.961199444378162,516,Wheat,130,81,10.62967382590111,3,160.12547223955346
21,12,3,3,9.986262534072269,296,Wheat,70,33,11.316400712331845,2,41.438268761605066
30,17,1,5,10.930348423357877,649,Cotton,70,40,17.431928899047087,4,192.7244207579023
48,23,1,6,9.973880957931105,623,Rice,55,69,11.313728731999316,3,251.3772348903085
11,26,5,2,9.17180080876458,735,Maize,95,88,15.84003430978941,0,53.103746050311884
46,3,2,6,10.127200624710383,655,Maize,72,34,16.61275490100843,4,31.914430154929736
30,21,1,2,9.907979833214442,920,Rice,107,82,8.7103799577664,3,221.51989106750324
29,23,3,4,7.805997549843158,113,Sugarcane,88,62,14.631055002136872,4,67.45145554279999
14,39,5,6,6.6868112196908625,959,Wheat,80,46,15.492605606945236,0,47.28268845956765
49,9,3,2,6.262245735020796,663,Maize,51,80,12.340216841869442,0,30.46797952329815
23,1,2,4,9.434843676102254,344,Cotton,135,73,13.693250763625429,4,14.170244305087321
15,39,4,4,11.674432995561801,791,Sugarcane,93,78,9.618058554354024,5,121.91479557881158
17,5,2,4,8.64843775148504,401,Cotton,176,58,11.184972607406968,4,27.71947896566803
57,17,5,5,11.30021201977813,563,Maize,112,54,15.076669639384413,2,56.00527719281327
12,16,2,6,4.11383496778358,741,Rice,171,28,14.025712332676777,1,35.894443882628444
44,37,2,6,10.355765173888045,532,Rice,124,79,9.36385743625775,3,207.02728177078902
8,22,5,6,10.828821263680638,711,Cotton,102,81,17.880486980948973,5,48.281049785979526
51,29,5,6,9.047950703549567,561,Sugarcane,125,87,17.37789123399344,0,69.37539020439975
35,20,3,5,11.472487994893836,977,Maize,180,35,10.241172842546595,0,87.45029706323427
32,9,1,6,8.719303943050397,383,Wheat,143,35,16.751205632891896,3,91.72376101658146
15,12,4,2,5.9242952202139945,722,Rice,68,51,10.671693027370132,5,14.452552285125247
47,11,4,4,5.725737835585554,899,Cotton,94,57,13.637391303752118,4,26.904369775042372
5,8,4,5,8.446690133541722,703,Maize,104,58,15.82051003410355,2,16.836171544100576
53,3,2,5,11.251871443969687,687,Sugarcane,78,81,11.440802010193329,5,37.58197148931044
51,38,5,6,4.578943566040616,816,Wheat,97,82,13.551473934582212,3,48.99965307120211
56,23,5,4,8.835124097687288,633,Wheat,121,35,12.503536081375824,4,51.71364555608272
42,33,5,2,10.158427783856197,781,Rice,112,73,15.601986165614386,0,76.22260444678282
28,38,1,4,4.923216556988553,467,Wheat,198,34,12.7867570537896,4,193.77195881234695
58,4,5,3,4.934157525696103,256,Maize,106,37,13.669111978485807,1,13.801286953543208
51,14,5,4,6.9290239733567045,833,Rice,62,23,16.455576979362867,2,25.886570425157856
35,3,2,2,6.191049388397735,562,Rice,137,56,14.986455376360908,6,21.086367304259408
45,38,3,2,5.586513271149518,971,Rice,154,59,13.275032753953012,1,88.6915427416816
50,7,4,2,5.589553388890762,679,Maize,58,82,12.612915959244017,1,24.421185685936596
54,23,2,5,5.045352259398687,260,Cotton,123,87,9.267656520017683,4,76.47857840146352
30,27,2,5,8.88683210465562,273,Wheat,124,36,8.563664830354307,6,133.15724594140121
53,26,2,3,9.505004828672696,598,Wheat,146,67,17.527754265636084,4,137.17612590975307
54,0,4,4,9.623489815032357,649,Cotton,184,38,9.86526562546538,5,8.191660687098308
9,33,2,6,8.258831809108848,435,Rice,188,58,10.768717074772178,6,142.6693640612052
24,16,3,3,11.623250157324534,125,Sugarcane,158,84,14.109485367467514,5,65.4273263693582
56,36,5,6,11.044262220720526,865,Maize,77,72,16.279257182173453,6,91.15276789944868
45,37,3,6,11.66104914133024,603,Rice,151,37,16.33141967511922,3,153.90847461595914
15,25,5,3,7.110363825017424,398,Rice,143,58,16.296474176043127,5,33.903492317485274
58,23,5,4,11.022265279640198,536,Rice,168,79,17.78088007597583,0,63.440511416130896
37,38,2,6,10.10299759525507,894,Wheat,121,96,8.557030467463239,2,208.9910733773656
54,20,2,5,6.7197832242721045,858,Wheat,76,54,11.998481982359984,6,84.96848555863382
42,29,4,5,4.852746068033754,110,Sugarcane,199,92,17.135877459024492,6,47.11745576862705
31,12,1,3,9.460969999174463,337,Maize,191,53,12.673378176002904,1,122.1914369063334
38,36,3,6,5.091618592975043,718,Rice,120,34,16.7129662342327,4,69.06610413972719
19,2,4,3,6.350206456008896,509,Wheat,79,92,8.176564506703961,0,8.61344878343749
36,31,4,5,8.002916611550297,433,Cotton,115,38,13.043678186690517,3,69.37715048310447
25,34,3,3,9.439060281187786,412,Wheat,148,94,17.224522159175855,6,116.37639842500009
50,18,3,6,11.40982125757844,100,Rice,138,82,10.612828857752453,4,84.79534627513816
9,13,5,6,8.745920358791974,622,Rice,178,45,17.29658309841567,3,22.35850701405228
10,21,1,5,9.371304797376759,769,Wheat,104,68,8.084772872091506,5,208.74602083037786
42,16,2,2,6.480110801207824,187,Cotton,151,23,8.789275378551835,6,63.47494033071273
26,3,1,2,9.498340931428311,341,Cotton,114,85,12.768246225160826,5,38.80864721861244
22,39,1,4,7.502320965840596,231,Rice,74,36,9.063796084463636,5,297.0070435614332
18,18,2,5,10.85544946307019,697,Wheat,147,20,10.255973155491882,4,104.3755360071639
14,36,1,4,7.139604111211795,721,Maize,91,96,10.975250213785223,6,269.4941790694325
50,1,4,5,7.746176173252455,427,Maize,93,93,12.814960093632,5,17.477366273687423
17,14,4,6,7.460702055282063,210,Rice,118,28,11.905136353226673,6,28.925621362416894
35,1,2,5,10.48898267445908,819,Cotton,154,29,17.221476386495958,2,21.288748076648435
34,10,2,3,11.629593576095242,388,Maize,189,68,16.86014661486803,1,69.62116663629546
7,22,3,4,6.618210407866192,516,Wheat,57,67,15.48070891113412,3,53.52059244722021
34,9,3,5,7.800223206096614,173,Sugarcane,155,67,14.593083110390076,3,36.59362965764541
10,2,1,4,9.647410133545886,933,Sugarcane,112,34,10.043410602300035,3,19.615533087594333
33,4,1,5,11.163052976277848,860,Cotton,197,64,14.018262583796167,4,59.00273969879474
12,2,2,2,7.9496055747681655,207,Sugarcane,122,21,9.470627675416507,3,10.293643416539808
48,37,1,4,4.871148065813818,615,Wheat,173,77,12.527191176908609,4,202.3669021513633
49,12,5,6,6.9493710680105725,826,Rice,54,57,12.615237517731824,6,27.22052543556071
47,18,4,6,8.402895083520903,790,Rice,178,22,14.897099565721312,4,44.66426337632069
48,39,1,5,7.340196847728261,766,Wheat,60,78,16.351267251406895,6,304.2476019453049
37,34,1,6,5.492445814304561,900,Rice,181,82,11.205022693971232,6,202.3349969129245
21,23,3,6,4.29591596274574,836,Wheat,66,62,8.411812761587518,5,38.369717940431414
52,23,5,4,9.499269328639159,204,Wheat,117,23,8.469703716509072,2,51.79338849838939
15,16,1,5,11.94189752621714,481,Sugarcane,54,62,16.74824288287241,5,204.09460774422845
17,39,4,4,11.353653071172936,695,Sugarcane,199,80,12.863258602819755,4,120.98315839039361
54,9,1,5,9.466167286886508,176,Cotton,131,68,10.480125830891005,5,110.55931247663254
15,1,2,6,10.732238468131435,302,Sugarcane,116,83,8.322867273993019,0,11.492123162528374
35,22,5,5,6.045820947737545,950,Rice,60,39,13.28764338045669,3,37.60901399371763
32,5,1,5,8.979475488627571,600,Sugarcane,91,64,9.370947798535108,1,60.326270544013965
48,1,5,3,4.4848337231917235,340,Wheat,84,36,12.170280672000663,3,5.3730310964693935
10,20,1,5,9.65747141849966,899,Sugarcane,128,85,13.160777150160705,0,201.79496432806366
45,34,4,3,11.75897871219415,806,Rice,108,41,10.292003257965572,6,111.99388066775315
20,28,4,4,10.886378457742872,471,Cotton,166,69,9.988368061721012,5,81.31029590403533
8,6,5,3,8.275526998173099,304,Maize,97,89,8.198080706928593,4,8.840734900711755
39,28,3,4,10.309921754502213,511,Wheat,52,44,13.855207851045394,5,106.23313019526199
52,36,3,5,11.551190479585317,313,Rice,73,21,10.004412110564296,2,150.72199143176783
30,22,2,4,5.728140623513723,540,Rice,168,62,16.78228445827849,4,74.21175690159626
16,32,3,6,10.346068103819025,630,Maize,150,36,14.037765497758473,2,111.54736081640581
15,7,5,5,6.158775663750827,770,Cotton,82,92,13.564143297470508,1,10.414398613620108
41,11,3,3,11.015579375517332,311,Wheat,119,39,13.04684664608136,3,50.07857635620449
29,9,2,2,4.786836045521164,152,Cotton,102,56,10.153100783909032,6,32.72918102715192
22,14,1,5,5.425747350958732,610,Maize,106,71,17.69410444276991,4,90.46435935627782
23,23,3,6,9.764931707774414,187,Wheat,89,98,17.670446294744156,2,90.83396744589268
27,25,5,4,5.398220030905992,771,Sugarcane,52,45,11.212724245798308,2,31.71463986504337
59,38,5,3,5.264434415224355,108,Cotton,98,44,15.762162240229745,0,53.1211460347848
42,2,2,3,8.443735019190976,790,Sugarcane,63,83,9.192460657108944,0,25.52011200749628
58,1,2,6,10.679897901672566,182,Wheat,174,50,15.805288456318465,3,23.71493992964164
22,5,4,6,6.147739402197033,762,Maize,197,49,10.863319329712851,2,10.157565673474787
30,20,4,5,10.72910546164388,124,Sugarcane,74,29,10.891344759672574,1,58.753445031496454
10,8,4,2,10.463627172367797,324,Sugarcane,53,57,13.07233309447599,2,15.849549211034411
8,9,1,2,8.632843207674684,596,Rice,112,47,11.923289616687466,2,85.23367926963765
48,35,5,4,9.172502029498162,529,Wheat,104,43,9.178311429737905,4,71.8654567047621
55,2,4,3,4.323529492895266,527,Maize,51,48,13.930771429299543,4,12.770253149520524
33,23,5,5,6.937084466429706,293,Rice,72,36,10.138436093822712,0,34.23897673338061
38,21,2,3,6.10715944894682,217,Cotton,157,89,12.444797813048567,4,78.20346725978175
21,13,1,5,5.200030885819779,934,Maize,168,83,10.310106898308478,2,87.59211502256339
47,26,2,6,7.117274633255852,994,Rice,64,50,16.575852416265555,4,106.40618343458782
47,32,5,4,6.839233570779463,859,Cotton,100,76,11.380216772720683,0,56.06420563645387
57,21,4,6,9.831133425037816,177,Maize,69,39,16.874908251659644,3,62.14122423078588
20,28,2,3,8.784770723814027,251,Rice,105,65,11.260972435593047,5,134.30151026000232
6,18,3,4,11.304800550416154,155,Maize,87,21,9.794970720533106,1,62.09072763581011
38,18,1,5,5.163260664446711,917,Sugarcane,74,69,13.766346426824969,5,112.22290318729819
59,5,5,5,4.477988842588208,456,Rice,135,79,13.551377762557467,5,21.0920037735857
12,18,4,4,8.276862299929029,358,Sugarcane,117,60,14.18913557112957,2,39.858988906313094
17,12,2,6,4.008217108886281,634,Rice,129,95,11.021395985763492,1,36.352589479194826
46,25,1,4,10.301751545079725,773,Sugarcane,113,89,11.199689158633715,5,277.4382552324188
12,21,4,6,8.047783109480076,876,Wheat,120,36,10.374300835275864,5,43.50304297225471
34,20,2,4,7.904524608463149,693,Sugarcane,137,97,17.284009702249964,6,94.01709573329674
36,35,5,6,6.899967829793395,670,Wheat,106,29,14.829557315638784,3,50.153277388254146
40,1,3,2,6.9997906891901005,677,Maize,168,86,15.562557487942133,6,14.26161572089476
51,29,3,4,7.449069426005247,505,Cotton,78,61,9.941631401075604,2,90.54566900891155
34,26,5,6,4.1282587554082415,214,Cotton,191,98,14.615782908664944,1,34.94623822620344
5,6,1,3,4.668366297729637,902,Cotton,113,35,15.626643172623186,3,37.37379988675481
47,19,5,3,8.040384160089896,573,Wheat,96,57,11.424561070762362,2,39.56978078597412
43,30,2,4,5.200978121758433,853,Cotton,69,33,9.576926070124745,6,88.87771263131722
21,22,1,4,10.230100866775985,433,Cotton,56,55,14.970042495111962,3,233.18219922322407
24,12,3,5,6.195881392036206,720,Sugarcane,143,32,14.1114359203347,5,24.57021553743178
28,16,2,6,4.783197098794592,915,Cotton,177,78,13.75618248142197,2,51.492968750157885
54,3,4,4,5.881679407227598,408,Wheat,163,46,9.825666459055617,6,17.799975832395297
26,13,4,3,6.856785841246305,430,Sugarcane,102,27,10.624920904379472,2,23.596546794340238
33,19,4,3,4.282532868759069,643,Wheat,115,72,14.24884529189627,5,33.20890621378241
26,12,3,3,5.133404195090632,824,Rice,192,94,14.135862240850152,3,29.080227682812584
48,2,5,6,6.590774035820157,603,Cotton,176,24,13.547228334817778,6,6.330343234162698
13,25,1,2,6.4838437904781125,187,Wheat,119,24,15.681393659872466,0,168.85590999135212
41,25,3,4,10.403093572478713,673,Wheat,141,67,16.14657197902782,6,102.65775616695981
14,17,2,2,10.746043802501225,102,Sugarcane,169,43,10.765141353766058,1,94.24433254366618
40,31,2,6,5.5473487931484,873,Rice,72,92,9.576075642911762,0,93.76530085207935
41,13,4,4,4.991519071302779,482,Rice,189,94,10.011677841017116,4,29.196564933984106
32,2,1,5,9.073299874571347,723,Cotton,161,97,10.813087959317253,1,33.365766606317976
32,0,4,4,10.43698844556345,623,Maize,187,61,17.477485726091686,2,14.136242659913572
46,25,2,4,11.709784777793052,664,Maize,194,28,9.371621150715125,5,163.08020545487534
47,23,2,4,4.054370277972114,247,Sugarcane,168,83,16.787614911253463,1,64.11731881393742
25,34,5,4,7.309424907414436,605,Cotton,179,88,10.03377459204164,1,56.259736525303836
28,13,5,4,9.871902672755084,745,Sugarcane,130,30,11.484457130493547,4,29.305712933481338
46,2,5,6,10.628474390994835,183,Cotton,120,28,9.258726633963112,6,11.300037489779545
44,12,4,4,4.498287589464782,497,Rice,190,96,9.033603509757606,5,28.08469614483912
6,13,1,6,9.444916155713019,283,Maize,123,80,8.951430431228724,6,133.5808204039263
59,20,5,4,6.31150973919176,268,Wheat,71,91,11.427589066657942,0,45.96758414576881
12,25,3,4,4.596775674665003,660,Maize,175,74,13.236920889942278,2,47.702511862405075
52,2,5,6,7.912820654037338,207,Cotton,155,87,10.0080754001236,1,19.415908142479303
31,39,4,4,5.265226745633168,292,Maize,173,44,17.326742314462976,0,59.083587177688074
26,3,1,3,9.896060144493479,951,Wheat,127,90,13.864187801675689,4,46.42630652703549
41,35,5,4,9.930094397595628,313,Rice,196,75,16.85064754950408,0,79.11225405814972
31,0,1,5,10.736542119900076,459,Rice,167,46,9.488187836475506,4,12.963109508116617
33,39,3,6,7.020549481182018,194,Cotton,50,42,9.434944880728175,5,97.61955292622824
7,32,2,4,4.106478377845149,642,Maize,137,59,16.467527020828,1,65.45644834565704
48,6,1,4,6.077887506995838,255,Cotton,191,77,13.679813545686939,2,57.27783666349571
17,10,5,6,7.742493596202215,623,Maize,136,55,17.385867952710882,0,20.742584506971525
49,26,4,2,9.552090235328404,371,Sugarcane,118,93,9.46896852347753,6,76.94859019855534
14,13,4,3,7.056324685493931,836,Cotton,133,51,8.26017979620863,4,25.808699490904825
40,21,4,3,8.288387168537104,262,Maize,199,42,17.165605490855185,2,49.0582022174515
13,15,4,4,8.194108699645735,655,Sugarcane,159,59,14.988371052478861,6,35.03943077957915
58,11,1,6,5.319858794866533,935,Cotton,177,67,16.071680483499723,1,79.76652691969672
59,9,4,5,8.984396000640102,837,Rice,153,43,10.960140135991502,0,38.34025899201894
31,23,2,4,7.5140138256431825,864,Sugarcane,171,58,8.030664194831129,3,95.48586234809162
38,17,3,3,10.463349613219943,844,Cotton,148,59,12.828798495490627,6,75.65869235681117
55,21,1,4,9.5248896650312,870,Wheat,85,48,17.900094157846905,2,222.46858526776936
5,8,1,6,4.891753489580437,898,Rice,137,64,17.07537417067853,0,43.14913617847627
36,16,4,5,7.910067280292548,279,Sugarcane,86,53,8.720227850440928,6,37.81046543885107
29,37,4,2,9.6199548679535,322,Maize,100,34,9.877836599735286,4,91.43871163931955
33,39,1,5,4.696093806458741,215,Wheat,86,89,11.112278971188118,3,203.8379454658441
11,12,4,4,10.339976260453053,104,Maize,135,90,16.30400455276384,2,30.968485526574412
53,36,4,3,5.776036117155195,872,Wheat,54,21,16.24714431746007,5,63.15792516453596
7,5,4,6,8.024678363789517,165,Cotton,185,20,9.850045028338547,5,1.2702582589134508
24,20,4,4,11.524490299781089,626,Cotton,102,73,13.330800771447404,3,59.783108087831316
24,35,4,2,8.570673878578273,548,Maize,154,21,13.017948658774806,2,71.4554722239558
57,6,5,6,7.392435613631579,248,Maize,160,55,12.142804957979465,5,19.600386039542897
34,35,5,6,4.054359419193141,200,Maize,76,87,13.35920455901972,6,34.158856588857304
39,24,5,6,5.067308982192625,366,Sugarcane,110,47,10.927888640257923,1,27.949320918040538
39,10,1,4,8.6293110807839,829,Rice,114,39,13.315491726585096,5,97.4480845030018
53,13,3,2,7.950600325229906,653,Maize,133,56,14.856081830756235,4,49.56996041684789
43,28,1,4,6.910633405174651,165,Cotton,94,78,8.625032773343403,4,209.80104335033585
31,9,5,6,11.38572708315294,449,Cotton,180,63,17.673058998757007,1,23.500093669405604
30,4,1,6,6.659860299407526,928,Maize,99,31,9.653035989667922,2,43.68575617064569
18,7,3,3,8.297206051552852,927,Maize,97,51,11.602986632197107,2,22.380051567829845
21,4,4,5,8.54970727619304,219,Cotton,191,57,12.706273625122561,4,6.437960642228753
22,23,2,4,8.219747120511382,344,Sugarcane,68,50,8.409844405286231,0,104.85341437449068
49,39,5,2,7.820683132320794,488,Wheat,183,37,13.483618355825707,5,68.1901478684239
56,25,5,6,6.696509888095265,386,Cotton,184,48,16.699737669656148,6,42.480911203816895
33,5,3,4,11.270109064316955,147,Wheat,150,70,17.01018162947443,2,26.796605169538076
24,15,4,5,7.606426094073158,899,Maize,139,48,11.261916275892723,1,34.20549667313671
57,35,4,4,8.227590938768605,924,Rice,62,82,13.587966086759943,4,90.170521455213
31,11,2,5,9.251823870641939,866,Maize,150,39,15.767974316097153,6,58.34879840535024
22,10,4,4,4.541248339452277,517,Maize,95,50,10.528457118861805,1,15.706178204156187
8,2,3,3,10.25030513170596,450,Maize,82,50,13.284725081084273,1,8.887577535787882
5,36,4,4,8.100058480688284,254,Cotton,165,77,11.66721599664848,2,75.06943676440707
54,5,3,3,9.257415486759735,437,Cotton,146,26,11.781749596809922,5,25.381431701702233
5,18,5,5,10.176096523309532,360,Rice,90,31,8.941375326797742,1,33.567196306235594
30,17,5,6,10.992795126113716,628,Wheat,122,80,12.068896351035324,4,41.72566905705157
49,15,5,6,7.137763335623448,302,Wheat,78,62,9.608792568031118,0,32.46701816051848
24,22,1,4,10.491439141458041,984,Wheat,166,68,11.012700724578874,4,241.71873121648838
56,36,5,2,6.070695164527214,539,Maize,56,59,11.302811028999454,3,56.56468424491709
27,8,3,4,9.28268520765893,265,Rice,144,89,12.305999454894447,4,39.52532968099487
14,2,2,3,4.821658405437115,478,Maize,60,51,17.169137389595406,3,10.50585581495932
15,7,4,3,4.160243739392602,537,Rice,91,82,14.30997085651122,2,14.861414601302855
45,37,5,5,4.766105008901118,147,Sugarcane,54,34,17.744620384881,3,42.77393592624031
45,3,1,4,6.5550598924998065,328,Cotton,51,31,13.906515162588025,0,39.918905793828245
9,11,1,5,4.248756910597314,824,Maize,92,45,16.054900431004626,6,53.410811881439365
5,30,3,2,9.043930177498101,827,Sugarcane,53,49,16.34151466292292,6,86.58505368625477
21,24,2,6,6.5323563070581185,916,Wheat,130,49,15.390038045601276,2,82.78845241918538
26,15,5,6,9.891008541714385,780,Sugarcane,168,96,14.699149724717017,6,34.91617774402849
38,13,5,4,4.367321090156845,121,Cotton,144,81,12.179149918364674,6,19.963534094794284
49,12,1,5,5.733612532379985,374,Cotton,108,62,13.6727614520502,0,85.73732740772857
45,6,3,5,7.264027402637589,212,Cotton,79,41,9.937166736328988,6,21.8534808487956
33,11,1,2,7.06121249835237,968,Sugarcane,179,36,14.182466463834414,3,88.99439012183977
8,36,1,5,5.047989382690724,997,Wheat,137,42,13.142965220983344,2,179.89925045978768
9,3,2,3,11.953094508653257,814,Maize,123,44,16.043252556429557,3,26.22652040768122
15,1,3,3,6.275516646670687,644,Wheat,177,89,17.025436244522133,1,9.232817746930335
55,34,2,3,9.768256677211705,188,Rice,145,56,9.32794551792915,0,189.03530537680683
25,2,3,4,5.7602135776937455,745,Rice,67,76,14.90907801615396,1,10.07230701194751
39,3,5,3,11.02280968580867,110,Maize,108,89,17.500463080638774,0,16.88265732138391
16,37,4,3,7.102066481197539,126,Cotton,79,41,17.1788083741715,0,69.51780320563645
30,11,4,6,11.207219911912837,555,Maize,100,94,16.34426250303644,2,46.94691362164177
55,18,3,4,6.7346793570717685,130,Sugarcane,137,23,8.483410004335758,5,54.93508585326737
23,9,4,3,4.069150571975308,702,Cotton,116,77,10.524841166398723,1,11.985409293644768
49,0,1,2,8.136163448627691,546,Maize,192,63,9.48288464720609,3,18.934033337245882
11,16,5,3,8.198303489208772,527,Maize,158,93,17.269344608369078,2,25.398150476418216
51,15,5,4,4.9586734623090845,780,Sugarcane,125,36,15.488898155456967,5,26.63822527752254
59,8,4,5,5.879708587354339,658,Sugarcane,114,37,13.317846363302735,0,26.65701110468538
11,8,3,6,10.267964727850796,690,Wheat,51,72,17.794002354210168,3,34.98965156296275
30,8,1,6,4.294046597029274,613,Rice,60,38,9.947187653410372,0,46.8185338264472
44,11,3,4,7.916213493493445,498,Maize,125,80,14.415719177989068,0,45.25479255325181
9,14,4,3,8.243264987308503,631,Wheat,141,76,14.093810282736378,3,27.254369285649595
25,1,5,2,9.509696485408991,486,Cotton,146,98,11.404542449198605,4,8.272078225329341
18,10,5,3,4.2996501392010815,717,Cotton,52,63,12.853802920843679,3,12.428785545560672
8,10,3,3,8.685170616723711,906,Rice,90,38,10.353861686599721,6,26.658422481452693
27,7,2,2,4.0247842926254656,429,Cotton,98,44,14.771147557479798,2,19.110510786832876
46,31,3,6,6.121426938313525,701,Rice,132,56,12.182407103403047,3,79.14121391104996
24,5,2,3,7.99747404253185,237,Cotton,131,37,8.235500969790515,2,27.011593841992504
19,19,3,5,11.290250699404936,779,Cotton,86,77,17.50785223073943,1,82.22349402304765
54,38,2,5,5.012718528044283,752,Maize,141,31,13.014191572724409,3,109.73603603034032
56,34,2,4,5.354313032026201,824,Sugarcane,56,51,15.056338797012781,5,109.49634016192624
49,7,2,4,9.35400051507062,581,Maize,160,45,9.96929990178032,1,47.29810178115194
33,33,2,2,6.998893550579191,399,Wheat,87,45,9.272297179160361,3,126.65575740860575
12,18,1,2,8.987371215382975,131,Sugarcane,182,66,17.024219296465645,5,175.89997176248792
45,6,2,4,11.979633337074137,556,Maize,110,61,13.909325233188955,2,55.22546833357743
52,30,2,3,11.894973290790833,641,Sugarcane,132,70,12.933508718829977,5,200.26257504174498
23,17,5,6,6.829708635955371,484,Sugarcane,77,60,13.211500356541103,5,23.130369074605362
52,39,1,5,8.031402830598662,920,Sugarcane,179,97,10.362025972050855,1,335.52097552445935
43,13,2,2,11.237521269035145,431,Cotton,119,84,17.126863685127255,4,90.62689181866408
50,38,4,4,4.7373412992684605,143,Sugarcane,86,80,10.142401846037146,3,58.74908837976532
32,35,1,5,7.618431230694776,646,Cotton,169,94,9.580062778339983,2,285.97164477682384
50,16,5,2,7.020618786531672,523,Sugarcane,145,54,17.300458878555407,2,34.86404022309151
31,36,3,2,6.359062181287978,144,Cotton,150,41,10.575738563030692,6,79.55370019999913
8,8,5,3,11.953633695378786,479,Sugarcane,131,88,16.62484718889769,0,19.85012071278366
19,19,5,2,9.868394351779024,596,Wheat,178,59,15.725128074962367,2,34.85213532662604
39,27,1,6,7.109975939143376,983,Maize,52,73,11.819436175584649,6,206.15118674989432
41,19,1,2,10.632175133323354,991,Sugarcane,120,56,10.540020062890989,2,219.76831286269476
5,35,4,6,7.917328805696455,237,Wheat,146,63,15.589885745560299,3,72.01039227609593
7,26,4,3,10.982595298942869,658,Maize,134,48,13.97598690950054,1,63.9438231447708
51,7,1,6,6.131038765044627,507,Rice,191,31,10.540403497730232,5,59.72843343310617
28,31,1,5,5.788801819096523,284,Sugarcane,86,40,16.9087946608713,6,193.05273868811813
31,0,1,2,5.978293449979581,588,Rice,180,59,15.209824177529828,3,8.069592161212125
44,16,3,4,8.30784460900042,117,Maize,150,49,17.092781306896974,3,56.22263638253109
40,8,5,4,6.330507129241077,796,Maize,146,83,12.374703869643328,4,14.385366330046637
38,19,4,6,5.176957473171073,171,Sugarcane,62,60,9.281995142127414,5,33.977281209406755
33,31,4,3,11.957023348045857,734,Wheat,176,98,17.240753615900182,4,108.35411492603986
28,1,2,6,11.203465819531282,270,Sugarcane,99,66,14.014260305637565,3,17.43426827289482
28,31,3,6,9.080099499944637,176,Wheat,196,23,14.060595004707697,4,97.14915332769738
46,8,1,6,11.132342991391567,499,Sugarcane,106,47,13.842654412897158,0,108.74571941437617
8,29,1,5,11.48370190006255,620,Wheat,186,67,12.723930225297085,2,337.4658059839802
7,19,3,5,9.408866334926685,300,Cotton,95,76,10.550430798103257,5,67.93919869965266
38,37,4,6,8.149438229530466,854,Wheat,143,35,14.130218780209203,6,82.78613486718612
53,0,1,3,11.056014337717418,680,Wheat,135,31,15.186027443067806,6,15.74690184595138
27,4,2,2,8.542375975303276,338,Maize,181,74,17.165431850231407,3,29.676556000318335
57,34,4,4,5.014404342830992,416,Rice,174,55,8.721477080648489,1,58.52330252556788
56,35,5,5,6.934848003660046,622,Sugarcane,131,34,10.5470953255249,4,62.505082970347615
27,0,3,2,7.567367613883016,419,Maize,119,38,15.766857867555,6,7.56078418830727
49,13,4,5,11.482952129084765,649,Rice,142,37,15.751506934839329,0,50.39817771351125
9,8,5,5,9.273483778446579,621,Maize,182,94,10.120345061257531,4,16.65129657959305
35,29,2,5,11.002220502367127,627,Maize,195,47,9.847176788763946,0,169.33676554043063
57,23,3,6,10.06073360671949,576,Sugarcane,76,75,11.671402092594503,5,95.61371103634457
45,3,1,6,6.478887092181464,424,Cotton,59,42,8.629153650848233,0,37.71637962197694
58,13,1,5,9.749671944513466,565,Maize,179,98,15.30360785536394,5,153.52503121334942
10,24,5,5,5.562397887390997,854,Sugarcane,167,30,14.698087251048863,5,20.567589378684172
41,3,4,4,7.265166493739741,858,Wheat,199,62,16.587254943332,6,12.725390535950277
14,24,2,2,10.448734857247457,141,Rice,187,64,12.300491471055969,0,133.9719506630223
44,9,5,2,8.895433295321826,333,Sugarcane,108,58,14.367360090397318,3,30.260090869673594
11,34,2,3,10.60330004762092,655,Cotton,170,98,17.53949488779046,2,189.18569536168187
43,6,2,3,6.03762865880041,536,Sugarcane,140,43,17.588023146253413,3,34.289373512482726
42,12,2,3,9.99799065941836,775,Sugarcane,189,64,8.710776141537544,2,71.41112423207126
25,3,3,6,5.618594891534692,761,Wheat,112,55,8.018843449508307,1,15.319703700216204
24,35,5,6,8.362433379184058,379,Rice,64,23,17.599843950300176,6,57.464461721232745
7,13,3,4,7.468276755635451,303,Rice,154,84,13.353166019467846,4,38.75098803995083
55,17,4,6,8.451806862166457,842,Cotton,55,75,15.0040054092861,3,58.64855891760921
26,7,4,3,5.08426739222618,902,Rice,183,30,17.125971580386512,4,13.980885356071118
51,31,1,5,6.889823004104094,405,Wheat,87,44,12.331545991033764,5,228.77549937615726
8,26,1,3,9.33523064692939,950,Cotton,97,69,12.406532819481065,4,246.65167394490993
32,36,1,4,8.468246352648219,945,Wheat,64,71,9.669815709225363,5,314.2573198483549
16,22,4,5,8.391758071294557,609,Wheat,121,25,17.058282805851157,5,45.510774966415404
42,6,2,6,8.086640897050035,395,Sugarcane,78,65,14.476733060319608,1,36.83900430792818
55,11,2,5,11.551079280311027,121,Sugarcane,51,89,9.80269247291551,4,79.67170627090913
40,24,5,4,11.476557583517874,786,Sugarcane,124,34,13.597920145678858,2,64.09894628834203
51,2,4,6,6.881159782386354,341,Maize,193,80,11.281639383894513,3,19.2380388275165
45,25,1,2,6.815160092673638,942,Wheat,137,52,9.471819698065262,1,188.11238081297216
9,3,4,3,8.43918765258449,677,Rice,73,31,9.818694473947989,5,1.1784267538838948
17,35,2,3,4.764850273113662,493,Cotton,151,50,13.592571578102024,6,92.13689054343286
27,14,2,4,6.424053606140127,526,Maize,74,53,13.643852259327584,5,53.2996453725053
54,31,3,4,5.846940526409382,552,Sugarcane,166,51,15.899407810523257,2,72.99134315269944
34,28,3,3,5.787117346691428,606,Maize,82,42,10.479842842033285,5,63.652000534884905
41,9,5,5,9.108044207162143,705,Maize,157,88,17.158333822413777,2,26.111249116665224
29,20,4,2,7.074802674753195,312,Wheat,92,59,13.18612931547015,5,46.26532058865103
52,15,3,2,5.36931499806645,340,Wheat,66,85,10.04172688841286,5,45.57396670445063
31,18,3,4,11.100574759902077,508,Rice,56,50,12.13280575603391,1,68.64109664757393
55,28,4,4,10.993189503502354,721,Cotton,76,31,17.233592720407273,1,90.17047455625817
18,17,2,5,10.899703388257882,658,Cotton,85,61,12.78156542866866,4,108.18051734892927
52,15,5,4,7.125959538062342,971,Sugarcane,196,39,16.74715110479045,0,28.19333842634497
51,0,5,2,4.455859628083619,767,Rice,64,33,9.59832735166639,5,3.8897772145718363
58,1,5,3,4.853936143155488,691,Cotton,119,94,17.13958398609296,2,23.45832740012384
40,14,3,2,6.2083846381703935,144,Maize,118,79,12.306188054994362,5,40.506426257514924
43,38,2,5,5.759760032869237,968,Maize,102,21,17.361269435307644,2,120.857850176765
20,27,5,3,10.991884961190683,806,Cotton,51,50,16.660785194623315,6,56.38236531668873
26,0,4,3,11.890865443114077,336,Maize,156,74,14.599663068829242,0,4.899343828068876
25,4,5,2,10.53338929865442,822,Maize,195,54,14.728464169530195,2,10.267029337827985
58,21,1,3,9.838791221993507,879,Sugarcane,162,46,10.115079878768995,5,227.51554597672066
25,35,2,3,8.708993119418514,694,Maize,175,24,14.02829778922922,3,155.46678762716246
12,12,1,4,10.159266393438983,212,Cotton,98,94,13.49495571891704,4,133.33238525868467
53,0,2,3,11.576266497539127,878,Wheat,165,70,11.341470363404516,4,15.876789539263365
20,15,4,5,8.810757359256648,606,Maize,109,35,13.056215242484559,3,35.48176486568141
59,21,3,3,5.236905952158671,742,Cotton,176,59,17.291435520282292,0,53.46284781620564
35,31,3,4,5.3108665381497575,928,Maize,77,87,8.05305663791458,1,67.67962742281186
46,15,2,6,8.67090242502869,549,Rice,135,95,12.171240927976038,2,82.74023695304585
14,14,5,6,6.667748318278463,667,Sugarcane,185,97,11.336387207708674,2,24.929805257455186
36,11,1,5,11.281979001959755,989,Wheat,81,63,17.612310674198383,1,141.67892829707398
38,0,4,5,8.89313867068778,849,Maize,64,60,17.73894231285693,1,8.383186523853725
13,16,5,3,9.411940907386882,637,Cotton,140,35,13.856605356360545,0,26.327232133859997
21,27,3,3,4.046565680807221,953,Wheat,177,61,13.500069684406665,5,48.54306488448419
15,6,5,6,7.990788416500984,856,Maize,172,39,17.032124968105247,2,9.428137182692298
36,8,1,6,7.449317771111294,308,Rice,145,81,8.065424737646046,1,78.46669967459323
14,21,3,2,9.646974854140264,389,Cotton,106,47,13.622806029223149,2,74.55615596937133
26,25,2,6,7.0611092826669255,597,Sugarcane,96,79,8.246324083215931,5,99.0423492356792
21,11,4,6,11.812600255097298,282,Maize,150,60,17.681622713170835,3,41.12421444892961
8,6,4,5,9.361625452451214,818,Cotton,167,20,11.20159557341303,6,4.628115681917565
52,14,3,2,9.279346665140714,815,Maize,59,35,13.208013018385302,5,61.68158041961522
56,37,2,2,11.354729158063861,499,Sugarcane,166,23,12.17568504597267,1,223.16794751237927
51,20,1,3,11.961638671186765,307,Rice,141,73,16.93624124140184,0,261.4332829176952
29,13,4,3,5.582565514096906,522,Sugarcane,112,48,17.998179441584153,0,25.688879754949532
25,1,3,2,10.484265145717824,489,Sugarcane,119,91,8.68387977986229,5,12.591164681934167
41,7,4,2,5.29855596257622,465,Sugarcane,186,85,15.320311359833182,2,25.052957151474466
42,5,2,3,7.656347624433679,683,Wheat,143,43,11.679986239482536,2,34.758019351134685
53,36,1,5,4.801483234659761,535,Cotton,90,60,9.390729197484134,5,192.64395276365084
5,36,2,5,8.986967827737319,411,Maize,89,82,12.054375296354877,0,164.65198167330672
29,32,5,5,7.7481453072406,438,Rice,65,75,17.981466301908725,2,60.14193001336345
55,5,2,5,9.02959158660572,246,Maize,74,33,11.57567299351871,0,39.37469764988594
40,25,2,3,9.423686020923304,815,Wheat,187,72,10.773994884645573,4,136.66640089500882
21,38,4,4,8.955458000249905,556,Rice,58,63,16.461713745999116,0,82.66536549307764
45,36,2,6,6.352232980858985,960,Wheat,89,62,16.679379998234566,5,131.97003357904956
28,13,3,6,10.69567325794935,510,Maize,106,20,11.388691548319652,6,49.22747332051328
6,36,4,6,8.413489595000993,744,Rice,95,30,10.986731406124308,5,72.29861659868942
44,7,4,6,7.918809385734425,381,Maize,168,39,14.47281477547417,4,25.530877585831586
19,38,5,3,11.896510433878994,513,Cotton,56,98,10.0517848372061,6,90.2610310043013
36,12,3,4,6.268063253651815,689,Wheat,165,40,12.836854026226932,6,31.80691426855543
43,12,2,3,8.224242439161385,196,Cotton,177,92,9.413436916477092,3,68.59506576972109
10,39,5,4,9.458596628863932,262,Cotton,162,39,11.047547782328518,5,65.65504395086757
5,27,3,3,5.001807463465869,942,Maize,168,36,10.974814976987446,3,45.07503470753063
51,17,5,2,6.833917793172283,536,Maize,153,82,14.948999650094459,6,33.17978071999574
27,18,1,4,10.41350972797861,295,Sugarcane,106,98,10.822730349947587,6,208.76726299179117
43,37,2,6,5.89406587679864,727,Sugarcane,194,24,16.98495703390568,3,122.05404121286804
21,31,5,4,7.946322919228853,260,Rice,74,65,17.830460943692316,1,54.27164596110193
38,21,1,5,9.045044847863768,354,Maize,160,71,8.81061701257451,0,203.45235904171582
45,1,2,4,9.3692988264608,169,Wheat,184,99,11.976476318476031,4,24.160829516683677
33,12,5,5,9.826483536382607,511,Maize,104,55,11.018410634941372,6,27.9146295795481
13,22,5,5,10.927818536343555,813,Maize,196,68,11.519901285109501,4,50.23381122178341
17,24,5,2,7.142875544269101,135,Cotton,81,57,10.653548860699527,4,37.27798533314127
10,27,5,4,9.653055407710848,404,Cotton,136,46,11.82664861203025,5,49.38258865624806
10,10,4,2,9.857397182162012,829,Sugarcane,121,88,9.414145927689885,0,28.786600181160875
24,32,5,6,6.402193041015922,569,Rice,71,69,10.798182755453377,5,44.315799531988816
56,23,4,4,11.745263601693129,408,Rice,185,62,15.47817877956384,3,87.90240680337642
57,1,4,3,10.921753388176496,296,Maize,95,89,11.4404652565176,1,17.371648692890822
7,29,1,3,6.318890629596512,997,Wheat,54,28,10.07834897324848,0,182.0299762509775
21,16,2,3,9.4005494134959,580,Cotton,61,84,9.084440385648415,5,86.820419728533
53,39,4,5,9.742405075674352,435,Wheat,76,49,11.48004147283186,6,105.93708493251896
16,33,3,3,7.451869090203035,938,Cotton,133,34,14.434090886203522,1,81.11437909046889
52,37,4,6,10.909946287527731,803,Maize,188,51,10.53304871066671,1,114.7774052165708
51,21,3,4,9.521834828072318,888,Rice,85,23,12.224456909158631,1,75.02724803209591
49,4,1,4,9.265237481221746,390,Maize,101,79,17.52398579749172,0,58.046135777308734
59,39,3,5,5.766722978277746,529,Cotton,179,74,13.523628518335263,3,93.38980101660478
5,15,1,5,7.26273849079666,697,Rice,123,53,13.319386158641635,5,113.46364316359812
21,12,1,5,7.471379913058799,982,Wheat,61,80,12.099433125690897,3,99.2976902716257
7,25,1,6,9.869288772632164,531,Wheat,104,57,13.568399770072556,2,249.80540913944012
30,30,3,4,8.947156362060419,633,Sugarcane,129,70,17.84567274397178,4,98.50661532167685
19,38,3,2,4.686884725010136,745,Wheat,140,77,10.538069054589297,4,71.62128810433391
40,22,1,5,6.46158361509792,609,Sugarcane,113,44,17.4192789484931,3,151.91590394138856
36,11,1,3,7.784380035692364,604,Rice,153,30,9.490709843769977,4,98.78181298156564
36,13,2,2,9.893863566855945,987,Maize,140,27,9.11105363546556,3,70.31659542247007
8,17,1,2,9.948553040637393,772,Maize,108,53,14.54669495743164,6,175.29971742725493
22,26,5,5,7.924346468573094,906,Rice,74,46,10.511790246690719,1,42.43174968920984
53,27,2,3,4.935459058085421,654,Rice,153,41,12.44392306307427,5,83.35818470157518
23,17,2,5,6.343227226982712,508,Cotton,117,81,15.296547685778375,6,70.08606254966452
47,15,2,5,6.037539057976554,501,Wheat,192,91,13.348415031630973,2,67.21379038042895
56,15,5,3,10.24821128246593,140,Wheat,190,58,8.137493493305294,4,43.128585852028166
39,12,2,2,5.4398905120452286,483,Wheat,59,92,11.058432329730367,6,53.97228036601853
44,28,2,2,7.719369779161537,985,Sugarcane,61,41,8.646866697922793,1,118.50105709056132
18,8,3,3,9.36575042811512,390,Wheat,78,92,17.261145500557028,4,30.107306756827423
37,25,3,2,11.718289223600296,891,Cotton,92,50,15.94648593416803,2,112.91001088650998
18,27,1,6,11.99392464179552,282,Maize,137,53,17.83841683676411,0,332.96483220974284
38,12,1,5,11.623377148443513,863,Maize,137,87,16.851095124417476,2,159.81771804951694
59,35,4,6,9.745938762028281,971,Sugarcane,160,97,12.753320206563348,1,101.56142167496492
8,8,5,6,9.971526664176732,139,Cotton,162,78,16.825975172105366,2,14.351036407669763
28,13,3,6,10.073680780872138,698,Rice,118,27,14.724386133282719,1,53.44850445697335
33,11,1,4,10.90083901237032,324,Maize,168,72,13.245996563910008,2,129.12307627433165
23,31,5,4,11.614283702817664,384,Cotton,60,73,11.706460459178837,6,77.00120489134348
10,37,2,6,7.56564915616262,237,Rice,156,89,14.809661759364046,4,151.65552649065393
37,2,5,5,7.3320870243370155,434,Sugarcane,112,37,13.901334229539547,5,2.4241925849271997
53,15,3,6,7.683715699029046,237,Wheat,71,27,14.141849825831581,2,51.07223584907226
44,19,4,6,9.278537371652753,573,Cotton,192,26,11.99831331157004,2,45.06719629456679
23,31,3,4,10.203563170222118,587,Maize,186,26,15.393151142899434,3,108.39294776086206
57,22,1,6,10.964355127210634,675,Sugarcane,119,29,8.813427676337279,2,260.08110081046385
5,16,1,5,7.649686034260845,728,Cotton,139,55,15.261589627792077,4,128.10034932169367
9,15,5,5,6.9069810094410355,709,Sugarcane,183,81,15.30761313606956,1,24.68934779583162
31,37,3,6,11.866820917617812,245,Rice,145,70,13.159433953813775,0,157.17108010107404
20,7,1,5,5.85510096805781,997,Cotton,92,50,10.632831502684851,0,50.595397015190706
10,18,2,6,5.776038682019818,508,Wheat,197,29,13.192765144063696,0,55.1479843425172
44,29,2,4,9.723259638611964,609,Rice,174,54,9.230861854260475,6,154.55680080228822
17,33,4,6,5.437258364821139,184,Wheat,148,48,10.85143775387055,0,46.90203133064514
52,13,5,2,7.195271997968979,662,Sugarcane,116,68,12.212998785942757,5,27.306169499910585
39,21,1,4,6.339094578514016,706,Wheat,131,50,14.732337849900635,1,158.5969835909139
23,16,4,5,5.349683654055589,889,Rice,149,87,9.872167677550404,5,30.347127460680824
16,14,2,5,8.637657912783148,108,Rice,117,36,9.58170751732364,1,62.73064075563794
20,31,4,4,6.988091926037031,958,Rice,106,56,14.07796362167779,0,62.335758004635096
47,12,4,2,7.697873382787568,188,Sugarcane,98,47,14.79545541003021,6,39.99166241161187
14,20,1,4,5.566904038604128,188,Maize,87,57,8.8365575281331,2,117.57555472656571
29,39,1,3,10.142934421374052,318,Sugarcane,85,29,8.331631834696017,2,403.2762800828416
24,32,1,2,6.517696667605966,941,Rice,171,91,9.471498514011659,5,228.40782861156367
35,26,5,4,6.741745432215191,449,Sugarcane,186,47,17.010267016072476,3,37.00178296018272
8,34,4,3,6.017231696800901,990,Cotton,145,88,14.726385351873759,1,55.89414298539298
48,15,4,6,7.47522857695227,999,Cotton,153,26,17.210259110152244,3,36.2303659160349
27,27,5,2,7.708613017909376,504,Maize,131,21,14.647148031671673,4,44.757612902336426
6,33,2,6,8.237335330636121,991,Sugarcane,73,76,17.65237240723072,1,143.47125709641466
26,0,3,3,11.740546255855516,897,Sugarcane,131,29,12.38906670464958,0,5.374443429352646
55,30,2,5,11.237534464365627,260,Cotton,152,33,13.990989382278451,0,185.4351360579496
41,35,5,5,8.87514104789643,142,Rice,57,93,14.011854512054095,3,70.87896787649751
12,32,4,5,4.31122774210478,573,Wheat,164,51,8.03139916460562,1,35.33116665915459
11,32,4,6,8.898082727013875,857,Rice,60,72,8.274544603603573,2,73.61810159564143
18,38,1,2,4.71734885411293,357,Maize,156,22,9.452652108122805,1,183.05635466624483
59,17,1,6,9.682753908149978,954,Wheat,144,67,13.111295551542568,3,185.17044396081243
7,22,4,6,7.120621172647445,258,Rice,171,27,12.305265204071711,3,33.58130005454455
54,22,4,5,10.701571932548148,231,Sugarcane,91,28,13.39749058882837,5,72.63948510570512
20,14,1,6,11.540233962121045,658,Sugarcane,55,94,16.004907939993494,5,175.22125524924627
59,25,1,3,7.336882731724872,951,Cotton,52,35,16.222402785286576,6,199.56367694345568
23,29,2,4,7.6844423637899695,700,Sugarcane,123,50,17.770148535550355,0,121.9152281429634
55,24,4,4,8.721180648102802,144,Sugarcane,147,24,13.575478000538965,0,66.62386979076773
22,15,4,4,5.577061774864404,420,Maize,114,98,11.472154889651312,4,28.39229981679734
56,38,5,5,11.418662726626891,293,Wheat,189,58,11.080277048735311,6,97.33258788840851
20,13,2,5,7.463999412010981,617,Rice,85,35,11.407415766435713,6,58.08656962356147
12,16,3,4,5.3345626873280585,362,Rice,169,83,11.238296019287276,3,39.75563703352704
37,11,3,2,10.101854667351072,534,Maize,174,95,11.92919974555394,6,55.22495192629853
53,28,3,4,5.7532109795518815,807,Wheat,188,66,8.74881421135713,4,69.99484178273693
16,31,1,6,5.14823420057484,629,Sugarcane,178,78,14.33432473547636,4,167.98951449891746
57,23,3,4,8.502976603952057,986,Maize,161,39,13.680412230760489,6,74.18211162680677
15,12,5,4,9.371962042332726,396,Sugarcane,183,40,12.61960892571442,0,24.62010519393175
9,19,1,2,8.556501925319331,600,Rice,128,72,8.811052904135268,2,165.98304326681298
31,14,1,5,9.252085191578907,718,Maize,121,98,8.932086928088111,0,144.02878434334883
16,3,3,5,4.924192098461956,168,Maize,130,73,13.451051752517486,1,9.674496503408209
21,33,1,6,7.808144303072859,124,Maize,126,68,8.365803669698316,2,270.50364985998925
10,27,2,4,6.85614915270833,667,Rice,58,35,15.247889306329252,5,86.77079646681784
37,1,2,3,11.786948929920975,612,Rice,119,35,17.937781421319997,3,16.750155507962432
9,29,3,6,4.396991473435739,282,Cotton,72,42,13.97406898890236,2,48.5712829566555
32,25,5,5,6.386353624479384,998,Rice,135,87,15.234314820284094,3,38.29574047851767
18,25,1,2,11.534897552733776,153,Rice,66,56,12.38935992430958,3,299.51122887661376
9,19,4,5,11.867969465474637,180,Sugarcane,147,43,14.67412330982342,4,53.946261730652324
58,27,3,5,10.599212861817069,259,Rice,172,80,14.517803232985912,1,115.63743849614332
37,19,1,2,4.6079859521312745,485,Wheat,74,27,16.240908958980302,0,98.91211733171205
54,10,3,4,8.490840226748322,548,Sugarcane,161,88,15.113395853796995,6,44.27562514837239
52,9,3,4,7.200983941363737,837,Cotton,87,48,15.490495440334062,4,37.49023793068096
45,22,5,5,10.451620541563212,363,Wheat,52,29,13.56635993787602,4,53.1060990286321
23,36,4,6,4.440193884570666,720,Cotton,63,75,12.845149359275378,1,46.52837164260475
26,18,1,3,5.577030013157617,408,Maize,59,92,12.587164937806572,0,119.90451038594168
9,17,3,6,7.913560529781035,143,Maize,115,41,11.920109206310851,4,45.39464763500722
6,26,3,6,5.261181303582616,300,Maize,191,29,10.660277633234926,2,45.39187221357146
34,5,1,5,9.541721141554387,383,Rice,175,39,8.33311043777972,0,57.66395715849375
51,9,3,5,10.566137769118386,246,Rice,59,70,14.710956328054877,1,50.0842908691602
43,1,3,3,9.636159149021147,539,Sugarcane,148,29,17.009611947257156,2,9.428514599659433
8,23,3,3,7.5222697091198585,503,Wheat,98,60,17.304824376214228,2,60.41031794453151
37,37,2,3,11.02710133002117,810,Wheat,180,99,13.805617067013618,4,219.62584704235164
17,27,2,5,5.101489053759534,845,Maize,96,59,8.941366082611935,1,77.1494593102107
24,27,4,5,6.082708671192071,283,Maize,109,95,16.78664307042456,1,47.390319691530905
58,38,5,6,7.916317482018426,646,Rice,74,24,15.477448823425696,4,71.36093313689368
11,1,1,5,4.490708791034016,308,Cotton,184,62,10.514110542151803,5,12.02756708209152
19,4,5,4,4.765486252532378,971,Wheat,126,86,16.035449409038495,0,12.139055271465402
27,10,5,4,7.179546973778977,674,Wheat,170,43,12.72007948070037,3,11.49050516731097
18,9,2,3,11.551090373876432,181,Cotton,92,50,16.875931116723272,4,55.55309315404798
27,1,4,5,11.267309546216001,362,Wheat,95,78,10.476109327639511,2,8.995755651247817
23,14,5,4,7.727798866227289,866,Wheat,92,86,16.009059206273236,3,27.922135483318524
58,38,5,6,5.1372683560858405,138,Rice,78,82,15.119103157675111,0,55.89232928124972
33,36,3,2,5.424861247667485,385,Wheat,132,20,8.144411723986822,5,72.70142367635658
24,6,1,6,7.020368436873018,122,Maize,152,94,13.63334608845687,6,57.346174887847205
33,19,4,2,5.680593560694251,695,Maize,135,88,15.155342779575767,0,37.51684333169755
28,33,1,6,4.663804755123023,573,Sugarcane,148,90,9.564107886527303,5,167.72709090385413
22,34,2,4,9.390219868159978,402,Rice,131,52,13.318989354572933,6,169.7208016840358
14,33,5,5,8.651589102341559,305,Rice,161,96,11.04077910245388,6,58.59039870083622
45,21,5,2,6.330374063824681,531,Maize,52,82,14.962529149775763,6,39.47547282643926
12,30,1,5,10.231587060418434,194,Rice,105,61,13.401398128864518,6,315.17696751376945
30,22,2,5,10.207591101646676,574,Rice,160,50,14.21457994321665,0,117.58826323742683
33,18,3,4,7.9280157617020945,674,Sugarcane,113,71,8.725398373216205,3,59.78249364842012
14,3,3,3,4.772260444095151,475,Cotton,70,69,9.377951401980082,4,17.76763430686617
21,23,5,3,11.34775520081086,236,Wheat,73,32,13.52089180690467,5,57.762558527402355
6,19,5,2,9.34928418832777,250,Sugarcane,197,84,9.811728820240022,1,39.093037328040616
10,38,4,4,5.976406553215607,728,Cotton,101,57,12.98691171208798,4,59.321061371748364
9,27,1,5,8.883636376273813,802,Wheat,62,58,14.90029298927675,4,242.98488816358835
32,38,5,6,7.240171966621042,301,Maize,143,61,16.097717089074287,3,61.96669742424673
45,16,2,6,9.082797117887663,349,Cotton,127,58,9.430068060081531,2,94.30126218476545
9,18,1,2,7.7909671658481665,698,Wheat,151,61,15.41878867160276,6,145.4238138270115
22,34,4,2,7.883777201917868,173,Sugarcane,79,92,11.631860844327191,3,70.15695691175875
30,31,3,2,9.887056735258874,421,Wheat,64,89,14.789329699947029,2,116.7733338509972
24,38,4,4,8.909805968511806,648,Rice,92,92,9.452846326311526,3,90.75932679215313
45,34,1,6,4.639621529953805,736,Wheat,89,61,13.15175181729889,2,172.20766599349727
53,29,3,4,4.522988563570429,265,Maize,93,48,16.375622754947685,1,59.489756003420325
31,16,2,4,6.440073899973802,100,Sugarcane,130,87,9.064314196514706,5,68.17465575364034
53,28,3,5,7.44196797230997,437,Cotton,50,44,16.276807581905715,1,84.20334735131767
16,5,3,4,6.2017804734342885,390,Wheat,152,35,12.527683957474391,0,15.279172560067751
11,16,2,4,9.211678864559344,170,Sugarcane,174,76,16.232716027224342,6,84.6142514221936
7,16,5,5,5.560863453804975,207,Maize,131,53,17.58387710036401,0,16.655031765889433
14,13,5,3,9.633128771169357,589,Cotton,90,94,9.59652609301528,2,30.466916221024015
38,23,3,5,10.18520593511144,697,Wheat,111,28,14.745696093927469,4,85.42104744180625
29,36,3,2,4.994554460765205,280,Maize,187,54,10.350964538690604,6,73.72758539310311
39,39,4,3,9.206449946903904,124,Rice,157,46,9.355542753701767,0,99.67830970177387
20,38,5,6,11.691487807200913,909,Sugarcane,122,58,14.280825960473486,3,92.16250249572451
6,31,2,4,5.542590538106774,250,Sugarcane,127,64,9.079836324486092,1,89.24619108198846
28,35,3,3,11.274422648929235,364,Wheat,106,79,12.65172570124038,0,139.7815783255674
14,36,3,6,8.848383594192132,302,Maize,170,62,14.35954340349501,0,108.29528123787563
42,13,4,5,8.727558938653695,662,Cotton,91,80,12.99630727961323,0,39.848351002850684
26,26,4,5,4.415381458566937,574,Cotton,134,88,14.970692773719817,3,37.49263273672534
30,18,4,2,9.986402227091187,319,Cotton,115,35,16.014120029665253,3,50.535325052479536
47,30,1,2,7.826184421184466,668,Cotton,119,21,16.722464227478948,0,243.723688707833
59,8,2,3,9.769395134681073,181,Wheat,188,93,13.598722557325733,4,66.09738033919986
43,37,1,4,10.473448827572849,263,Wheat,60,38,10.766304709012562,5,401.79223516651876
31,16,3,5,8.190370986978229,368,Sugarcane,53,83,13.096618681523974,5,59.97562576884407
33,18,4,3,6.109154506226513,282,Maize,128,39,11.876886073819083,5,34.94856609920627
51,3,4,3,5.132579931142507,279,Rice,172,77,10.259255895831753,6,19.911542487114534
42,10,4,3,5.284025023459314,895,Wheat,128,79,13.2906732652378,4,29.260574839764573
24,21,5,2,10.93547723156639,697,Cotton,199,78,8.22654862753302,6,55.454172885173904
31,3,2,5,4.9886247650431095,571,Rice,187,70,14.05564899456545,3,19.82985457977189
45,16,1,2,7.0775525843725475,210,Sugarcane,69,54,16.216037933570618,6,134.6119415221373
58,7,2,2,6.6741971703122465,769,Cotton,145,29,17.994357205384773,3,40.06579230472277
24,33,4,3,10.923645333911761,144,Maize,122,55,17.216790747640054,6,94.57324117332395
48,10,3,6,7.821548005554333,649,Rice,93,72,8.898159160777864,1,41.12955170617482
23,30,5,6,11.9715713387851,631,Sugarcane,80,73,9.624293796987162,4,72.23049069552675
24,10,2,6,9.896437970425158,708,Wheat,124,35,9.38644622859935,5,48.39726827560388
39,37,3,3,10.807388603234285,530,Maize,90,69,13.583515528407005,6,144.0716002681266
51,20,4,4,4.789378128213399,457,Cotton,53,45,8.459359661844426,0,36.91225780171249
6,29,4,5,6.0248180421191675,158,Rice,163,50,17.36992733878219,2,44.19207335261569
34,9,4,3,5.083569564574626,323,Sugarcane,63,80,8.61836670286161,6,16.32081540834703
57,25,4,3,7.7089757792044775,909,Rice,103,61,11.912505553426595,1,65.13748732361145
38,26,5,2,9.746299905295277,288,Maize,141,20,16.93969817501044,5,50.89272305196304
26,7,5,6,5.352508545624001,158,Wheat,177,61,17.48378320492717,1,14.286627929252033
7,38,2,3,5.0413483565579105,107,Wheat,138,68,12.652907855258217,5,102.32218801699389
10,7,4,4,8.916869990243523,583,Maize,136,38,12.884315471477668,0,10.886849509631373
19,7,5,5,5.842502030107392,924,Cotton,82,99,14.361770936964426,6,12.224237606754459
31,33,3,4,7.834600574029928,505,Rice,186,76,12.07638801818151,0,92.99591285052506
14,15,5,3,4.408941821821742,713,Cotton,138,27,11.24661304413457,3,12.406690036697276
13,12,5,3,9.444902496539719,951,Sugarcane,131,81,15.394270121465931,4,24.62864669838518
37,22,2,2,8.33053105313643,571,Cotton,92,99,13.953583046822818,6,107.59153343727785
36,11,5,4,9.179383191669062,120,Maize,184,95,12.816710945969284,6,29.097700069162947
52,26,3,2,6.203251040477968,483,Wheat,137,28,9.007873351151618,3,70.67039331954453
10,21,4,4,6.228823802892249,511,Maize,89,26,8.688616200049367,4,30.602355553321484
45,31,1,6,10.410884264726064,404,Maize,134,59,13.10815225438466,6,342.39762291292067
40,26,2,6,9.74849850387861,827,Rice,168,80,14.194317198509811,4,142.8452337679344
6,1,3,4,8.637829209588917,409,Maize,111,42,14.575117240968774,6,2.0760401637057724
33,32,2,2,9.025147806256644,330,Sugarcane,84,60,16.94890107921972,2,163.05509625334088
8,25,4,6,4.7523534360088435,335,Rice,60,91,16.16224863624671,1,29.533560291890204
5,27,5,3,10.849370435610028,762,Rice,179,42,9.4076223887045,2,51.56622267108235
23,18,5,5,10.159256264093301,679,Cotton,128,30,15.944309588499022,0,37.021788862104934
30,4,3,2,8.723932270587582,145,Maize,128,20,14.763031431464075,2,12.221460529539947
29,32,4,4,11.348761048807258,321,Cotton,182,68,16.280288944616753,2,93.40184167371268
14,19,1,5,5.349103261595198,851,Cotton,165,63,16.433545982439092,1,109.51870605441916
57,29,1,5,9.493259088273334,255,Rice,95,88,11.455325837995606,6,296.31447031748417
19,7,5,3,11.703854221217288,194,Cotton,70,33,10.63268863059044,2,18.549742656182705
26,37,4,2,6.480071716559367,708,Cotton,186,26,13.526340282521364,1,64.26889876194663
55,16,4,5,4.122338512540076,917,Rice,120,79,10.986076880471256,1,34.34892323997105
52,0,3,2,9.878939735753065,182,Rice,66,43,11.496853400293546,1,14.61824496953206
25,2,1,3,4.0558425956490165,344,Wheat,115,23,8.691600654197442,1,10.142901631672839
26,25,3,4,10.980269193457335,674,Maize,75,46,17.9136372519335,2,96.95357566298324
40,30,2,5,4.450410016828559,109,Wheat,158,81,11.092969594208316,3,86.16964402736679
38,7,4,5,9.222117838975016,188,Rice,89,26,15.800733197233342,3,20.416874349370513
34,7,1,5,7.017473155385203,776,Sugarcane,65,73,17.93158294640358,5,70.67919866519051
29,34,3,2,5.626725229733863,425,Cotton,84,92,17.691260166039505,0,78.11129985119764
49,38,5,5,11.186067198830631,385,Cotton,113,84,14.338831502540906,1,100.836058200652
32,27,2,2,9.969966815414898,314,Rice,192,86,13.386614499835673,3,149.4809358795206
5,3,3,6,6.723524529146081,947,Cotton,170,39,11.092764948448194,0,8.958660524283015
53,15,5,6,6.2732247428578,171,Wheat,79,77,16.6150672681776,6,31.03193405109937
49,12,1,2,9.888098353289115,307,Cotton,198,67,11.37995144354338,2,142.41567211777792
8,19,1,6,10.692566100850645,238,Sugarcane,129,45,9.067237957730203,5,204.09050556816428
11,4,2,3,9.726803714366476,857,Maize,149,53,10.940983913430745,6,20.32973016317513
53,36,5,3,9.119913800285932,478,Wheat,51,51,11.150973261090872,0,76.01136104453478
13,19,4,6,5.8233978015091905,740,Maize,65,59,15.184853723581805,3,25.887887718437213
40,23,1,4,10.822431866211778,501,Maize,56,24,9.695419587243816,5,257.6226284293837
23,35,4,2,9.997295867666999,711,Sugarcane,192,29,11.168632336748509,0,90.12188765265374
5,33,4,6,8.138194318131315,622,Sugarcane,72,92,8.765864245044686,0,67.98468027549198
14,33,3,2,8.092702098134247,439,Sugarcane,50,65,16.484011563136164,5,94.97897048031997
40,18,3,6,8.55338422245877,275,Sugarcane,165,51,15.247754521946764,5,68.41814823829458
13,16,1,3,10.626211153429303,928,Wheat,118,80,12.374870032375242,0,177.5889951458367
49,4,4,4,9.93807639070046,456,Sugarcane,190,61,12.300152660893644,3,26.64460428193954
50,24,3,2,10.849959951567065,477,Wheat,101,45,9.663717980813594,5,99.85030308031808
46,17,5,4,8.058262173269778,415,Cotton,190,42,11.844731251554947,1,36.236933468984816
36,7,5,3,8.997192472146057,981,Maize,145,28,17.068251744523316,6,20.29585574285538
36,26,5,5,10.836574455167836,761,Cotton,104,88,9.386580231203139,2,72.37191839980235
10,14,5,5,5.858560481413723,174,Cotton,78,74,15.650283824316261,1,17.944325880124037
52,12,4,2,7.552165442049792,198,Rice,195,27,8.47175824917579,4,35.41277646875119
42,15,5,3,8.965217895835096,364,Cotton,179,75,11.116795495224741,1,38.69641733167808
21,21,4,2,11.321170058864812,854,Cotton,76,74,16.469375510501223,6,69.81758921573157
14,19,1,2,4.126688088369,182,Rice,99,62,12.449837174007765,5,88.22327092035579
54,12,1,2,5.70058526538582,904,Cotton,91,94,15.026940409127715,2,93.76148295802062
31,19,5,4,5.875604062090323,681,Rice,187,75,9.035417586326,6,26.886324091118354
58,1,5,6,6.612901442094354,327,Wheat,58,55,14.834257406667398,0,14.731459071411368
54,34,5,3,6.254292963365431,783,Maize,52,37,16.190206441152363,1,51.010199851671004
39,18,1,4,8.72111028449791,230,Sugarcane,135,50,16.052458632230874,6,168.80652963549403
56,36,3,6,11.084962114037964,109,Cotton,87,27,12.388697519219786,3,145.93720365197547
25,5,1,2,9.095822728579115,999,Wheat,119,38,17.041411982312127,5,52.14563413420563
29,13,5,5,5.932212471634873,667,Maize,118,41,13.749749759217913,4,12.83458973177145
32,3,3,4,10.910022800560675,644,Wheat,63,85,16.178717438895873,0,21.033299082865955
51,21,3,3,9.056366313180106,343,Rice,51,30,10.134593107952973,0,77.39550631078018
19,38,2,3,5.751696999903213,325,Wheat,146,86,10.102405132803558,0,118.11046237706589
8,35,4,6,6.893332297332026,327,Cotton,150,52,15.543621958279124,1,58.18235403693315
33,33,5,4,10.31971845391826,344,Cotton,185,93,14.466351260683206,3,76.42306734804713
13,26,4,2,9.911449451896914,543,Sugarcane,123,72,14.763098884305904,6,64.0615826901186
31,6,2,6,8.612658956045141,714,Sugarcane,175,64,10.365702834892348,5,34.565712389198445
30,2,4,3,5.158140021924495,808,Cotton,132,86,11.996226342745281,5,11.40725136793109
23,32,5,4,10.426314378516032,986,Wheat,148,58,10.583796902587439,2,70.28695173419175
32,1,2,5,6.460340228421985,912,Cotton,67,56,8.681259294734268,4,8.505857425370074
21,15,4,2,10.172783511993298,924,Wheat,190,69,10.039411870120754,3,41.42491940974335
47,24,1,3,9.18053092609807,560,Cotton,95,47,17.951642948857398,1,232.78803076990553
45,14,3,4,6.1133622531481455,820,Maize,189,33,10.340419459923021,4,38.97874157302602
46,23,2,5,5.6989538250612535,481,Wheat,89,71,9.592932368258758,6,86.78060234514058
54,14,1,3,5.04727938606175,291,Rice,137,49,14.968767985039438,3,87.73706858436678
24,30,5,5,5.935569892704926,738,Rice,189,49,14.021444357661139,2,36.02691896671909
49,13,3,3,5.26263217959312,621,Sugarcane,116,46,15.460130659842475,2,37.95550604193005
44,13,2,6,8.93640998230201,941,Maize,74,85,14.536730959980499,0,79.05311597267583
43,5,3,6,8.790264951818028,677,Rice,193,96,10.229933948862167,0,30.30682113353427
53,13,2,6,8.689376481062379,969,Cotton,161,58,13.009060416265214,2,77.69417111213154
57,16,2,4,9.135118473798707,952,Rice,94,61,9.766428104720376,0,87.20714236639279
27,17,4,6,10.51827627171653,257,Cotton,190,47,10.535379286404066,0,54.637603808986555
51,19,3,4,11.308421692398428,355,Maize,51,82,17.869176491252276,2,90.89532709001669
36,16,3,2,5.843004303214097,949,Sugarcane,159,74,15.286799417933217,4,39.5826687180183
56,15,1,6,8.702195921351406,646,Rice,187,37,15.828504747379101,5,144.7846918169931
51,39,5,4,4.626689769978172,605,Sugarcane,68,53,8.300591601323696,6,44.80011716987386
37,38,1,3,4.961139506844761,920,Maize,73,76,11.821339398108915,2,206.02517468118356
50,31,4,4,9.234714503691123,266,Wheat,182,64,13.5524887709238,6,89.44979947574843
9,8,2,4,7.892644493523607,979,Maize,129,57,9.49674020318303,0,35.15822867674299
47,26,4,3,10.06665669467547,121,Maize,150,42,16.48546421635436,6,76.25426960311947
52,32,4,4,7.405419847924571,166,Maize,151,50,9.396002098337101,4,75.65930235620657
38,9,1,3,5.020787254663505,809,Wheat,113,28,14.365054700051259,0,55.974501286173805
44,16,2,5,10.976429230646604,711,Wheat,61,54,13.531872066265825,1,104.01658353186907
15,35,5,6,4.663107769162578,947,Maize,172,44,16.493132046129492,0,33.29230379749908
54,16,4,2,5.511717140283056,806,Wheat,158,58,11.118107246280253,3,33.9475199523052
7,17,5,4,6.215814927694808,711,Cotton,158,49,10.840837083066022,3,22.29068963378468
37,22,2,3,11.962244856523414,686,Maize,198,24,16.464131092442052,5,139.31717637783882
15,33,2,6,7.334878561407871,987,Rice,145,47,10.214058408469533,5,127.20389244274841
20,7,1,4,8.01366824382492,116,Cotton,164,26,15.460413966316988,5,63.13391976986539
22,12,3,6,10.157574007790949,758,Maize,96,61,9.911458569944518,5,43.62642909719133
34,22,1,5,9.09132468271051,861,Rice,102,61,16.756954125989544,5,209.93871974332944
52,19,5,4,10.731365535530667,354,Rice,148,76,16.390635422413183,0,61.66235286041438
59,21,1,3,7.89146766870315,287,Sugarcane,122,83,15.874630493466348,0,191.05453023434532
14,22,2,5,11.777421499945776,427,Sugarcane,127,82,12.91471279795849,1,142.86299038625913
22,34,4,4,10.374498892690465,479,Rice,155,37,8.338392211768223,4,92.93687102036927
42,2,3,6,7.2109231065061214,445,Maize,162,64,9.324652022981752,4,18.601689080068642
23,33,2,5,7.050174583561984,339,Maize,195,39,12.566051025391033,1,124.27283875528467
40,32,4,3,11.435929536353743,572,Maize,181,21,8.436476444154358,2,102.14353525002336
17,16,5,4,9.475325086517739,406,Maize,133,83,8.634724429348672,0,33.87325515191887
50,18,5,6,8.971469076205109,275,Rice,50,49,9.255038377391093,0,41.19036424163677
7,29,5,6,10.062645099470487,412,Wheat,73,41,10.608466975603033,3,57.26885098020758
14,22,1,5,8.48667062489369,643,Wheat,91,53,15.493227894463121,3,190.25746944823388
42,14,5,4,5.2733341846858135,434,Maize,160,54,8.47982394760122,2,24.208278549892594
5,13,5,6,6.553723696627449,478,Sugarcane,73,88,17.836393953563224,4,20.60678878166445
59,1,1,5,8.463558909671757,733,Rice,105,76,10.738295205869715,4,28.152920488721946
31,38,4,2,4.145342567417336,935,Wheat,118,34,11.201977780348983,6,47.658071659202456
50,17,2,6,7.4988056397058225,639,Rice,67,58,10.47884887842551,5,75.55454079423308
12,5,3,5,10.046423034207493,999,Sugarcane,187,98,14.023907798824865,5,20.69562563305065
55,31,5,2,5.313872036130179,800,Rice,194,47,8.194266272131156,4,45.081022660383475
50,20,5,5,4.516471601255246,432,Sugarcane,107,31,8.935695257032426,0,33.41942558907995
46,39,5,6,10.688233125821588,239,Sugarcane,181,86,8.98777439047894,3,91.4673304207794
21,27,1,2,8.938190947706897,882,Cotton,173,29,14.645324254984775,5,248.7668624492581
13,26,1,5,5.412631779915712,384,Sugarcane,124,26,11.29521737608992,5,142.90411220791708
10,1,1,4,10.45043984466555,442,Cotton,77,62,12.374941874723389,0,19.262954581805023
47,32,3,2,9.265035771897699,368,Sugarcane,188,39,17.499733533741853,2,112.75376504584946
29,15,2,5,6.6729541571875055,905,Sugarcane,52,66,10.000428768220065,6,58.13475389204658
43,38,5,4,7.009570175693914,285,Rice,149,47,8.701967883459044,1,62.00259700761779
53,21,4,2,5.247105305496387,209,Cotton,52,95,12.414232295819804,1,47.46191224638917
32,12,5,5,10.682044753669922,866,Wheat,74,37,9.640732124094448,4,34.68275936380581
37,1,5,6,8.072053213149935,134,Wheat,125,76,9.44657148488198,6,9.576540658649007
58,13,5,2,8.456152613149285,943,Rice,61,70,12.1013208305918,3,42.523201889687904
41,37,5,2,11.067935321581981,321,Wheat,102,56,14.69651155885533,2,88.01114868905566
13,27,2,4,4.126644931624751,721,Wheat,145,95,10.428519004601164,0,67.23618856156838
22,6,4,5,4.535384500186336,872,Sugarcane,59,27,16.759638952056786,2,5.160808039366613
25,17,1,6,5.29263185487852,613,Maize,161,89,11.62447946966332,2,106.0372295443697
6,35,4,4,4.240302504705165,845,Maize,196,63,17.340482623139458,2,29.800269241420633
47,35,5,2,9.265249252995197,897,Wheat,96,84,12.92395278280462,6,78.20132557684468
42,3,4,4,9.071035745506567,198,Rice,56,69,15.26737893167836,3,24.195028819619488
44,29,5,4,5.686415223431885,730,Rice,137,38,16.490168594198252,2,38.81021770507543
40,23,4,4,5.195251559093558,109,Cotton,81,68,13.297198749348176,1,43.9377434724698
54,19,3,2,5.165477611092854,684,Rice,72,86,16.50323451290371,4,49.46495963214903
47,30,4,3,11.625931306549138,308,Rice,99,65,11.779817866419531,5,105.06323616001447
41,23,1,4,9.548036228997933,735,Sugarcane,196,89,11.634040743870324,5,235.78230748782127
19,6,1,3,8.683430627720634,137,Sugarcane,167,49,15.940633902315788,2,60.92991527071872
32,25,4,6,6.579894974440754,193,Wheat,74,56,10.412697247062338,0,46.80411526163581
22,12,4,6,7.464345583270317,332,Rice,55,89,15.170384911372118,1,32.691692227871606
38,7,2,6,4.715247049593661,986,Maize,146,66,8.770869571162903,6,28.878790908629508
26,4,4,5,11.985215104440012,262,Rice,192,98,14.356250637591677,2,20.799878593196492
15,12,1,2,10.040683708573077,938,Rice,197,49,17.419097149090277,3,119.85436002806442
17,28,3,3,8.971625254625824,751,Wheat,145,92,12.564658869321669,2,92.66079450349402
8,19,1,5,8.702137561823058,341,Maize,53,53,12.15965014711901,4,171.78557719925357
26,13,2,3,8.034514976265381,781,Wheat,55,80,13.405408624898163,5,62.836709703433606
11,31,4,2,6.059419421397567,197,Rice,108,54,15.195660744903343,1,41.271900267109494
47,26,3,4,5.81112322767787,482,Maize,101,85,11.588363091493257,4,65.1978863448472
58,24,1,5,8.396259657513795,678,Rice,68,32,8.001300112707964,4,221.54453721566247
28,3,3,2,4.5616065164636135,388,Wheat,171,79,13.020847102521145,6,9.824940151765803
8,20,5,5,4.5957663909482855,715,Wheat,75,28,12.192781605821551,6,5.717571281650244
32,17,1,6,8.486508825282801,240,Sugarcane,97,40,13.327030616730227,3,158.69750767453624
19,38,5,5,11.358496385681914,302,Maize,138,60,15.153122812823517,5,87.99384816580734
5,14,3,4,11.314174809038835,587,Sugarcane,87,84,10.833910527010119,2,61.32184112881308
59,37,4,4,4.086626405286339,503,Maize,133,68,13.052596768465978,6,53.37127767062273
7,23,4,3,4.859153725179598,516,Cotton,182,88,10.533887502862246,4,29.22082599264502
18,7,4,5,8.66462155006956,901,Maize,157,31,12.593466365431457,1,9.63184899795889
42,27,5,6,10.787805774449314,405,Rice,52,40,11.44539106702053,6,71.80921693580339
54,20,4,4,11.63559269325463,236,Maize,90,80,11.69041300800868,6,74.4937098262229
5,15,2,3,10.884657808366235,874,Sugarcane,85,58,13.793610506856187,2,83.07225803765914
42,15,1,6,9.420905082371647,717,Wheat,79,91,14.896109919231693,4,158.5999750820765
42,34,1,6,5.604200620713886,229,Wheat,165,41,8.126584973806867,5,212.18410060458956
25,16,3,6,4.580971791831699,872,Maize,162,76,16.766412395027434,0,34.03366368133735
52,8,5,2,4.380126261485158,724,Cotton,142,98,11.643354085512396,6,25.654920954269528
33,34,1,4,8.896614277003291,933,Wheat,158,56,14.436103227961631,5,317.231515793206
9,28,5,2,4.289508832122862,215,Wheat,138,60,9.223924301799018,6,26.834243417411095
53,38,3,2,9.913919651724406,237,Wheat,167,96,13.71456080589202,5,144.94062983311755
14,17,4,4,9.699765898807753,514,Cotton,75,26,14.7845953056643,0,40.218318733319904
32,11,3,5,4.636886598213431,260,Sugarcane,182,52,9.574380457762869,0,25.215322897380723
25,18,2,3,11.252978920294357,719,Maize,154,22,17.12154803759204,6,110.71771786360135
54,21,4,4,8.17543430900242,347,Cotton,186,58,15.57466407045113,6,58.702297276643925
11,14,4,3,11.235508538701854,978,Maize,81,55,13.339195605726157,6,45.44805858218725
7,0,4,5,11.212880449506578,233,Rice,126,59,9.660660359169011,4,1.0
49,1,3,4,5.576272511096946,625,Maize,156,42,16.6555136941545,3,11.902603961238361
51,7,2,6,7.044621023490278,689,Wheat,137,85,8.68625968749087,4,46.51348160503871
24,21,5,4,5.07701066803053,370,Cotton,174,65,9.151715580116358,1,25.921331669877436
23,24,3,5,10.199824081090565,324,Cotton,159,25,14.981742376858378,5,83.14336430212333
39,1,1,2,8.0329993243029,220,Sugarcane,111,90,10.538608515424583,5,23.12624255445475
8,8,1,4,11.430460603159855,834,Rice,97,75,12.593178994346546,0,100.504301660868
9,8,3,6,5.665721719010219,820,Sugarcane,115,40,13.389101228964762,5,9.168204847447784
5,12,5,4,9.506941292153808,562,Sugarcane,160,99,12.582341587372808,6,23.337927545168665
8,5,1,2,11.91389462218167,339,Rice,118,86,8.83893656557551,6,71.62271517832693
16,29,5,4,9.32305009456793,120,Wheat,123,45,15.374744386284878,4,53.439305459003165
31,14,4,6,4.550191462645701,547,Cotton,165,44,10.399902077606363,0,18.089715538755183
46,14,3,5,8.707394797561523,896,Maize,85,98,15.385316808721662,1,57.93374953267825
27,6,4,6,5.438741997449894,428,Rice,56,83,16.65290785690903,3,15.66414488305845
29,10,1,5,4.244022219354523,547,Sugarcane,178,72,13.363738253896738,3,64.55945250165115
25,39,5,6,6.679685578441713,704,Maize,107,69,15.063764386093888,3,63.1173024647686
56,37,4,3,6.128832664432526,354,Rice,69,48,8.36937786072455,0,71.77536294218069
28,39,1,4,10.310167190526034,261,Rice,100,38,8.367481170560852,4,413.87083828436306
29,1,2,4,6.989444328624804,402,Wheat,50,77,9.97162288929847,2,12.94900861067407
49,38,4,2,9.863670243081572,863,Wheat,116,33,11.583832914997659,1,100.4865469670145
59,9,2,3,4.129911935594651,876,Cotton,99,34,9.827838452303848,0,35.53655156939632
50,16,2,2,4.118497067467128,287,Cotton,84,82,14.349602695447233,1,52.80513764524809
36,6,1,4,4.234507660380457,723,Maize,108,20,10.768876169308403,0,37.40930501521287
59,39,3,2,5.754867534260644,129,Cotton,126,95,16.4575102538728,3,93.2770656985679
36,38,5,5,6.991902280228493,884,Rice,146,83,13.606037992529497,1,63.96475304578674
9,3,1,3,8.862766424934836,535,Rice,62,30,11.780795332935698,2,26.005629192983026
40,34,4,6,11.887311086615782,414,Rice,71,66,16.930781664846016,3,110.37488046639623
50,35,5,5,6.835276536114661,986,Rice,105,28,16.28363061477723,3,56.894545858058606
46,30,3,6,4.44527125405733,487,Wheat,182,73,16.200351462044363,6,53.05462750946001
53,24,1,2,5.559201293326789,779,Rice,130,46,15.28351249006212,2,149.23579485476535
46,12,3,4,11.182814670518898,579,Rice,64,20,14.142143365702506,2,54.328052752802044
43,17,4,5,9.595033521181671,707,Rice,158,29,11.668233991971325,3,48.26620265849373
20,20,1,3,10.321606592308479,234,Sugarcane,91,32,12.22600426536557,2,210.2291801860015
37,0,4,6,4.993345645382341,137,Maize,186,48,14.47123993034619,5,4.330225217082573
53,35,5,5,5.079895909660063,387,Maize,173,24,9.728713326130928,3,44.7838756735403
25,7,5,4,4.897968060359168,168,Rice,120,94,16.278146214452562,4,9.142914383610695
13,20,3,3,10.8573533144762,845,Rice,187,72,17.38670220402894,6,75.7246491901265
10,20,3,3,5.679740869548835,166,Maize,190,58,8.979886061415453,0,41.74418102077757
55,26,5,6,9.145213963037772,667,Cotton,193,71,8.224556810558024,5,60.37127912883619
49,18,2,5,8.129330929466072,887,Sugarcane,121,65,9.427001745921865,4,89.75045711491414
39,22,5,5,8.355119294990828,291,Sugarcane,109,58,15.599026052722543,0,46.56502127285714
43,34,1,3,5.563482867130146,219,Cotton,80,61,9.078265590567357,0,203.27640030390378
26,39,4,2,9.081968747631915,500,Rice,104,67,11.722495556205715,4,92.77175735808497
45,4,5,3,4.344804275666649,499,Maize,181,50,8.631236159436256,6,12.069971564822358
58,7,5,4,11.94777821006103,622,Sugarcane,151,90,12.325571690540732,6,31.01872654718297
9,10,4,5,4.214071251941832,757,Cotton,139,94,14.038590686315528,0,13.930306605082885
46,15,4,6,4.401252325726897,113,Cotton,155,44,14.28509600174914,0,24.18092610455621
27,38,1,5,6.597179359133451,645,Wheat,108,23,13.189153459444274,5,257.4873192864232
21,23,4,3,10.653002846156307,815,Cotton,90,47,17.38107910963896,5,66.31793810453941
16,20,3,4,6.057513694213943,697,Wheat,76,99,13.311365305165246,3,47.010885930614705
27,22,5,2,7.7754801103306255,568,Wheat,128,21,16.59238022951518,0,36.53132004314179
20,37,4,5,4.1438186494095435,992,Sugarcane,198,45,17.930257448812657,6,43.415297779388965
7,7,1,3,4.631034531869154,253,Rice,161,91,10.297453981642256,6,38.357415406352985
34,6,4,3,8.863728388325658,269,Rice,140,62,10.655354165494474,2,24.103657267688583
26,1,5,3,5.554867755595429,778,Cotton,162,57,13.218695334368043,6,1.0
13,29,2,4,9.554036504156203,485,Maize,188,40,9.823783825920234,0,135.49471616044306
33,12,4,3,10.283129400137417,796,Maize,136,69,13.641250684577262,6,43.10018969427675
51,22,3,3,10.802673595778266,405,Wheat,163,36,14.843899068462942,1,92.45716662243832
41,28,5,3,5.070394703994581,724,Cotton,71,49,8.603975490135882,3,34.903257920227794
27,37,1,5,7.6440683922554,755,Cotton,72,62,14.813949027455816,3,296.0762062652793
17,36,5,3,11.576651599230765,417,Rice,114,57,9.594668594312745,6,80.75382044544111
36,19,2,4,10.176668339554462,453,Maize,108,78,10.99318607522646,0,110.62180106459206
50,32,1,5,4.935683054769187,310,Sugarcane,138,78,15.388098214959697,1,181.5068259692006
56,28,2,3,8.020001960147155,994,Cotton,163,63,9.63589995981851,5,137.06477668490325
51,14,2,2,11.379044654710711,802,Cotton,162,95,13.31683048113518,1,100.64496143606706
52,22,3,4,7.520310444185487,897,Rice,77,50,13.891753062147126,3,73.30794722894602
27,2,4,2,10.69934087072775,793,Sugarcane,50,56,9.643578731633738,4,8.985349638287389
49,36,3,4,7.966749769508458,554,Sugarcane,78,66,10.747814456667754,6,114.09085029263505
21,28,3,2,4.8544934179660295,766,Sugarcane,197,90,14.064639217343286,1,54.385425042467844
59,7,3,3,5.182839408476059,953,Sugarcane,95,90,12.611985075811237,0,32.887571800078824
44,21,1,2,4.373406022465438,291,Maize,126,54,14.599813341345502,6,107.90779188075622
25,28,4,2,5.562517924604516,692,Wheat,189,45,16.547168810269675,5,39.430384217126424
6,1,4,4,11.148912798963472,434,Sugarcane,185,75,9.350340239437863,2,1.0950786033483606
41,0,1,3,9.201584367546054,943,Wheat,192,62,8.706327139948487,4,17.298499340214214
10,19,3,4,9.910855479063288,997,Wheat,88,38,14.667265688371202,0,60.70062821529514
48,20,3,3,8.973291667146622,660,Rice,151,41,15.706436470194115,0,73.92826271595746
22,36,2,6,7.092314337106782,915,Sugarcane,129,76,12.493069886164783,5,133.8401057495702
34,7,2,5,5.734889062368013,666,Maize,198,84,11.93909469687832,4,31.435723344555296
26,26,5,5,11.404916672078645,947,Rice,159,53,13.967718571219901,6,63.4498279178767
58,34,2,4,8.118638252464173,166,Rice,57,69,13.514539522664453,5,160.39094410971725
37,5,4,3,7.848799049663515,726,Wheat,91,51,12.901706911184498,2,22.63509259453545
34,18,1,2,11.968832708748366,211,Cotton,128,72,16.187051282375123,4,229.57573821360302
21,17,3,5,7.071439907107813,770,Maize,127,70,9.735004600317854,3,50.05330612230852
47,0,5,4,10.833002519137914,206,Sugarcane,197,39,14.812089115503849,0,6.873714916478644
36,24,2,4,10.89875248253485,125,Sugarcane,145,77,15.413397394581756,3,150.5240959211121
46,26,5,4,5.8613616828623645,721,Maize,110,64,17.013020104973855,3,37.74363951217638
55,6,1,3,4.758717538801297,165,Sugarcane,188,69,17.451002025813438,3,49.4621815073115
18,28,1,4,11.804960925726913,513,Cotton,81,27,13.078656283332059,2,333.9785313348744
14,30,5,6,7.4071749130845355,816,Cotton,181,40,12.336400161772396,5,44.83869899268803
51,35,5,2,4.017762576081564,712,Sugarcane,182,37,13.039085640145723,0,39.12024941978286
55,18,5,4,7.992142670631669,599,Rice,125,34,15.325792627606937,3,43.38476669281905
40,5,3,3,8.954402909979603,817,Sugarcane,88,29,8.171713687746797,3,28.231026051207035
38,24,4,2,10.208705979584273,100,Sugarcane,72,82,9.741439354524044,3,72.37981238086677
13,30,2,2,11.543536945789109,835,Maize,193,39,17.076663211942027,1,173.9048067352969
46,8,2,5,11.321365031563705,681,Cotton,99,81,9.954346802907393,0,68.50824142484981
32,19,2,4,11.521086560438949,761,Rice,188,71,10.284833576390934,3,124.35854750217067
15,9,5,4,4.257001186075782,558,Maize,121,49,17.39464336759154,2,7.881915357225375
18,36,5,3,9.694193070643742,468,Maize,97,22,10.9428032370576,6,65.64386079201577
43,26,5,6,5.806863702445493,826,Rice,83,20,10.904427409168923,1,32.72527633311031
59,12,3,6,5.500421497645232,921,Rice,198,29,17.237088448905958,1,37.330562556910564
51,1,3,5,10.402548548794002,241,Maize,112,68,11.750819940234555,5,21.396573091570072
58,20,3,6,7.337037513383039,113,Sugarcane,151,84,12.93942019403545,4,72.01752043704748
23,32,3,3,11.332800606258687,567,Rice,66,52,13.604073437094627,2,131.13344816507032
58,23,1,5,4.339480726365653,810,Wheat,83,54,16.682824779995023,4,121.27691861466519
19,33,3,4,10.417446635897306,630,Rice,154,56,8.775714276923804,1,118.8461966944324
32,8,3,6,5.094675290260765,509,Maize,116,70,10.608562351955065,4,30.20808701032668
28,1,3,3,5.412617612519876,926,Wheat,73,73,13.870080964688112,5,11.58226157792242
12,29,2,3,7.818813724195992,249,Maize,199,82,12.346127754908224,4,116.39924359205284
47,21,2,4,7.164719526982396,873,Cotton,59,65,10.782807436221121,4,89.89682457004935
13,10,2,3,7.889378449029368,930,Cotton,54,65,12.096422593579844,3,41.97790255508456
51,16,4,5,11.520212176248442,432,Sugarcane,80,69,17.662426353098503,1,60.25253169873854
37,35,1,5,9.259111484508585,173,Rice,60,26,8.21032565064955,4,342.4109571037732
37,12,5,2,6.322475054736005,537,Maize,100,80,9.469745027093015,5,26.980095636277493
23,6,3,4,5.38326969854276,482,Wheat,97,31,8.186551675903623,2,17.446131805160988
7,15,2,3,7.360370201047469,450,Rice,127,93,13.933966589257713,3,63.852310122292714
14,32,1,6,7.613128218141901,365,Sugarcane,181,57,8.129368752380728,1,256.94384828543474
44,0,3,5,8.81035527919613,904,Maize,185,58,12.540159759797415,1,16.077178853965282
51,10,4,4,6.128021628318144,756,Maize,56,40,16.591962118691058,6,29.23151112888261
46,5,5,4,10.140073976774534,744,Cotton,168,42,8.972049896767533,0,17.554092023376338
5,19,3,5,4.787681963835053,504,Sugarcane,81,63,11.65174055493091,1,26.563861336461837
33,34,5,2,8.483626908805235,985,Maize,135,63,11.779979211376109,4,58.03458641238069
54,36,3,4,8.98825322595289,522,Cotton,71,40,11.622542638904875,0,119.47044014527837
38,25,4,3,5.654652648521163,759,Cotton,164,80,15.274620450150863,1,53.64882306740214
55,11,1,6,10.60809080399697,178,Wheat,78,99,8.044095989617777,3,138.23942394011178
17,29,5,6,8.92345700166142,408,Sugarcane,135,43,15.799650742627435,1,54.36419479673528
58,27,5,5,9.165777717183783,826,Sugarcane,170,50,16.390413358916874,5,63.06857854938656
5,26,1,4,7.981948046107508,132,Maize,102,24,12.31463564204601,5,212.02482502811108
38,18,5,6,11.276753737410708,989,Wheat,121,84,16.871569957556424,6,51.4941906525734
33,4,2,4,9.551420651900996,527,Rice,134,56,11.810390133754765,3,26.810130274438883
52,4,1,5,7.0546845191661,805,Maize,64,51,14.947227819548313,1,50.88073717485625
51,26,4,2,5.90884710227269,789,Cotton,176,85,11.888248802458433,6,58.37346316575265
17,27,3,6,4.568493398587898,899,Rice,167,53,8.37843421020775,1,47.89703587716678
52,25,3,3,5.322886697442876,434,Rice,117,48,8.834263729949068,4,61.31527491779079
53,26,1,5,11.941463616669278,554,Maize,118,24,12.420494157400949,1,328.1352016627703
57,20,2,2,7.254135167933121,812,Wheat,149,49,17.900960932220453,4,89.7180017612856
33,0,4,3,11.189497818219253,511,Sugarcane,96,64,9.77556858643632,6,10.326435790432178
43,27,3,3,5.364554855082115,569,Wheat,190,37,16.955819569674983,0,59.564907606167225
28,14,3,6,7.402886970726797,614,Maize,191,97,17.193941871802643,6,44.80561114393181
30,16,2,4,11.68414773626759,664,Sugarcane,58,56,12.096488185018334,1,105.75514585544305
21,25,5,5,4.729058011354399,869,Rice,61,30,12.618254874466245,5,25.482988422978696
11,19,1,3,8.751874270500021,220,Cotton,141,23,13.028204423299762,4,170.41104355237076
17,24,2,6,11.353375205570416,249,Wheat,62,65,15.704068482898476,3,144.78434510379458
9,12,2,2,11.597466983634005,252,Sugarcane,70,22,9.237243672710154,0,69.07646823694103
30,32,2,3,10.768059816894205,828,Wheat,87,72,11.286372680777369,0,184.07932705680014
53,24,2,2,10.847475458881195,746,Sugarcane,101,43,9.707023381777814,3,144.59432439088516
7,7,5,5,9.217463632939724,355,Cotton,75,27,16.784141511391496,0,4.7729347188683064
11,4,4,6,5.76338486475994,673,Maize,71,99,8.70518075437704,3,7.885229333736184
53,5,2,2,9.845428355879358,898,Maize,121,25,15.477041522008886,2,39.73203971114145
43,22,2,4,11.827075715669785,162,Sugarcane,86,92,12.397411656508556,6,150.69840375802724
57,29,1,2,8.207468117382486,392,Sugarcane,169,37,15.146041466836628,4,257.33517204532654
5,13,3,2,6.085578872615209,167,Maize,135,95,16.898952577685655,1,34.25217837763655
53,22,5,6,8.587768542119981,324,Rice,126,25,11.396623145690974,0,46.139513380691604
21,10,2,6,9.524882849924932,946,Rice,63,58,10.27001396865025,6,57.56438523076719
47,30,4,3,5.666242475395305,748,Rice,67,20,14.502185943659832,2,52.5197951487809
29,5,4,2,9.753514780875381,553,Cotton,146,34,17.975258322238084,3,16.062705512411718
7,10,4,2,8.699462871075134,657,Sugarcane,184,33,15.295084169289083,1,13.133619904099461
19,12,1,6,8.898799273184418,706,Wheat,172,96,15.95622407960299,3,121.28212366768089
33,11,4,4,6.447903437918673,389,Wheat,104,65,14.298572294208322,3,23.532941027191146
57,1,1,6,5.242134480889609,975,Sugarcane,83,60,11.681834563409758,6,25.122128115637032
47,34,5,4,8.987599162445257,346,Maize,176,25,14.546442858887769,3,72.87712489530347
36,35,4,6,8.689863913220574,415,Sugarcane,94,39,9.28550231242846,0,84.2935114177092
30,16,3,5,6.704097501710439,391,Rice,52,87,12.888180399251045,2,45.72472872353213
20,27,2,2,6.367149340367098,579,Rice,125,59,13.730582308334123,0,95.34111845035513
29,27,5,4,6.7779556932982725,313,Wheat,149,38,17.06749987016456,1,38.611794021559966
58,21,3,5,7.919066707990561,867,Sugarcane,102,93,17.19719331078297,2,73.55789007592824
32,37,5,4,11.798557880889291,659,Wheat,72,88,8.601245096802916,1,93.81700144831997
13,6,4,3,10.10851697620965,704,Maize,114,21,14.318811285292703,0,15.353434611802273
5,14,5,3,10.813917913323907,617,Cotton,160,63,15.963907450592506,5,28.713743217950203
33,31,5,2,8.045196551228248,292,Cotton,128,72,13.364484428155862,4,53.19952248223995
26,10,5,5,8.208988894230217,714,Maize,141,25,8.956701565046526,4,18.068912396357614
20,23,1,5,5.634597291496221,533,Rice,189,62,10.327293134636811,6,138.88612895973932
45,2,3,3,9.768366690408627,173,Rice,50,38,11.136439710695507,6,16.933408965492205
55,29,4,2,7.372672046325089,173,Rice,60,37,14.62799410362232,2,68.61624865173434
48,5,2,3,9.93957487054169,724,Wheat,100,49,8.655784912664108,4,42.546387962558974
55,1,4,5,7.272443050501003,763,Wheat,162,90,13.496201169756079,3,19.735233096849225
58,13,4,4,4.868137497711265,362,Cotton,94,36,9.08934473089314,4,30.8602645892043
45,17,1,5,5.384429502287068,185,Rice,148,72,11.951197878904207,4,109.84117237355937
11,30,1,2,10.492560624597466,157,Rice,121,87,12.255562834690625,3,323.0773621807634
18,12,5,5,6.068931916471461,760,Maize,80,83,12.518378535246548,3,12.03587885408828
33,25,4,6,6.1148353805365545,825,Cotton,134,22,15.10869371903248,1,45.01740684175198
23,11,3,5,11.43494472001865,516,Wheat,116,44,8.81196417646128,0,50.13468627767099
23,17,1,6,9.261084982934797,911,Cotton,90,49,10.682423206757626,2,170.89871752739896
6,8,1,3,4.9144604310748505,380,Rice,141,55,14.411297736666652,3,42.197342772283776
45,20,3,6,5.148682161055474,706,Rice,179,97,17.43565556619328,2,51.218962645590835
49,39,1,5,6.178939461762235,307,Wheat,121,60,14.207974955034462,1,255.33088361505756
19,23,3,5,8.751965502613062,983,Wheat,114,42,16.83366112606938,6,72.60743448563423
7,33,2,5,10.022603759245381,242,Cotton,198,69,17.684059175293896,4,170.0916020053058
15,7,3,2,6.195971547625576,512,Sugarcane,192,35,16.83904323683862,0,16.3911209529124
57,32,2,3,10.965136299319717,694,Rice,185,95,17.722068753704118,6,203.75184376140047
50,22,5,6,4.873441431073188,151,Rice,153,91,15.770414402971596,6,36.14879918271783
34,12,5,4,5.660793344345437,116,Sugarcane,135,49,16.871563799455572,0,23.27867986235417
44,13,1,6,11.76371936914302,829,Cotton,69,79,12.914515398629263,3,173.4431365283378
22,13,3,5,5.077958909229261,839,Maize,126,80,11.454390632580886,4,31.722077617413223
55,15,1,4,11.104890461790486,903,Maize,139,25,17.997106298144672,0,179.2613732667688
52,37,3,4,9.631480603232763,518,Rice,88,58,8.977599040063815,6,131.8598463545069
6,38,1,6,4.584696725133654,523,Maize,184,24,17.58198642801197,2,172.92272321576334
36,25,5,6,7.869654631199551,300,Cotton,137,22,12.30874300051066,4,43.23127003977796
12,25,5,6,8.151834825158451,517,Maize,138,93,8.223833113672653,6,37.12221814450031
26,0,1,6,11.457117051326701,541,Wheat,100,49,16.030164299227874,5,16.887157961360074
10,31,3,3,7.36883674461735,601,Cotton,146,99,12.442166875356442,6,83.922214310664
16,14,4,2,7.574108923714207,181,Sugarcane,78,30,15.986861333835975,3,22.357207002207286
51,20,3,2,4.899870038291026,739,Rice,112,22,8.448164704654626,2,43.377713259330584
44,17,1,6,9.1133805075013,179,Cotton,82,34,17.741465017941913,0,173.86129385214707
40,29,3,2,5.687175807112773,288,Maize,94,63,14.710379547672568,2,67.14428145789996
19,12,2,6,4.620266065789655,579,Cotton,55,73,8.479961812489439,4,34.739513192416396
32,23,3,6,11.975352000566353,255,Sugarcane,86,20,8.046467762400274,6,98.4559820281455
56,29,5,6,6.157037023702442,927,Cotton,51,32,13.940015794594682,2,45.348301991088185
53,1,5,3,5.128425321030432,259,Sugarcane,155,82,17.764992988602614,6,15.96271470476452
49,18,2,5,9.59592299677741,853,Sugarcane,106,75,13.239994895533131,3,103.25060162097336
22,24,3,2,10.573457247375215,925,Cotton,141,58,11.538943809175665,0,91.23020243112778
6,13,4,2,4.512619945010774,693,Rice,145,58,17.389259355340037,2,15.07323390651872
17,5,3,3,4.843146459758296,143,Rice,166,86,17.839536123938018,2,17.572501851852817
49,11,5,3,4.721390588656367,261,Maize,140,49,15.844848062690378,1,22.797389441086633
58,19,5,6,4.3756744265800895,832,Cotton,199,60,15.179147539496814,4,26.594679961262408
19,22,1,6,9.27565182907427,760,Cotton,128,30,8.02063702395149,3,207.7032487669139
24,29,5,5,8.706505517914913,735,Wheat,87,89,11.136826529872774,0,53.9547846932352
33,29,1,2,9.302453252479463,609,Rice,86,95,17.251762448958075,6,293.63220047248933
46,37,5,3,8.04533730619345,612,Sugarcane,149,99,11.681358078438777,2,69.81236819434295
33,29,5,5,10.540061483244653,794,Wheat,87,41,11.345795701257353,1,67.15965287859426
7,29,4,2,8.373346419988604,307,Cotton,120,57,13.371806562155163,4,58.0809538073621
23,35,1,5,11.349975478396999,196,Wheat,80,31,12.477863613965177,3,404.9451238692188
7,33,1,5,7.8851882600319465,120,Rice,93,55,16.587978789329092,1,265.8593894139157
58,15,5,6,10.325269289692791,454,Cotton,143,69,8.816960686422235,4,38.6800326578746
18,23,1,5,7.258882829469073,604,Rice,63,36,14.587493528112187,5,178.07230138923853
44,13,5,6,7.481791158211543,503,Wheat,147,51,14.97190187161264,6,29.857748893439336
59,25,5,2,10.791936361903335,322,Maize,101,64,16.801127624996187,0,68.95594596193473
8,7,3,2,4.861278682861307,499,Sugarcane,136,56,12.157844044467193,3,15.924055972422
56,13,1,6,8.519342039865665,561,Sugarcane,182,86,10.950053436194985,0,130.62416341889391
15,30,2,4,9.810691742230285,659,Maize,91,44,14.26560862367645,6,148.6459467435074
35,1,1,5,10.003364923336429,131,Maize,143,68,15.249250698700585,4,25.31662657499063
47,3,1,2,8.731948217359804,588,Maize,56,62,9.709792766425574,2,45.879108415355226
36,0,4,5,7.584515873276111,387,Rice,67,38,9.581636246990154,2,1.7411280478925102
31,19,2,4,6.086259550934062,536,Cotton,93,99,10.636031403719434,5,76.99782433430853
34,13,2,5,11.275409882832978,479,Maize,147,45,10.47917320758804,2,87.15953426662196
47,39,4,4,6.958303580170603,536,Rice,112,34,15.506541067935286,0,74.97131278240634
6,24,4,3,10.391936708266766,229,Wheat,144,72,13.307025975215673,0,65.3777897183235
53,24,1,4,4.25332490370109,540,Wheat,181,39,13.477908533707268,0,119.23647946560848
13,2,3,2,5.857353717492873,592,Maize,192,24,8.147021659472248,2,2.7663252934261298
32,4,4,6,6.764678343072981,889,Wheat,51,83,17.9425752438112,6,16.567659765157543
35,37,2,6,9.372592506481634,344,Maize,173,67,16.297900775005576,4,182.506072872621
38,25,2,5,6.554646457295128,151,Wheat,72,59,12.436644958707415,5,96.63868610406377
19,39,1,3,4.330910406554457,820,Wheat,140,43,8.668822192399055,2,179.10329970938534
52,37,3,5,5.3909401284321286,963,Cotton,75,89,14.942879819603275,4,86.69528492655877
29,37,5,4,6.073322818954608,329,Cotton,190,31,13.35046143347018,4,51.0773912183929
40,3,4,6,5.408379839486552,564,Wheat,165,23,14.775389051692532,4,7.661785262772318
12,6,4,4,5.629796481129067,285,Cotton,59,62,14.775774805729256,3,11.932443928070485
13,29,1,6,10.151655525386836,261,Maize,139,96,9.547343634851053,0,312.24639818088195
41,29,3,6,7.296269151603681,298,Sugarcane,181,71,11.288098516924123,4,88.64854742641978
52,18,2,6,7.241433957343402,500,Maize,131,40,8.177600507324783,4,84.57207208793571
49,38,2,2,11.73285069327589,571,Cotton,148,88,17.82262823614746,4,244.1750651198251
43,34,5,4,7.573614703553602,555,Rice,160,32,16.064654928435026,5,57.930663504635405
36,39,2,5,11.42126506025916,890,Wheat,57,21,17.28808558872614,0,232.30689263699685
56,32,4,3,6.3925047857334425,644,Cotton,160,25,8.441306371911141,3,62.72277656990584
21,32,5,5,7.205010079233385,512,Cotton,62,42,13.003469960736595,0,49.00540850575264
39,13,3,4,7.170266848539697,630,Cotton,135,93,15.474337507131937,2,48.95739494047552
41,37,5,3,8.368630658517155,220,Maize,85,55,9.037047481921228,0,65.89255267518156
23,9,3,5,8.673978326831618,168,Wheat,143,29,15.77086956245169,0,27.188443605399822
48,27,2,3,5.985000232338151,392,Sugarcane,112,46,14.475022725211918,5,92.98669773150954
33,13,1,4,10.34867400333695,826,Cotton,158,26,17.849553029516244,1,143.68700830359623
11,35,5,6,7.97220763741434,734,Rice,117,69,9.408657975132765,5,55.7955039695021
32,37,5,4,4.05634842815046,509,Wheat,190,40,14.292772883111791,1,34.35951205030323
13,15,4,2,8.730725066533441,379,Sugarcane,183,65,17.471343622843946,3,36.62564804477178
32,20,4,3,10.384475532233091,665,Rice,195,20,15.436694141058263,0,57.929678496051224
10,27,3,4,6.0037339025236625,632,Sugarcane,167,74,11.361479755851787,1,59.04121055997514
33,32,1,6,4.302968074895408,708,Sugarcane,57,72,9.192508334491896,0,152.38884962696008
21,5,4,6,10.45742924520578,957,Wheat,110,40,17.63766500759033,4,12.860684317462347
20,14,4,4,11.810213727773018,749,Maize,197,51,8.719037169815902,1,42.84902516218156
27,2,2,5,4.612508917319219,653,Rice,105,33,17.751684567221115,1,10.523441696719715
35,34,2,4,11.50429445860577,857,Cotton,171,58,11.035116996275141,1,210.19730389302305
7,13,4,6,6.874195295808496,518,Sugarcane,145,61,16.603111096018463,0,24.179119559480686
25,1,3,4,11.5315168687047,127,Rice,179,44,13.543117789544578,4,10.441227644939305
30,28,1,2,9.190714592019575,495,Wheat,154,48,17.125905294245523,6,270.73633712936515
40,3,4,5,11.121954499587307,669,Rice,172,51,12.266189316158005,0,16.88086702013964
46,25,3,4,10.286664200411307,738,Cotton,71,30,16.498039646390254,1,94.81862512526196
41,11,3,6,4.223981942565015,527,Cotton,90,47,10.383850759296951,4,21.394767953261294
57,1,4,4,4.523540018600431,874,Wheat,158,88,12.66741519143931,5,17.702712665583107
26,16,3,4,8.205956840948353,243,Rice,187,44,16.46302454571318,1,45.3112669390773
46,34,5,3,5.036952158759301,192,Maize,94,71,9.183616736873082,5,45.84523545498562
16,9,3,4,7.688273913257212,134,Maize,54,60,15.286342924359754,3,24.816078929620794
46,21,4,2,11.637042388515741,703,Sugarcane,61,70,12.36871828510117,6,73.29351688378271
17,20,3,6,6.358058300435874,874,Sugarcane,81,26,13.132149585758302,4,43.36978980110121
15,14,4,3,7.911301710525927,569,Rice,169,52,13.790319219912615,3,22.70677365925551
58,34,2,4,7.074077040544555,625,Sugarcane,67,61,10.756600889133335,2,133.93443976741543
20,20,4,5,9.038615713985987,414,Cotton,113,76,8.96371899390832,1,52.656142299185895
12,20,3,2,5.550759445212471,583,Wheat,136,30,8.186593525236779,6,37.81132140187356
44,20,4,2,6.079514321074266,929,Sugarcane,178,89,12.309221037370023,6,48.6406008863044
44,31,1,2,10.870142810912082,813,Maize,166,86,10.688707321340729,2,358.2902807735455
49,4,4,3,10.490689790882707,475,Cotton,131,49,14.329300788879381,0,20.501198983046248
6,38,4,4,10.313517510965124,933,Maize,143,42,15.159378779246001,3,89.84217745039993
34,8,1,2,10.167356874543168,889,Sugarcane,194,70,13.037447458548145,5,98.91773170778293
34,17,1,4,7.675499947692632,755,Sugarcane,77,24,14.189613172047004,2,145.3676113980339
16,20,1,5,9.831126180257666,966,Cotton,71,69,13.607461260463575,2,200.3081602313295
14,7,5,4,7.097638542976942,587,Maize,95,63,8.045780511142878,1,10.852520976136828
48,33,4,4,4.805676641515841,595,Wheat,87,34,16.417019238181688,4,48.79716444628578
15,9,1,4,7.146997133191139,475,Wheat,81,21,8.595625269689796,1,62.36685615029913
19,23,1,6,5.269304353823447,590,Cotton,104,43,12.103404230676158,1,125.38234586085858
20,39,2,3,7.126813445060077,398,Sugarcane,138,73,9.110185027714731,0,149.38831154294866
21,23,5,4,6.379401722903093,452,Cotton,161,29,14.623139455772643,3,32.94934344465466
30,31,4,2,8.793285336543399,453,Maize,186,54,11.255877642752552,5,74.84738061101032
6,32,3,6,6.892323323987387,983,Wheat,86,60,8.711521739089628,6,75.49565146782366
54,37,5,4,9.644717307033428,580,Sugarcane,114,66,8.453528180328778,0,83.87032624403923
16,33,5,6,8.097173448381195,503,Maize,142,49,10.371417509240125,5,55.03601262604084
55,10,2,3,11.355938228123199,493,Wheat,128,57,14.672647563087203,4,73.55172848190374
30,30,4,6,4.728203482803096,502,Wheat,109,45,15.18221498175289,2,41.661871942548935
27,17,4,2,9.501673509130658,856,Rice,134,39,9.28430416096062,6,49.191888249483156
22,22,1,4,9.379175020560318,590,Sugarcane,112,55,9.39112213700966,3,213.18706313246207
36,21,1,2,11.605012379301606,623,Cotton,125,83,13.932269409544677,0,261.21870043186544
53,17,5,5,6.97241493634922,493,Rice,75,62,17.572663460354534,0,35.10480698754377
42,39,2,6,6.443503757697298,682,Wheat,94,59,13.529110627819684,4,139.0087200085745
51,38,4,6,5.379147553709252,795,Sugarcane,144,37,15.117421272806844,6,60.75520565362252
7,19,2,6,6.122308122842349,203,Sugarcane,84,41,13.754159621053727,2,60.043819442882516
42,12,3,3,8.015126182041108,110,Rice,127,96,9.048357811161306,6,47.776044288442186
7,0,4,2,10.701703695679818,819,Maize,168,98,17.46464010689174,2,2.2244279916485983
34,3,1,5,6.27429282784513,324,Maize,56,35,8.719849355983982,3,32.13964806557893
5,23,5,3,5.261936933259125,416,Cotton,102,22,15.598701428556318,3,16.84699180848361
34,35,2,3,6.17702776859335,993,Sugarcane,90,88,17.793522282584338,1,121.3267690964318
49,35,1,4,4.807415800227877,521,Rice,53,46,11.189972068039037,6,183.18663721395097
36,1,5,5,11.413563330463969,372,Wheat,51,59,9.716302445150419,4,11.170796627587162
32,27,1,6,10.980993216177978,153,Maize,84,23,13.661743551242171,3,301.95147286170294
25,25,4,6,6.467933735881219,272,Rice,154,62,15.950665641623068,4,46.781431073939956
50,22,2,4,5.975902527454936,346,Cotton,190,71,17.49475049584843,5,85.18585773152404
17,14,3,6,11.243178512519325,764,Cotton,164,71,14.936742541712748,5,51.51886887136932
31,35,1,2,4.014175610567648,717,Sugarcane,164,85,11.358731152380754,3,153.86841188781833
40,26,2,6,8.804620223930772,258,Cotton,56,81,12.943461578411025,5,133.42718283986935
11,5,4,2,11.328030087565363,205,Cotton,173,82,15.612005858842195,4,23.781158796891425
26,34,1,4,8.068459911250823,804,Maize,88,70,15.879324236677416,5,284.8352195165464
14,38,4,4,4.023735676797071,394,Maize,160,83,8.744372489696538,1,40.03276268172347
43,37,3,2,5.7509714350812455,375,Cotton,140,75,14.137396606971928,0,83.1668677862592
57,34,3,6,11.379532751135471,684,Sugarcane,98,30,17.67370052107765,0,144.8334760741524
19,35,5,4,4.136179393438634,142,Maize,180,54,15.852567008339028,2,30.322165007533716
19,9,5,4,7.158238128505611,983,Maize,66,30,8.073227858491862,1,12.171495091179462
8,29,5,2,10.317957810663826,293,Cotton,175,52,10.24941570108863,0,59.841258967690514
36,37,4,4,10.704727949480027,740,Sugarcane,191,85,12.450087762640644,1,115.1960080162582
27,28,5,6,7.820863461029361,410,Cotton,54,20,15.062694681573262,3,38.11599684169175
59,38,2,4,5.85987001386282,719,Wheat,132,52,13.552467126748015,2,132.1837029182254
10,3,4,2,8.797637741489272,202,Wheat,100,96,8.773278582054294,5,14.661354142574822
28,4,4,6,6.110224252458412,744,Sugarcane,171,46,15.382685828883456,5,12.916963377368345
24,3,5,5,6.042114063967331,349,Wheat,66,84,16.38713681879691,6,8.11560019308308
41,35,5,2,10.460798107176105,495,Sugarcane,175,64,10.057578257730093,1,85.5640722775265
24,15,4,5,5.234126682372905,881,Wheat,110,63,8.674236331108396,6,23.813869108895137
16,24,3,4,4.044171827215926,714,Rice,140,59,15.90957520381636,3,37.734948954975536
37,13,3,6,6.694201736046793,395,Maize,80,64,14.404463543909259,6,37.02075098164628
32,10,5,4,7.9277916399602395,337,Cotton,64,21,16.03504025896654,3,17.030535963862143
12,28,3,6,9.64064313516259,719,Sugarcane,153,60,13.66596760147151,2,97.37124205188148
5,33,2,3,10.248922060834309,748,Wheat,89,71,12.285378933083749,5,176.9363260866374
41,21,2,4,9.30815368906904,909,Rice,114,36,17.63077712905349,5,111.31208197623309
26,13,2,4,9.012071042535414,388,Wheat,69,69,15.799597553213575,4,76.66193125482718
10,23,4,4,9.325989778555481,636,Rice,114,60,12.119162462490301,5,57.233761747561545
25,38,4,2,6.172212140648792,729,Cotton,81,24,17.075180863727667,5,59.18729830343766
36,25,4,6,7.0588905837165425,841,Maize,199,71,17.93499246168067,2,54.96449214720631
39,35,4,6,8.931492007996516,945,Maize,111,67,11.08236514235391,6,89.1086804913515
19,38,4,6,4.524565282831783,355,Rice,60,32,16.924767888982075,5,41.92206944392511
9,15,5,2,6.362602800542845,620,Wheat,87,74,8.45397474021106,5,19.331674205820523
50,37,3,6,7.2513515580612244,218,Maize,114,53,10.14349002576018,3,104.20549457530878
54,31,5,4,8.267525462831488,218,Wheat,87,74,9.609122726525387,1,67.83280529574628
52,5,3,5,7.891856858887689,190,Sugarcane,62,63,11.565935802578384,0,32.900384481383455
10,33,5,3,9.745055025231949,271,Wheat,73,60,13.626225780576194,0,59.53781002256671
29,7,2,6,7.787413403331689,822,Sugarcane,85,21,15.199798483344162,6,35.37708582656214
50,29,1,2,11.23303987059991,925,Sugarcane,197,95,17.028037971671427,3,349.0472160188521
44,26,4,2,7.042546737219339,215,Maize,92,75,9.585476331718782,1,61.990320981112106
33,6,1,6,8.202973649409252,899,Sugarcane,158,32,13.782835149154906,2,58.54997043067408
11,26,1,5,4.025683116816214,633,Wheat,148,67,13.546933276690332,0,111.77854415488959
44,24,2,6,6.483823651569515,448,Cotton,92,59,12.58473865320115,3,93.71703816298614
17,14,1,2,10.932583818511938,666,Wheat,133,79,14.94582647324399,4,164.97268977921982
42,24,1,3,6.668611156770333,575,Rice,153,56,13.133611119236766,0,178.39245741350425
22,21,2,5,6.025490666659696,544,Rice,164,40,13.50191397959383,6,73.14819706659594
6,17,3,6,8.348295699537772,207,Wheat,95,37,17.03330998373833,0,46.16467870320533
12,11,5,3,4.62984078753658,688,Rice,111,96,16.602722106475497,5,10.69886612899336
15,22,1,6,8.252841053203195,672,Cotton,163,74,13.773340008670017,6,188.63090035606177
37,38,4,5,6.4293263859375065,221,Rice,154,99,9.562096565758612,3,78.23996166720013
58,24,2,2,7.0648231189951005,703,Maize,78,82,17.58701488944178,4,103.42524322021114
42,9,1,5,10.330920034697158,934,Cotton,64,79,14.226999319575272,6,114.4754256140669
52,29,3,4,9.295712148912948,321,Maize,171,65,16.074746247067793,6,99.68350060890101
31,9,3,6,7.568848744990743,558,Maize,150,35,8.55021775335631,6,31.384659311897483
24,33,4,3,8.620130504679516,741,Cotton,68,63,16.96825378171316,3,76.28952269741379
16,12,1,3,10.134870042561833,597,Maize,169,31,14.934955324101818,0,129.90769682162653
47,28,4,5,9.966269961569505,469,Rice,130,83,14.854248897535637,3,83.46353052357165
35,37,3,5,5.482573684409427,859,Wheat,145,47,9.101123523714104,0,76.48114619690357
31,8,3,5,6.407353775993638,220,Cotton,77,74,15.128632848925474,1,28.404398815346518
36,12,5,3,6.785895447728202,300,Wheat,192,47,8.766372481205975,5,18.409717630436976
14,36,3,2,5.5003383200400355,260,Cotton,102,57,8.558259585645434,5,70.33679718959458
7,13,2,3,4.097291632050434,861,Cotton,91,74,11.253479315017994,5,32.32396305492821
49,36,5,2,5.3917381503104975,317,Maize,122,33,8.231696346445117,3,51.814178075603095
31,8,4,5,10.465954616651898,674,Wheat,140,50,9.596252259435305,5,29.90608872515904
39,7,3,4,8.36736361113977,499,Rice,68,82,15.261267426327823,2,35.826154853694526
35,38,2,3,6.733264215897447,828,Wheat,126,65,16.34925470243106,3,141.64713458565782
19,39,5,5,8.866755565035717,484,Cotton,179,95,9.795214212435104,1,76.85805935385136
20,2,2,3,9.918673002774334,952,Rice,195,94,16.23297541503827,0,16.53881801756755
17,39,5,5,6.835422264166901,163,Maize,185,23,12.805300956288185,6,53.44717962672467
53,32,5,3,7.728598732279796,311,Rice,186,39,17.578946456326182,1,56.84623426987286
39,31,5,6,4.513705733360925,731,Rice,165,91,9.39308953842073,1,34.97505612388358
56,6,4,3,8.776724289699834,168,Wheat,198,43,8.53564782288953,6,25.919460025502868
15,18,5,6,6.851256764417477,223,Cotton,141,57,16.45079905769624,3,26.576208826056664
25,33,5,2,7.468189180806301,476,Cotton,93,92,11.619855453389643,2,64.12835811708453
55,13,2,3,7.380804943575398,756,Cotton,109,43,12.571701922042894,2,58.70370483910232
58,18,5,2,9.059274309940342,395,Sugarcane,120,88,13.117940058121317,3,47.05317360524773
15,25,4,4,8.579722791635847,457,Maize,166,67,16.251667279860975,2,57.21890644412416
34,16,2,6,7.376848382212544,740,Wheat,175,64,8.76000380757336,5,69.91455414987622
52,27,5,3,4.1356401719258296,624,Cotton,190,96,13.511242670892074,6,45.3072135833746
57,18,2,2,8.967700917051033,885,Rice,94,40,12.30568239184625,2,99.38110930261433
39,26,4,5,11.036619792274617,167,Sugarcane,51,92,11.402803070974526,5,84.05861705139264
26,18,2,2,10.156412572751181,978,Maize,111,85,11.481312206427578,2,99.973513317066
42,32,4,3,11.852925058000658,369,Cotton,96,72,17.303407545857887,4,104.8114993552719
35,6,3,4,5.112602704165707,232,Sugarcane,51,84,10.681125223033266,5,25.32027755451639
18,28,5,6,5.78016042230283,161,Maize,86,27,12.546191651091846,1,28.689468477421077
28,4,4,5,8.314139721775833,260,Rice,129,53,12.928023477389644,6,16.0865832459232
54,29,5,2,5.887053618750452,125,Sugarcane,168,29,15.198637814939232,5,44.87439990147719
53,7,4,3,4.276398250253519,858,Wheat,135,20,13.18986558849172,5,18.46808335033453
36,11,1,3,7.218306209311569,800,Maize,112,54,14.21232739024435,5,95.34275362939778
40,12,1,6,6.30115787323186,385,Sugarcane,105,74,11.988308556446647,0,95.32565940149532
36,25,1,5,6.110086765271062,545,Sugarcane,112,45,15.186166367614364,5,165.78597783981886
59,17,4,2,11.625382536193989,929,Maize,57,87,12.658518007252411,4,67.08450434184951
19,19,5,2,5.907632930123596,948,Sugarcane,166,24,10.227131140429352,0,20.19648801336075
47,15,1,2,5.0354605694991825,831,Sugarcane,139,98,16.16930218474727,3,93.22196761193119
39,36,5,6,5.002554063262809,937,Maize,153,86,15.654521708606334,5,50.05551698809382
7,2,4,6,10.450592587908233,348,Rice,72,38,14.274901457030749,5,1.0
20,26,5,5,9.718784596213922,190,Wheat,193,62,13.21947213259796,6,47.141425297223954
9,14,5,2,5.035889564536498,135,Maize,134,58,10.084961066796012,4,17.921445879575742
25,33,1,2,5.75802495088629,106,Cotton,177,46,16.683540832050603,1,203.1680254192743
14,21,2,5,9.978744067548242,605,Sugarcane,153,41,8.971923407823457,5,108.6926345458674
23,39,3,5,6.196931182676913,420,Wheat,142,68,11.831837686265374,0,92.76516395669594
29,22,4,5,11.852336601258816,301,Wheat,86,77,16.525609321215697,4,72.1429110927181
8,3,4,3,8.32456053296727,944,Maize,195,78,13.955667881100341,3,11.700188956618641
33,22,4,5,5.536063763280706,652,Cotton,108,98,12.386198784179443,5,41.24746806073767
23,8,3,4,10.870467636101864,643,Cotton,178,59,15.913608035062156,0,37.433205578730195
47,23,2,6,6.555804367177881,753,Rice,196,34,17.895140432597877,1,89.04093785307649
6,20,5,5,6.310458840515023,355,Cotton,190,51,9.88813394616134,1,17.427493422095765
14,15,4,3,6.619529867611988,260,Maize,82,77,8.50733001890797,0,26.742511125900993
47,24,5,4,10.145577985784302,129,Wheat,71,75,12.629880390912195,5,59.15968913831307
29,25,1,3,5.385703597727585,556,Wheat,164,71,10.873961109950553,1,149.23395769922718
24,8,1,3,7.054286242087504,361,Cotton,121,96,14.667515373082686,0,71.31332777128388
52,14,1,3,4.2466621822752835,109,Sugarcane,99,99,12.942583587165775,6,77.77651928665983
23,38,4,3,10.613012938796862,814,Rice,115,47,12.990029524122338,3,101.95599065472817
27,32,3,2,6.725750130456042,458,Cotton,132,43,11.549820289819115,5,81.96179869533107
28,0,4,6,5.985383358466995,375,Maize,73,56,10.106730491359647,5,5.115393932179218
15,4,1,2,8.639145939003994,956,Rice,118,81,10.134543080324281,0,40.99386809271358
50,8,1,4,9.639935070011003,223,Cotton,57,24,11.869702400899243,0,95.59137938491324
38,5,4,2,10.503168297463546,729,Rice,197,63,14.818357808696211,0,22.205451237738615
59,27,3,4,6.782279563992543,367,Sugarcane,148,69,11.371491688412267,0,82.35071985114081
32,25,3,5,10.498406801192557,377,Maize,115,20,11.260171191666176,4,90.9973281690438
9,27,5,4,7.7190480029716655,175,Cotton,108,83,12.250005821231193,6,40.22287500840672
9,39,2,2,4.809138140361799,625,Wheat,96,96,17.908614549886156,6,99.41339136415553
55,14,1,2,10.770459861726234,717,Maize,179,91,8.912356406495023,1,174.76075791211204
25,5,3,4,8.381078256836915,275,Sugarcane,165,20,10.946524835110928,1,23.571733643989113
16,26,1,2,8.819756575579085,793,Sugarcane,75,34,10.920021029420736,2,234.24796875325887
54,37,2,4,11.499930157557884,135,Wheat,197,93,17.745007783023063,6,234.85164269232303
8,3,1,3,8.473211879514043,666,Maize,142,20,12.071780000184361,4,34.00074966082312
58,10,3,6,4.044668245423912,369,Cotton,171,97,13.669719345040551,1,34.73259072035619
53,20,5,4,10.964926728024821,101,Wheat,53,71,9.981309607549903,4,53.62034914634321
46,29,4,3,6.27800864258768,355,Cotton,114,60,8.127083396877875,0,57.092828229523505
24,17,4,3,8.01413536627203,613,Rice,191,82,11.392694151825843,0,42.20679878781216
42,34,3,3,5.639092820491362,672,Cotton,84,65,14.390330619554312,1,73.90305463364639
29,2,3,3,6.375868547639787,462,Rice,166,40,14.915404775151675,3,9.632289421214766
18,11,2,4,9.49319078453627,206,Cotton,134,84,15.53875832324232,1,59.62126737417235
15,26,1,2,7.4365868083033115,233,Rice,101,71,16.606636441415677,3,209.1912630270884
36,29,2,3,9.017045044651097,508,Maize,72,50,9.156230423497707,0,138.6139102279278
15,20,4,5,10.588605530503607,550,Sugarcane,159,90,8.827926122213938,5,56.58956347225955
22,37,1,3,6.726576177490761,634,Maize,69,55,15.876854032788554,2,254.3925564203303
31,20,2,2,8.546720306608329,684,Wheat,139,43,12.357513390325497,0,92.75320268078454
59,37,4,2,10.220703146985091,450,Maize,76,57,17.471167266716655,4,109.18243246787806
58,39,1,6,9.720985542154997,127,Maize,181,87,17.434847064519317,0,405.09713207428115
22,14,5,6,8.318747487854807,636,Sugarcane,75,21,9.416521057230081,0,24.34689675229791
27,17,5,3,7.067068085818841,966,Maize,157,85,14.912247671428148,4,29.158211368798497
15,28,2,3,7.26001584986414,164,Wheat,89,76,8.671073125902712,6,110.92436399663353
25,37,3,6,7.465081695970125,293,Maize,156,82,12.034100244232539,0,95.58130179023718
48,20,1,3,6.790764231569215,306,Maize,133,90,16.41710043807598,5,157.8549283384105
9,16,2,5,9.592605079117583,398,Maize,137,60,12.60959522521403,1,79.80217890457192
27,17,3,4,5.003322018174638,139,Maize,122,26,8.336134332846523,6,32.480383793224206
45,36,3,6,11.739632965738213,563,Sugarcane,131,76,10.40328643687987,0,159.21872650706743
29,37,1,6,10.231884015772321,122,Sugarcane,155,64,8.863704431405512,6,390.8407838773103
45,11,1,2,6.385304417334191,788,Wheat,143,27,12.082352918396374,6,86.44054906296273
58,10,3,3,4.340380554165085,875,Wheat,52,22,14.966990490094966,5,22.343043738557427
14,19,4,6,9.69042537903141,227,Wheat,78,51,14.603574060829771,4,47.804301473854736
26,8,2,6,9.874872359758665,362,Maize,56,87,15.18939994779564,0,57.03475489608704
23,0,1,5,11.708980884220612,888,Cotton,92,29,11.838160082216083,4,6.622411212421227
5,2,3,3,6.02964446060132,134,Maize,55,37,10.652795989007792,6,1.0
11,20,4,4,4.6618007216337904,586,Cotton,192,72,8.569323173746032,3,28.09105186235702
8,22,5,5,11.32107806174746,200,Wheat,128,95,17.41575360323995,4,53.82124185107817
5,8,3,4,6.069192276902202,836,Maize,89,30,9.182802726598158,6,16.206499563981254
19,18,4,2,9.772251578591055,840,Wheat,172,51,9.782441611445144,2,40.68023300411509
44,18,5,6,4.485277102621423,710,Sugarcane,70,25,8.250008010642615,1,19.85430670996454
16,22,4,5,10.084678439809336,181,Wheat,107,57,11.171682237612433,0,55.62107303284121
26,26,1,4,5.016207177097123,416,Maize,158,74,16.18846970114224,6,143.03076384122215
26,26,3,3,9.564690784332829,429,Sugarcane,145,47,11.322467322028755,1,86.0146242705707
54,38,5,2,8.258744382827238,295,Sugarcane,81,45,14.659827268385074,5,75.34966525034277
51,35,4,2,11.643905043738084,513,Cotton,61,91,17.65544576474994,0,119.37621730032194
21,11,5,6,4.295341144618744,976,Rice,186,93,16.92530598746476,5,21.22020122798092
33,26,2,6,6.336389966400465,608,Sugarcane,69,41,9.79972149503288,5,94.18721530339013
50,33,3,4,4.55607133867395,580,Rice,192,25,11.59207337177476,3,59.12182781247829
18,32,1,4,11.033581081917752,167,Wheat,185,55,15.511404981119561,6,360.02194079179543
54,27,5,2,8.751209229288861,492,Wheat,70,30,17.776586616414612,1,59.98388463841543
24,30,4,4,8.27975689886319,372,Sugarcane,94,53,15.159349387558933,6,60.35322776202915
54,31,5,6,5.051663136930478,398,Cotton,170,22,10.522125205254854,0,36.146374572792624
52,19,4,2,7.912258058504407,970,Wheat,89,69,9.328227064264334,3,53.63752902671077
37,39,5,2,7.189629241406523,955,Rice,143,55,12.951596860700787,2,64.83108288976463
59,34,1,3,6.526014945112186,970,Sugarcane,144,74,9.929513576879158,6,244.75457032337974
47,30,1,3,10.177511643988755,240,Sugarcane,55,49,10.276147971412904,5,321.3394270460117
19,30,3,4,4.490208318667558,284,Cotton,60,81,14.344318010928014,0,51.16585297292915
16,37,1,4,9.173485818897614,765,Sugarcane,113,72,13.148353527227018,3,347.3003138053361
44,21,5,6,10.583944249617694,288,Maize,171,69,9.206932745509928,5,53.90266249919095
58,8,5,6,11.258458262882595,673,Rice,185,51,9.53678111099248,2,36.01408789126368
24,8,1,3,9.96733275804328,118,Maize,104,28,8.194343936246579,2,80.45756315851222
34,14,2,2,6.259645430865724,180,Maize,175,35,10.19659883871688,2,50.53187174670943
42,12,5,5,8.804059684189628,597,Rice,88,57,16.873131603557958,0,34.580953512227055
7,21,3,5,5.131228887314842,641,Sugarcane,104,38,15.930333462197702,3,38.692996732058916
32,15,2,4,4.936484989958208,738,Sugarcane,125,55,12.147819013591164,0,44.026135050407156
30,31,1,5,9.108993137108117,317,Maize,180,30,15.419341010623459,4,291.7841663319428
34,1,4,5,10.808861236673621,624,Rice,129,98,12.069692610711119,5,17.06439140876844
17,25,5,3,4.537985005596951,788,Wheat,177,82,15.921040395479697,1,29.099700610391494
17,13,4,2,4.84802985706639,437,Rice,65,62,9.819459755132184,3,16.105672348116048
6,37,3,6,8.524858459434856,220,Maize,54,93,9.525173597230733,5,108.11285575596895
41,33,2,3,5.745694888154722,568,Rice,89,52,8.779406063142975,5,105.28578876795032
53,7,4,6,8.894544982221182,471,Rice,116,68,10.418063427128999,3,29.486472830757503
42,35,3,3,5.716350602042719,581,Wheat,180,70,9.463162321624065,0,81.66529999156215
6,20,4,3,4.9318557944484755,278,Cotton,73,69,15.986413729946095,4,29.12506948709432
40,27,4,5,8.36459985731862,210,Cotton,78,43,10.399716901442284,3,60.59179460368203
58,5,3,6,10.897561104260951,108,Wheat,175,40,13.162076078032655,6,36.59713120469509
30,19,5,3,9.48097577720424,321,Rice,82,45,15.561971522025896,4,40.07491999395713
15,30,4,5,10.549801100287716,896,Maize,129,38,14.770744506818343,1,78.69830163838617
12,32,3,4,6.130681395120386,960,Wheat,146,86,10.045895735186818,3,78.88815586786541
48,6,4,6,11.087829210376206,721,Cotton,79,96,8.770718466893742,5,37.728483583719495
44,7,5,3,7.016313396610165,747,Cotton,110,85,17.117616414134883,5,16.067664142947443
47,8,3,4,10.819581342855948,207,Wheat,56,60,14.219937387535403,4,48.121946270729126
26,1,4,5,7.769404721189809,436,Rice,183,83,15.065637002795114,4,10.086424489285248
24,16,1,3,6.14286117888397,303,Sugarcane,192,52,11.860140462039604,4,104.65053435641727
12,36,5,5,6.082070648214343,626,Maize,145,51,10.416068564291853,4,46.247138759607836
33,16,4,5,8.541343074917222,552,Sugarcane,115,44,13.306174654855432,5,44.372782428563696
44,37,2,5,4.6320821616547665,773,Maize,134,79,8.778818677494442,0,103.03372417298428
30,34,3,6,11.440449556708069,294,Sugarcane,66,22,15.999764436375195,6,136.194746605131
34,38,4,4,6.171707965588285,360,Sugarcane,68,70,14.545050314505321,3,68.22353436972122
21,29,5,4,6.684998542766842,965,Maize,63,26,15.616339904476618,6,37.38581864887889
24,5,5,2,5.866412429929862,108,Maize,98,80,13.692608853799307,0,15.99045063260488
56,3,2,3,4.024063684485771,315,Cotton,100,44,13.779091433592171,6,22.474678472076423
59,36,2,5,9.540401894470381,872,Rice,83,95,14.003756601365929,4,198.9708960658314
20,34,4,3,8.724423208273787,212,Rice,133,27,15.841590637729471,2,76.53944877736417
50,8,1,4,10.477156321576924,728,Cotton,198,44,10.253854068755375,3,97.49836835828417
47,5,5,4,4.328086187607844,439,Sugarcane,116,82,14.815321115939756,0,16.190225292619637
11,12,1,5,11.429245157866562,146,Maize,107,51,13.527056626815586,4,143.41629898682214
20,21,1,6,6.6470955204829245,929,Wheat,127,51,12.951077525183468,4,147.04502730158978
49,27,4,5,11.30455890004635,912,Sugarcane,198,72,13.409065537247928,3,88.79386294639117
51,29,3,5,4.857051856540316,588,Rice,76,44,10.722001304798308,1,62.64074306811102
52,35,3,2,9.951364651757128,421,Maize,186,45,8.370806384833065,6,132.7864646997173
31,1,3,6,8.634865851458613,890,Cotton,64,27,15.591639607454837,6,10.777793653482547
57,35,2,3,6.865529722020672,197,Sugarcane,64,88,17.161735234263904,3,142.54763063802048
27,7,5,6,4.633139167464154,544,Wheat,81,21,12.807625804959589,0,5.533347901486199
28,8,2,5,8.837892078773924,192,Sugarcane,89,38,16.379018045319594,1,42.44957808381937
13,0,5,5,4.211519064591305,910,Cotton,125,86,13.552564334719005,3,3.258823145797108
39,12,5,5,8.010256793168061,351,Wheat,140,95,17.303022216548126,5,32.53793024608087
55,14,5,5,8.833668606349239,262,Sugarcane,51,89,13.084175200707602,3,45.03770816010896
24,31,4,5,9.860189978300177,257,Cotton,71,27,10.048527154145955,3,79.49384305111136
41,33,3,6,11.930677073798767,678,Sugarcane,185,78,16.701151131449787,5,147.39759868958959
46,30,2,5,6.080749708062119,237,Maize,85,24,16.00271793318201,5,98.67083051280257
21,13,2,4,6.5791185709878,483,Sugarcane,150,96,11.9801073478768,2,49.38636014151236
51,13,4,4,6.729162774471936,411,Cotton,130,50,16.41911545260105,5,32.17099375549593
35,28,5,2,9.85266169487068,389,Rice,170,32,8.090504727212892,6,60.50555761694133
59,18,3,3,11.45455414604891,164,Cotton,184,20,15.997472018548702,3,80.84613051912241
12,26,1,4,11.79458999665247,873,Sugarcane,178,65,14.880401627092247,0,308.0916398854255
19,8,1,2,11.566490932465033,297,Maize,132,23,11.796780997618201,4,97.96778617367353
35,36,4,6,11.035064061721947,782,Rice,58,39,15.915858279214586,0,110.81304927041187
57,36,3,3,11.927818990565047,627,Cotton,108,51,9.266618792824973,3,162.8778537516444
34,27,1,5,7.007565814675975,802,Rice,114,97,10.033194200686896,1,202.69587527708106
50,23,1,5,11.586570559989651,636,Maize,198,22,13.335800311354685,2,281.6150996931287
24,27,2,6,10.088159699167292,349,Wheat,175,71,16.810262876896598,2,145.3041731345314
43,35,3,3,5.347678876223826,638,Rice,197,30,9.30105031305111,5,71.54081751232842
57,17,1,4,4.363721503017619,781,Cotton,177,28,13.642686778665409,2,93.4747374800407
59,24,2,3,5.715871662962578,216,Maize,82,76,15.531317010578773,5,89.1459047592443
16,34,3,2,10.23000899430101,991,Cotton,195,81,15.433534738274858,1,126.94908323919864
53,3,5,6,9.053575049807073,666,Maize,194,75,14.27961132169824,1,14.536710445433316
21,13,3,4,5.7948500587734815,585,Cotton,169,70,17.409210674737082,6,34.59707729366576
46,38,4,3,9.935371635770874,462,Maize,62,21,12.821371307292761,1,105.30066017926356
34,25,2,3,5.130577915505624,125,Sugarcane,92,96,16.802446598175745,1,79.09793114672925
33,7,5,4,10.574731150869557,883,Cotton,162,97,14.195839396798721,0,25.138224647949745
23,23,2,2,10.353287807765856,976,Maize,122,34,15.3746667884871,4,132.28616145160223
50,15,2,2,11.780607765648387,719,Wheat,114,88,12.648321851134215,1,108.24795566862021
15,19,1,3,5.202236517034545,701,Maize,89,58,9.676193397370618,5,109.53736054696564
38,14,3,5,11.252903955316803,592,Wheat,85,53,9.09095421755001,4,66.14286494992905
54,6,2,4,6.728821309774708,456,Rice,158,62,14.823304151910328,3,35.320540785407815
11,16,2,2,7.328478918362493,511,Maize,167,85,11.764761927613861,4,73.94500214285533
48,21,4,2,7.747560503094156,575,Rice,156,64,13.674828149192727,3,52.74759380142255
38,21,4,2,9.015232425620447,513,Rice,134,46,15.460493319414388,2,54.777235682228735
24,11,4,6,11.958106960944342,993,Sugarcane,141,86,15.864817078378056,3,42.617194857157955
54,17,2,5,8.799670424441866,221,Maize,89,81,13.096603286207205,6,95.57031080035449
42,14,5,2,11.413726920323258,560,Sugarcane,189,83,11.145023970631128,0,41.83454024387829
28,36,3,5,6.040225616677784,956,Sugarcane,142,21,15.758802746353165,3,78.96836192153293
14,15,2,3,7.187293294521197,528,Rice,178,47,12.153452731642709,2,54.92973393306599
36,4,1,3,8.035996235508646,342,Cotton,65,60,17.36730757612693,6,51.486063683352576
56,1,5,6,6.583215918293366,502,Rice,146,71,16.245720242591133,2,16.31851993572221
19,27,5,5,11.81493682371464,880,Rice,99,33,15.469167283854643,5,64.57012508498988
41,26,3,4,9.805468431177818,351,Wheat,92,80,10.41244132623601,4,98.21499695736976
24,30,5,6,7.831050817460481,174,Cotton,136,97,11.62762005904657,6,52.25984288822368
7,35,3,2,10.010437609678352,211,Rice,182,69,16.489807315624606,4,116.13063452909496
41,0,5,3,7.73953999266121,762,Cotton,198,32,8.231397664995654,5,7.770463504666093
44,28,3,3,4.137802618943408,881,Wheat,114,87,15.814687461018618,2,49.68166811020164
12,0,4,4,8.34554726248269,709,Cotton,144,38,12.04151558995845,3,1.0
44,7,4,6,9.001481750089614,459,Maize,131,55,15.99349076647883,5,24.913761120987438
48,15,5,5,11.849659349748492,866,Wheat,198,89,13.523918976441937,3,49.509890706305974
27,27,5,3,4.3263427860849415,267,Cotton,120,31,13.268067008923088,1,21.80867075120815
44,21,3,2,8.096775659641072,349,Sugarcane,114,92,15.015913484465404,6,76.8148108482775
15,17,3,4,4.785238053666895,931,Cotton,72,32,16.063338370152326,5,25.773713354512754
50,21,2,4,5.1919672125676835,857,Wheat,140,43,14.934547954902369,0,61.20481517534912
12,11,4,4,8.88370671174781,312,Sugarcane,179,65,12.507143058282209,3,25.513449124761323
33,18,2,2,5.852541698131978,542,Cotton,106,34,11.20836076528849,5,59.2765429918069
34,24,2,4,9.993392890360196,887,Cotton,65,65,16.45629878868014,5,131.85843131296346
14,4,1,5,8.113589540762181,945,Wheat,153,54,13.207776191307563,2,37.56530984737326
43,33,3,5,5.745703081325898,891,Sugarcane,133,37,15.834607514698519,0,74.5186469379381
32,38,1,6,7.95033342080852,145,Sugarcane,74,98,17.957174431233042,4,315.438008614352
53,9,1,6,4.007053815264966,117,Cotton,94,41,14.438875802689655,2,54.075127834385164
40,6,2,5,10.901920349262728,978,Maize,141,44,10.783461947562891,2,44.1738592083171
17,36,1,2,4.101427016446102,857,Wheat,190,43,16.65556606927836,6,152.16112159757859
36,14,3,6,4.05607913993746,449,Wheat,54,25,10.736730475778486,4,22.711705717137782
40,23,2,4,8.892031545437177,319,Rice,194,55,10.604009683587938,6,119.79782884895559
41,25,3,5,11.788167406320664,787,Sugarcane,120,29,8.739370216971604,3,103.59102940919657
30,25,5,3,10.84746787483183,497,Sugarcane,187,31,8.785626972498463,6,54.04253300210492
26,25,1,2,6.016151300715613,845,Rice,84,88,16.623213679184644,4,168.47737556260392
8,9,2,2,5.5733344891814856,760,Cotton,193,39,10.307295150960979,2,27.78145118639552
35,16,4,5,9.008897445067642,197,Cotton,101,56,9.086881815238138,6,44.82846420057185
22,13,3,3,10.581101976176619,104,Wheat,192,37,11.525879938713512,3,47.60865881407112
42,1,1,2,6.896629367200238,995,Cotton,55,60,15.13544105958214,5,22.88866639152254
28,12,3,6,7.458836722936607,258,Maize,152,31,11.396310556329343,5,41.508934791863695
27,26,3,3,4.923916109422009,186,Maize,73,88,11.092800671597722,4,56.848353028862434
26,8,5,4,5.222611370042873,842,Maize,136,92,12.880657294988346,3,12.20233686895261
6,6,3,6,8.546812760208166,219,Rice,182,83,8.212001436206963,5,20.11789338300415
35,9,5,3,4.821249165987496,542,Maize,135,49,12.910734727105407,6,6.251232995900688
59,8,5,5,5.616368998367208,271,Rice,142,36,17.900190220236336,0,22.382383831524685
15,21,5,2,5.8774161920950725,675,Wheat,84,54,15.99348600403299,6,21.39021467438366
32,22,1,6,7.551396265709043,705,Wheat,147,99,8.70491799161812,3,185.01783796513666
50,6,3,5,4.36489571298909,781,Maize,196,59,14.548224898591844,5,23.57004082389622
36,8,3,3,7.998167773543509,334,Rice,83,38,12.611122131392769,5,28.711905812884062
9,26,5,4,11.429395251152652,577,Maize,178,79,16.262485671999123,5,59.299809249196734
42,23,3,2,4.195709288952581,220,Cotton,171,66,8.985262157522492,2,44.6356595293897
14,28,3,2,9.047878921659724,596,Rice,102,21,10.327288109511485,4,81.29290380058775
44,16,5,6,10.686738921212338,711,Rice,175,89,15.91141080296623,3,48.84513226814836
50,19,4,5,6.499686740393417,521,Rice,111,61,16.491993380600142,6,44.13471352360182
28,6,4,3,5.052148360153799,234,Rice,104,79,13.2931576662535,1,19.59645554376428
39,39,5,3,4.346718300874104,414,Cotton,141,30,8.196970269711215,4,33.8089969340751
48,6,1,5,9.15122447548642,168,Maize,167,92,16.937150232045482,6,79.40130397945299
52,27,3,2,8.417875041832547,297,Wheat,60,46,11.827652260239756,4,88.27666278758365
27,18,3,5,5.834359907135981,916,Sugarcane,101,33,8.396805341880933,6,39.04220057912998
21,19,4,3,10.652938461053985,817,Sugarcane,75,78,16.18812245849655,1,59.778229359880214
5,38,5,5,9.884050817218746,110,Rice,123,27,12.180691223551543,3,72.68760932776951
59,39,1,2,6.211430279894265,968,Rice,136,94,9.89990290429137,0,271.89323345897577
35,6,5,6,10.026904182917072,229,Wheat,97,85,16.015782644195028,2,20.91390261237308
35,5,4,2,5.95995370800618,834,Sugarcane,94,24,12.577156768622183,0,11.566258708566496
46,24,4,4,9.402139694930888,209,Rice,82,49,14.078095634608475,2,71.21409926113486
59,12,3,4,4.948360328591035,126,Cotton,127,94,16.231214237197463,2,42.92617880593063
46,38,2,5,9.537915706665657,499,Sugarcane,58,99,13.224220890414957,4,201.66598114952123
57,39,1,2,5.910195351858082,419,Cotton,127,44,9.104780320694251,2,243.84830491725035
38,21,1,2,8.579754833933713,293,Wheat,154,44,17.637618253865448,4,193.0013133676793
13,16,2,3,5.37971093481506,445,Wheat,51,94,10.865405074432212,1,51.023721829062616
26,21,4,6,9.807735580543618,115,Sugarcane,169,81,17.942494315547915,6,58.59521702182421
17,33,5,2,4.4870365951444136,172,Maize,165,84,8.060245380464462,2,30.707242509177696
29,7,1,5,5.32334229442175,727,Sugarcane,63,20,12.837880582548335,1,44.77736310016635
52,17,2,3,5.473091838966692,300,Cotton,84,66,15.04934996793921,0,69.151061784326
22,23,3,3,4.330748686831988,744,Maize,113,92,17.06301934018348,6,45.81166706827804
55,1,3,5,9.960100129281965,263,Cotton,155,46,15.8033694538246,4,19.78916617228175
16,1,4,5,11.847620037919462,106,Cotton,146,57,10.556278186907207,4,6.4819621112311925
44,26,1,2,10.22718230729346,160,Cotton,58,38,10.433044079299293,3,277.84785338300605
21,13,5,2,10.885055696979165,451,Rice,92,59,11.56586665924629,2,32.086350414897915
19,38,1,3,4.048061282706217,584,Maize,59,31,9.105402007091586,3,162.30492543686816
46,11,3,3,4.942959710196746,731,Rice,82,85,14.695732453952047,6,34.44752273372219
19,31,1,6,8.472162714358898,550,Rice,186,91,17.412583425458305,3,271.6141130592719
19,27,3,3,11.82295107835334,513,Cotton,103,52,14.42104381074697,1,115.62033286245564
59,27,2,5,9.285703448385629,130,Wheat,62,32,13.333736291698195,4,141.8282496000623
43,24,2,5,6.993093549904621,659,Sugarcane,111,62,13.033492160381464,5,100.25881334570627
17,3,3,6,5.169194443851674,190,Wheat,177,40,13.926131271797093,1,10.705730730335514
21,25,5,4,5.222685555061206,617,Cotton,108,53,15.10612924862805,5,23.218405028104037
36,35,5,4,6.90202561853427,545,Sugarcane,105,49,15.949993538235368,4,58.5813777890755
13,2,1,5,9.71048157875206,384,Sugarcane,113,39,14.983211716049109,4,21.39088820132539
44,0,3,4,4.254554328199285,492,Cotton,109,55,15.05031872774741,3,12.260268066935197
24,16,4,4,10.817420731693108,695,Rice,72,26,17.517338093016818,1,49.44622178231482
30,6,5,6,11.532411485518445,981,Sugarcane,157,88,16.993433953183175,1,17.975756134762445
31,4,5,3,11.110531684246649,238,Sugarcane,110,28,16.239233184568068,5,9.99962949052447
25,18,2,3,11.304215275175144,886,Sugarcane,93,64,8.433602409601832,4,114.0857626756335
22,38,5,4,4.12271423534611,429,Sugarcane,106,37,14.688673470876072,1,35.40358767113061
17,33,5,2,11.822338527599166,232,Maize,92,66,12.549807763808214,2,75.76151722306327
20,34,5,6,6.930856919122791,714,Rice,111,20,14.175992182669535,6,41.86494822133927
13,15,3,4,10.954248946921398,425,Maize,142,97,14.86282173105824,1,61.7182061823148
16,39,3,2,5.494470965596913,706,Maize,161,91,15.146518762635335,0,81.16926696630053
48,38,2,2,7.572205941297895,629,Cotton,168,72,16.694262897795458,1,161.0246500638582
42,26,1,6,4.353315108991813,120,Rice,123,56,17.099911682352616,2,129.41072460754143
23,37,5,3,4.320607974742618,578,Wheat,188,39,14.068284132445005,5,32.254267193849955
11,24,1,5,11.546208806157106,557,Rice,153,90,16.941642353860708,1,287.82269747175184
39,25,3,2,10.484852900232312,617,Wheat,50,77,15.646217203363415,2,101.80639599073085
52,13,5,5,8.238608355310348,635,Sugarcane,98,60,10.027253885554877,0,34.699621456001466
22,13,1,5,8.203665388516303,324,Wheat,97,57,8.353118986338881,6,121.74414583350631
20,13,1,6,9.99003694780949,671,Wheat,60,63,8.098883185526434,5,141.25634758240707
59,24,4,3,6.733350252563921,895,Wheat,186,34,13.866231974728809,3,55.48748684635397
43,35,3,6,10.094954206895617,831,Sugarcane,110,54,13.215932555864967,4,132.38670602019988
8,3,2,2,7.880067039946179,429,Sugarcane,170,46,14.963685525054121,4,17.23194600591116
29,14,2,3,9.10333922329172,890,Maize,137,40,16.428282869493568,4,73.44273001284408
36,31,4,4,11.718635600825182,946,Wheat,150,59,9.644424973618484,6,104.45808225329513
44,17,1,3,7.770524460162092,657,Rice,148,63,16.564317695035335,0,143.85338463561516
17,13,4,6,7.347237277971601,467,Cotton,71,63,8.980820454060527,0,27.01739148358924
49,0,4,6,11.245993391530869,904,Maize,153,24,16.83243354504646,2,10.059419973631861
21,19,3,5,11.22064395933075,241,Wheat,120,68,16.50486443835315,0,76.31738129956132
53,9,5,4,11.939349615065407,915,Maize,79,88,14.96955802985576,3,40.47355012202354
41,9,1,3,8.406903994466473,689,Wheat,109,40,11.000292190169546,2,83.78081855966808
10,23,2,4,6.754092328212822,298,Wheat,104,27,8.934134594882991,6,78.25029130758718
23,33,2,5,5.923120505421629,726,Maize,176,85,15.780870659288137,3,103.94349147907958
17,27,4,4,4.272770855613294,135,Wheat,88,56,10.17879413959585,3,30.30225085885918
30,26,4,4,9.813828993687084,565,Wheat,186,33,12.409370829257941,6,65.67599942197036
18,39,4,3,5.867809389883574,671,Cotton,178,53,13.308590667143719,5,60.81871990568789
35,0,1,4,8.853127081805258,537,Rice,180,79,14.854423179362207,1,23.27160625495717
58,32,4,5,11.332738922915164,856,Sugarcane,188,80,12.874380722532862,4,112.08627513547322
8,3,4,2,11.601708859156215,690,Cotton,181,65,14.945332661509894,3,5.451402792841483
43,6,5,2,4.0352810718424825,980,Sugarcane,94,40,16.140382395145025,4,13.158807527741448
12,8,1,6,6.536600251010851,290,Sugarcane,197,37,15.130608877447267,2,56.058294669076716
29,15,3,2,10.699024235721815,196,Rice,133,80,10.995027084580103,4,66.84675729695448
17,4,3,3,8.291561642812283,603,Cotton,198,88,16.942861503154493,0,21.297759530876593
36,33,5,6,10.460069867857221,466,Wheat,107,53,13.505714388044069,4,79.33142959454251
42,22,2,2,10.826586262703504,915,Rice,100,73,12.6537481776738,0,139.83638808292835
42,24,3,2,7.541009759530582,987,Wheat,120,48,13.750470058045266,1,74.82240137390788
32,12,1,6,6.871863504198284,249,Wheat,193,60,12.832200002253764,1,95.59596822377037
57,23,2,3,7.643466128404204,142,Wheat,124,89,15.551099664067856,3,109.37410190201398
34,10,4,6,9.22236162099413,396,Wheat,78,77,12.20663976135047,0,29.003727061208398
7,16,1,3,6.937273223094547,418,Cotton,91,49,15.76723139293745,0,117.15915430329385
32,36,2,3,10.199906309582023,317,Sugarcane,147,52,15.601552368136568,4,195.77931399768008
7,12,3,5,11.231942349480178,818,Sugarcane,169,82,10.768704170254658,6,43.94533648301692
49,26,4,2,6.258489617269812,587,Cotton,123,53,8.95941330509878,1,56.07737857268535
58,19,4,2,11.719917153393915,245,Sugarcane,199,68,16.509580166948545,0,71.02473810259426
38,32,1,4,8.981801973802485,427,Rice,157,31,9.68919794029797,2,296.75400341717074
20,31,4,6,11.025350169757928,358,Wheat,133,41,8.311825395755323,1,88.15747784579926
26,7,2,5,4.831331482176844,665,Wheat,173,43,12.023264953295016,3,20.731397334295295
36,28,5,2,6.01199309644991,218,Wheat,51,75,10.541494287742928,3,39.91561060756134
42,39,3,4,6.568152635460738,854,Maize,185,44,10.203612121167776,5,93.76419053424917
12,18,1,5,6.422577209396106,241,Rice,163,85,9.723135917681196,1,123.11168684956692
59,5,5,3,5.374889252788255,389,Maize,90,20,15.491965647609373,0,11.960523726385883
12,38,5,2,10.945607580198658,738,Cotton,177,93,15.834227190544622,3,85.3957355646041
10,20,1,6,7.3488971303164,324,Maize,138,53,8.463895836635901,1,155.81463785743858
18,21,2,5,11.705041699734306,993,Sugarcane,188,24,13.468117537246384,4,123.58526623415665
36,9,3,4,8.667778934321177,328,Sugarcane,73,36,9.351454459323843,0,32.367292332191134
39,9,1,6,5.107157085158905,852,Rice,84,20,12.995541273002818,1,54.57121398198903
14,28,5,3,8.367237678671657,356,Maize,182,97,11.479298086998895,4,53.33838349915193
7,15,5,6,11.948361181793938,344,Maize,192,40,10.018161937439189,6,30.795473444480628
16,0,1,4,8.521373496794197,275,Wheat,155,25,17.48059702309947,2,6.480785977961671
53,16,5,3,4.014954761036501,454,Rice,63,94,17.567461767837983,6,26.873739496365182
35,29,1,4,11.464639228723353,621,Wheat,67,58,13.639705210811584,3,351.2439499060602
33,25,1,2,5.879155249025515,694,Rice,153,78,9.88050064266291,1,162.16893554029912
9,18,3,4,9.508232424551654,238,Rice,117,39,13.832659442675096,6,60.99523901680413
56,20,1,6,8.120641239643541,218,Maize,106,83,17.284992667251014,5,188.22370256439612
29,16,5,2,6.603470054727089,738,Wheat,89,43,11.77760780066969,0,23.104300992562717
45,39,4,2,6.261116189411109,710,Cotton,193,60,9.377367973574579,4,70.47236005705382
35,20,3,5,11.430078900056838,677,Wheat,161,86,14.936901845373473,1,87.95654735694617
25,39,5,6,11.295407167358697,358,Cotton,111,57,14.562689374130933,1,90.3239286968942
24,18,5,6,8.105078720430233,754,Sugarcane,72,57,8.013882415097278,4,36.26601264924571
43,6,3,3,6.067961564281114,670,Rice,132,47,16.53605587986373,5,26.72403631421824
26,16,3,4,4.818736257375982,855,Wheat,153,29,14.607470983758903,1,31.592784734121818
8,0,5,4,5.252611062872685,972,Rice,100,43,9.956985938082244,0,1.0
17,36,4,6,8.178013805924836,291,Wheat,50,81,8.032387588528003,3,76.27516130876691
49,5,2,4,6.462639684632073,959,Sugarcane,126,71,17.72300138299489,6,29.5843097240893
46,25,5,6,4.336545138079654,229,Wheat,53,90,15.546797360606778,0,33.43707356658089
54,1,3,2,7.641339082488801,257,Sugarcane,104,43,11.650512012719119,0,15.32215023240543
53,31,1,4,9.96951433971451,777,Rice,138,69,12.32788432552313,3,333.6449736697976
24,4,1,4,11.1335609276799,360,Maize,187,57,13.388605117878829,5,56.933585132650535
56,36,3,6,8.682272365464716,489,Cotton,156,88,15.186279034199528,1,123.65976674831816
17,30,3,6,9.786336990739567,744,Rice,79,37,9.72930966446335,4,103.11474223217843
21,11,2,3,6.912563766919459,623,Maize,191,91,9.957290500971771,4,53.25027027539856
58,34,3,4,7.969905433735516,231,Rice,54,68,8.482696788970891,2,108.03080889759204
40,29,1,5,9.837014852080234,507,Rice,64,36,17.857942379831083,0,298.3552220011386
37,5,4,6,9.821265818978356,252,Wheat,194,95,16.755709875379477,3,20.711398663840583
5,14,3,5,7.396210116556033,381,Sugarcane,97,72,13.529580135969052,4,41.41485786704274
19,14,2,2,8.349338732466581,666,Sugarcane,146,25,12.302736456528612,3,65.5358644226465
17,15,4,2,11.390842716407755,867,Wheat,74,85,10.374399526286489,4,46.653382956862146
21,19,2,5,9.05598083954587,737,Wheat,68,24,13.949827976834339,6,93.62339285938597
28,12,4,2,9.140597005492717,145,Rice,108,21,14.905103584094771,3,22.864094308151575
12,30,3,5,10.27696233908288,785,Sugarcane,176,81,14.891827733616815,0,107.03209215059208
54,33,1,3,4.921783170527783,398,Rice,54,24,8.064361379382646,2,179.1771102951842
31,28,4,3,8.18307433318982,120,Maize,149,50,15.020389198743041,2,64.48805476602952
49,2,5,2,11.675453890167855,866,Maize,183,82,16.66372851242774,0,20.331415195101304
27,8,2,5,6.893283137408791,264,Wheat,68,93,9.149166848962352,6,38.39615461887039
50,10,4,5,6.359409171376728,367,Sugarcane,117,95,15.553770122947578,5,34.09030107950614
12,10,2,5,8.80966372483806,200,Maize,73,37,16.232385925651265,6,49.75466859057255
12,24,1,2,5.768955396522427,760,Sugarcane,139,96,10.76169385030876,5,148.94805920667056
30,21,2,5,8.447561252189193,752,Sugarcane,196,76,15.121061918768364,1,99.91245927704414
51,8,2,6,5.245216086861125,472,Cotton,108,91,8.967548730300889,1,37.709724396899375
17,19,5,5,8.638347685583245,132,Maize,110,81,14.492121318789293,3,34.24200976595847
43,20,2,6,8.81903346916142,335,Maize,81,23,13.103293509773202,0,93.38179440014699
41,9,4,3,7.347203832098103,297,Rice,155,81,16.498521472606846,0,28.31033179771689
53,21,2,6,7.061971403509508,606,Rice,94,65,12.519676105758842,3,92.84414466249696
32,28,3,3,5.9636662272035945,846,Sugarcane,179,90,12.280958285126825,6,67.3662907494239
29,8,2,2,6.647378462668755,431,Wheat,94,40,17.337848438741517,3,33.976939583043254
20,4,3,3,7.986767737530907,544,Rice,72,79,17.342667512206297,4,18.370915769534484
59,39,2,3,5.981271208232808,585,Rice,155,64,8.357116313401058,2,137.3166710177595
6,10,2,5,10.2626757069749,219,Sugarcane,118,98,12.855650525880613,4,60.58116695499241
58,0,4,4,9.672281930606173,257,Maize,186,41,9.60957601533373,3,9.022842747031035
22,0,3,3,6.154446937167964,136,Rice,170,84,10.73706217649582,3,7.639311729006216
21,38,3,6,4.779481304812384,949,Wheat,154,25,14.661403424645691,3,58.921557401662675
34,4,5,2,4.001440311871702,243,Sugarcane,137,84,9.292878782598825,6,10.402562607456021
43,21,2,6,8.773750819051912,656,Maize,98,46,8.112704934228088,4,108.73443093984659
17,25,2,2,5.690909971629191,810,Cotton,75,29,15.271236426006723,2,75.74339621570384
36,5,4,6,4.100659760812313,849,Wheat,76,74,14.413442861982553,3,14.131398958310024
54,31,5,3,6.872682164736181,740,Maize,132,97,17.02664284386266,1,56.324669947327386
33,10,5,4,11.695987698539467,792,Sugarcane,183,53,13.42310121117728,2,27.141724556055966
50,9,4,3,9.519542461038538,127,Cotton,156,60,17.45330691535668,1,32.62655574424254
34,38,3,5,10.862109623379665,911,Wheat,136,51,14.093133612654622,1,147.88905267785742
22,33,1,6,5.1579127860858405,678,Rice,115,86,11.871503653952281,2,180.6559515795337
17,30,4,4,4.586305236955491,853,Rice,110,70,14.084637052934028,1,37.19757760129592
47,11,3,6,4.09223810807778,974,Wheat,116,99,15.491802701162893,0,31.011339737660588
25,15,5,5,11.645298320155897,343,Rice,115,58,11.475411526667045,6,34.68883241105889
34,37,4,5,6.401621882828388,778,Sugarcane,92,24,11.725249370960437,4,59.201208893983704
25,2,1,5,7.676039538726864,365,Wheat,156,77,14.299372948502963,3,28.418550508635295
52,1,2,3,7.156188988814196,150,Wheat,111,36,12.555919561270315,0,14.874240202273334
59,4,4,3,9.843655483142875,208,Rice,62,42,13.269732061474896,3,23.443864413103775
21,10,1,4,6.479719055621945,497,Wheat,132,65,17.820816324818175,6,78.46455459080975
44,24,1,5,8.283623060912412,434,Cotton,73,26,8.437749323448367,3,212.38872851549854
23,34,4,3,11.96465811964374,233,Wheat,167,81,14.479003730188804,0,107.94530799149145
56,34,3,2,7.55250841075389,778,Rice,146,26,17.2288546535864,3,94.2666106539379
19,21,4,2,8.410172325598044,179,Rice,126,34,10.362114065218904,6,43.13948298887558
13,36,5,3,8.020224498486701,437,Rice,144,49,10.120275943140346,2,53.74336813105832
56,21,1,4,10.425489265088258,710,Rice,57,39,11.629980609303072,4,235.73629427021365
14,10,1,6,6.1347172322686,531,Sugarcane,107,86,8.740785322522163,6,72.26205550977508
48,31,2,5,5.363504129142376,764,Rice,68,73,13.602847931819781,6,102.61614491891356
35,34,1,3,10.032745266118896,580,Cotton,79,69,14.454588782729672,6,349.30452500982733
57,30,2,4,7.324945490949234,987,Wheat,104,90,16.19886809507782,3,135.5361992712115
27,7,1,6,11.309808071813498,388,Maize,66,68,8.661760983149156,4,88.35277902739617
56,19,1,4,9.15327428634718,694,Maize,147,69,12.361849792744925,6,201.27415154448363
34,33,4,6,8.51474489369394,201,Sugarcane,175,22,15.842068364702321,5,72.9347097558576
37,3,4,2,4.563656438607017,430,Maize,86,83,15.683018637913037,1,15.608329316775368
56,17,5,6,9.843295241102384,475,Rice,104,65,8.736405592729355,3,46.94802969630459
13,3,3,2,9.488322924103667,330,Maize,165,41,8.113955896429601,1,10.125983852187552
58,19,5,5,9.120575395897237,550,Cotton,183,71,15.833277438612216,4,51.76077910534212
51,8,1,3,6.143276188565524,863,Rice,118,56,9.379776353545331,0,71.6509769130539
5,15,5,2,11.573914573395555,969,Maize,91,79,13.777895645243008,4,33.320841963852104
48,25,4,4,6.5732410162625605,420,Rice,114,86,8.942461698902562,2,53.269966780214816
39,37,1,6,5.217847654031474,523,Sugarcane,129,67,10.955111341044791,2,205.6964946940925
15,24,1,4,11.897609239480111,124,Cotton,143,49,9.580372820323975,4,296.23392692117864
38,3,5,2,9.969970232990145,668,Wheat,59,62,15.363943686562127,4,9.676625147641687
20,37,2,4,7.318295058609451,515,Rice,73,29,14.727244176315795,1,140.6687863486065
13,18,3,6,11.487331447109653,401,Cotton,70,90,9.353054805936614,1,77.40624455789796
36,13,5,3,4.728938994929578,199,Sugarcane,152,99,8.593303461371768,3,20.84166203157971
19,20,5,4,4.701289731412462,487,Sugarcane,128,21,12.663352509721925,1,18.467752805939202
16,14,3,5,9.459608149028684,218,Cotton,182,91,9.955479491609257,5,51.789303311126105
37,2,1,6,5.423776387030748,762,Maize,164,98,8.08142036903027,0,28.967524786901905
49,36,1,6,11.337116121546273,691,Cotton,71,86,10.642727412282017,0,425.12528094168687
18,15,2,5,10.722873394390966,430,Maize,185,65,10.152436769872569,5,86.53428856214744
12,13,5,2,6.4509377928094915,761,Maize,101,60,14.849592487198379,1,14.089610666281779
12,8,3,5,11.110716658154962,458,Cotton,178,23,16.608630786870407,5,31.6835128303463
31,6,5,2,4.343101496058627,225,Sugarcane,133,27,10.376389159877416,4,7.948523180379865
16,13,4,3,8.38910282189995,388,Wheat,77,29,10.230477616098309,4,24.469955628655136
5,5,5,2,11.484502189670666,652,Wheat,80,24,11.877663389224479,0,1.0
47,20,5,3,10.843063831485585,801,Cotton,102,93,9.725576339690816,6,58.79801966073093
44,14,4,3,6.84858659040796,539,Rice,94,99,17.468150400812483,4,42.0135944272791
46,7,4,5,5.462963481877079,674,Cotton,184,78,10.435265395769616,2,26.158967209620975
55,33,3,3,5.6843247072299565,816,Wheat,179,77,8.933291135472551,4,81.62803167054554
15,39,1,2,8.116063024627241,440,Cotton,112,42,13.568887963569143,0,320.1535661445748
43,0,2,4,8.774183550691792,303,Sugarcane,132,80,13.376195462534834,3,14.903606601495468
47,31,4,6,4.262514532989091,278,Wheat,90,36,14.319141723481813,6,35.87825203364974
35,4,1,6,7.3084124738791045,445,Wheat,138,47,17.667025653720266,1,42.80433896150925
21,29,3,2,10.643096925151237,932,Wheat,72,37,11.234871845364745,1,108.73563607113672
37,21,5,4,7.554631601886377,204,Sugarcane,123,71,11.595713765814605,3,37.18113422471539
36,19,3,3,5.353403127595284,412,Wheat,92,77,11.370404454113597,2,43.84995823208682
33,15,3,2,11.638882344152774,185,Rice,104,60,14.286296606464113,6,60.2690561718494
25,6,4,3,6.1302043194117335,540,Wheat,100,94,14.040690389460867,2,19.449557148437798
25,6,2,5,10.387426125072484,579,Cotton,147,98,13.28807062725503,3,47.91773170066594
44,1,4,4,5.550353330711479,427,Rice,112,20,11.643259594532648,4,8.336901186131207
27,13,5,6,7.385381833772719,350,Maize,116,92,12.276496528570519,6,24.365168519947034
10,30,4,2,7.923380318198495,581,Wheat,120,36,15.925072014256445,0,55.396176564767245
26,13,5,6,8.005082367585956,949,Maize,156,98,14.092467256571002,6,26.82201272910639
54,4,4,3,8.131790944805639,103,Maize,178,23,15.163078537829314,2,20.900988606477117
42,10,2,3,5.799580325518091,932,Sugarcane,143,65,10.767297228511433,2,42.604162524034194
41,39,1,5,8.127324175686681,283,Cotton,145,89,17.11492093334529,3,332.923828566803
49,4,2,3,7.853702031022034,792,Cotton,96,25,8.351627219430064,5,34.93147394612749
55,28,4,3,5.669755977010106,399,Maize,176,42,13.956968848273174,3,48.68250240177118
58,10,3,6,11.905532476029688,627,Sugarcane,59,20,16.123500519306937,2,49.759110474182975
12,4,1,6,10.924507142292402,705,Rice,93,92,16.662854803292248,4,51.89892321837291
45,31,3,2,11.100610808179864,890,Wheat,93,80,11.19551731167258,5,130.54800871343747
53,35,2,2,9.48456840306316,255,Rice,158,41,12.597508628304649,1,180.9192795894023
39,14,1,3,5.279176245534052,533,Wheat,53,84,8.348891600419316,1,90.38019567081257
55,18,4,4,8.544736511197991,456,Maize,113,76,15.897654138330443,1,54.334314898609186
15,21,3,2,10.57151705301909,627,Sugarcane,197,55,9.245719878617411,5,74.53416160749713
28,33,4,3,4.3098919095093,140,Sugarcane,103,44,12.280814257194407,1,41.2506609476378
53,16,5,6,7.966744826300958,748,Cotton,164,35,17.90809009995074,2,37.30523457309992
25,11,1,5,7.168983039959345,357,Cotton,79,45,17.177372396664758,2,86.74717900602735
55,24,3,6,5.696997837274429,465,Rice,120,24,11.300235649629961,1,58.999670211417346
6,16,2,6,7.026000030122542,654,Cotton,143,41,10.238806012659392,1,57.303353766457306
44,9,2,5,11.867980086955622,165,Wheat,185,33,10.516924766545666,4,67.39705306681182
23,27,2,6,9.785946610894221,963,Sugarcane,134,92,14.8478565707439,4,143.8918019204327
43,17,2,2,6.396296640119531,307,Sugarcane,158,97,15.257972780688938,5,75.74045002236441
32,17,3,6,8.842840411846637,344,Maize,120,99,10.164930797878299,4,70.75398201420526
21,31,5,5,5.973249922285438,342,Maize,89,89,10.399899599109151,0,44.19244840258167
10,13,2,3,8.886751272194191,688,Rice,172,36,11.233890828514163,6,62.806513344298345
23,15,2,3,11.169333515879455,830,Maize,82,20,12.331779783575046,6,87.1304870499747
42,17,2,3,8.455014399540419,480,Wheat,115,37,17.174708827336516,4,82.18896170515958
32,15,5,5,9.86671980362146,322,Cotton,154,94,8.265078441466446,6,39.02103797868689
6,16,1,5,7.626711989730374,964,Cotton,128,30,14.381973847256187,4,121.21051767842191
42,6,2,2,8.192991341311973,120,Rice,62,31,16.616975999061783,2,39.28636965295516
59,11,2,5,9.56060063003903,246,Cotton,145,53,15.233636001610511,1,73.62511549206542
41,33,2,3,10.499240040411177,467,Sugarcane,78,99,10.167421197956568,5,189.5705594528486
55,9,1,5,9.275611092203597,412,Cotton,117,93,12.767466543553038,4,108.90719897240264
56,4,2,4,11.819935951120744,688,Maize,187,27,17.10280578603215,4,45.5607034354845
8,20,1,6,10.558580702386262,415,Sugarcane,149,61,9.157174653624212,4,218.15644291231936
26,2,1,2,10.217281636863001,502,Maize,125,33,17.875111823612194,2,31.515834511630292
30,18,4,3,10.760812631848204,966,Maize,177,70,9.436236764062967,0,57.10885306710995
53,34,4,3,6.249687483394792,547,Rice,148,28,9.42417543530206,3,64.57241173441918
47,5,2,4,7.456377231587045,646,Rice,153,57,16.128593177815052,6,34.09512773252103
40,13,3,2,8.515703347156727,225,Sugarcane,119,48,16.283465182943164,5,53.882285549435444
17,3,4,6,7.699090547541485,934,Cotton,94,48,8.379186560292903,5,1.5743564746495782
56,17,4,2,10.779662545792638,595,Wheat,63,47,9.683054061429566,1,60.50627572950944
36,28,3,2,4.216548141433856,843,Cotton,146,95,17.485276536678732,2,53.013027231726745
21,34,5,3,5.673403337862567,698,Sugarcane,124,25,10.793452654105124,2,40.67855336087122
45,37,2,5,11.053652328014838,915,Wheat,82,21,8.12239665168893,5,219.2991604669521
40,15,5,6,4.472801101415738,799,Maize,199,72,10.540421005382505,2,24.90889356453606
59,19,5,2,5.815906428870385,144,Maize,190,50,15.354325631798991,6,32.14033127893868
50,23,1,4,6.81000264301189,430,Wheat,142,56,17.16453379180838,4,179.27629249626807
23,34,1,3,10.005924486493527,935,Maize,183,75,9.551565852279966,2,351.3475775051113
39,18,2,5,8.481445569334788,959,Cotton,155,59,10.24413819851714,3,93.48321413241327
50,3,3,5,11.636837622242648,171,Rice,92,31,12.415313041933388,2,24.683426918239352
44,32,1,3,5.823000120583788,827,Cotton,77,74,15.483023524009248,0,205.56726860779338
32,1,4,2,10.976963239909836,197,Maize,107,76,14.58697022053559,1,10.756736561684908
5,12,2,3,6.26330791799399,370,Rice,64,64,11.27533581006033,5,35.250261780668936
46,29,5,5,5.963986073012482,506,Cotton,156,44,8.663518191625364,4,48.555205003235216
22,33,2,5,7.987001584794806,543,Maize,163,61,10.529606465812115,1,141.63391992150767
52,29,1,4,4.5696360420519495,190,Cotton,139,37,10.19563396326291,5,148.562170884863
44,23,3,4,7.0744561039462655,753,Maize,75,49,8.210537630741046,1,67.8313493405582
37,32,5,5,6.845407744877949,216,Sugarcane,159,37,17.75039976541462,5,47.410319017997566
16,9,3,4,5.280812445614188,613,Wheat,144,26,10.553715313433464,6,14.606820682568268
12,17,2,4,10.886358762199285,992,Maize,178,98,16.365350472606018,5,99.93754205951916
28,18,3,4,7.087117149675066,142,Cotton,131,49,12.848616053400466,2,48.366872063956286
20,6,3,5,11.85536143610946,170,Maize,95,24,17.72290756906507,2,24.418243282485747
54,18,2,2,11.197663592302195,243,Maize,50,88,9.495531209535649,5,122.34312428341548
8,23,5,2,5.558485596559404,441,Cotton,100,52,9.106731609395577,4,26.705664036097353
42,14,3,6,8.040977378703507,857,Cotton,118,25,8.024629244902552,6,47.6904827753654
48,22,3,4,8.814433106932423,895,Rice,118,67,15.184470889866125,4,79.23227404837067
31,3,2,2,10.551684023548969,938,Maize,177,23,11.063762700564197,1,16.648148825429683
13,37,4,6,11.085141997211158,825,Sugarcane,115,32,16.703549476336498,5,102.96945694934547
51,3,3,3,8.992144169243918,206,Wheat,148,45,14.338048521470965,4,20.641765033934785
20,4,1,4,4.281073625137723,485,Maize,79,68,13.774318886867611,6,28.658082578034332
16,22,5,2,7.8502115961450345,555,Cotton,185,39,12.868915367272296,2,34.52951187692838
35,39,3,2,11.07842828949066,874,Rice,51,51,10.58173645084458,3,152.58999276044355
28,36,2,2,9.712716820354078,393,Maize,149,84,8.64688531258849,2,185.1172012933331
59,10,1,6,10.961135531275662,275,Sugarcane,152,72,12.435679785523597,6,133.49933901426064
18,10,2,3,9.392638317781659,206,Cotton,74,84,8.991196519852668,1,53.153043809206636
49,12,3,4,4.352280078519781,185,Sugarcane,196,22,17.057311320953737,6,35.128573006826144
29,13,1,2,11.744053249652886,609,Sugarcane,120,40,16.293291184033436,5,163.5176098022444
38,7,5,5,11.34414832455743,326,Wheat,153,62,14.197612894740296,2,25.16981080825757
7,24,5,4,5.012636319300986,693,Wheat,63,44,12.524396929677499,5,20.217121181843478
28,17,5,5,4.90152933474999,428,Maize,181,86,12.541954019645855,6,21.232252399967365
58,17,4,6,8.312628003816162,340,Wheat,82,54,12.6451507701058,0,55.944822321879684
46,9,2,2,10.056406676455065,101,Maize,86,42,15.454631339734643,3,55.72031912466045
13,6,3,4,7.05738569550603,350,Maize,156,32,9.2620506379622,6,15.153572600317181
30,13,1,4,5.0910573083459365,141,Cotton,79,42,13.31295782814411,3,76.61515984672022
24,14,2,2,8.084448790250836,525,Cotton,169,82,16.126666613652517,2,66.7049285552277
44,15,3,3,6.70052908975178,180,Rice,62,34,13.101258764022482,4,41.93340147803097
14,1,4,6,6.814175644410597,587,Wheat,131,98,8.137412318851908,1,6.590575682283109
23,29,3,2,9.159884294723057,361,Rice,87,45,10.44690593937852,6,95.43018296601628
7,29,2,4,11.084864793836031,494,Sugarcane,122,86,14.685846423130258,4,168.1020539519463
28,17,3,3,8.468733846845154,808,Maize,136,80,17.341995749929453,2,59.475199412168564
9,30,1,4,9.500820086637084,347,Maize,144,47,16.937480848684757,1,289.37907893869897
7,12,4,5,9.279575932169932,429,Cotton,115,53,16.227049195234017,6,29.726998509977054
31,19,1,4,8.40916954045544,907,Sugarcane,90,35,17.501641632885914,5,165.87979292732155
20,34,4,6,6.486065164665041,995,Maize,182,62,10.799178554686321,3,58.809456444040535
53,22,4,2,7.02235347928191,647,Maize,105,30,8.12397679067133,1,48.69924247916179
19,32,3,4,6.5256303879233295,714,Sugarcane,98,43,11.54374595878257,0,72.78213401578685
39,37,1,5,11.33998477185644,914,Sugarcane,145,44,13.770110019269309,2,432.8470601067274
16,34,4,5,10.612949364083544,197,Maize,104,96,11.164660001437033,2,96.05369815120949
45,35,4,2,8.634778982809767,244,Sugarcane,52,38,8.44203758545845,4,86.62556629580948
57,19,3,5,11.297947767793605,893,Wheat,185,53,13.071869915167037,5,86.48893871480556
48,2,2,2,11.091269545183824,226,Sugarcane,122,85,9.996963609866945,0,28.6370105084908
30,7,2,6,11.42155519801468,403,Rice,65,91,15.275712771394993,4,57.67285127808833
51,39,5,2,5.774190861244263,894,Rice,75,24,8.892015764466166,0,55.585976917688264
38,31,5,3,9.740024302111157,913,Maize,131,94,17.581257800601037,3,71.32400914206663
27,28,4,5,8.873795999388015,678,Maize,57,85,16.766804791098895,1,71.2335419704785
35,6,2,5,9.870645102676857,478,Cotton,152,73,16.738541507283372,3,38.87814032381635
54,1,4,4,6.107034911346298,246,Sugarcane,166,43,15.89890638753527,1,13.349713744275059
24,20,1,3,9.558472571506382,939,Rice,109,95,14.33589292459167,6,207.73905425469871
16,5,2,4,7.278628122035096,180,Cotton,61,99,8.534290393096123,4,30.720016092397067
27,27,2,2,10.672734370450403,864,Maize,170,70,14.624258884404558,0,151.85897019631778
8,35,2,6,10.362925801294185,341,Wheat,93,43,15.469272816792415,6,179.8989980252421
27,31,5,5,5.690860886871337,676,Sugarcane,146,69,9.30819915455216,1,42.338157265181465
52,8,3,6,5.470842211226424,682,Cotton,186,73,14.157560255071125,5,34.59631133266382
59,10,3,2,9.74185377027893,647,Wheat,133,36,12.788674742015747,6,49.976240156867206
52,22,5,2,8.403799157825283,166,Maize,97,54,12.724415423199988,3,54.00369435927332
5,10,5,3,8.457647285456392,694,Rice,101,49,9.994622335183271,2,17.38976999936049
58,1,5,4,10.020122587674837,781,Cotton,85,66,15.394381855960992,2,13.780899009025346
29,2,3,5,10.83976634417432,574,Cotton,154,61,17.251246609446536,2,20.043956350641977
6,10,4,5,5.911711204869734,678,Maize,197,41,15.878033162500582,4,10.29841313681129
34,34,5,6,8.444316374324401,709,Maize,153,50,11.69032222817392,3,63.73564610240183
7,14,4,3,10.631637675936616,936,Rice,61,70,17.841773105448674,1,34.49728978292104
25,10,4,2,10.98235336956002,532,Rice,184,56,11.641703059569329,3,35.733975289540474
29,30,1,3,6.299275106708133,904,Rice,91,32,10.344238631677886,3,197.49822859841862
24,27,3,5,4.8332308527801,861,Wheat,142,50,17.680846389330362,4,56.67623586335815
53,27,4,4,5.862586031022239,401,Wheat,135,33,15.898165349846519,1,51.824227423608775
56,31,3,6,11.563996112116218,819,Maize,116,58,15.612441415334619,1,136.06538521607274
26,24,3,2,7.699837699481714,923,Cotton,62,57,8.774319434070318,3,66.5386644334924
25,19,1,2,7.348590324448199,474,Wheat,167,94,9.920236062239159,3,155.9504838898368
37,27,3,2,4.104674789873681,674,Maize,152,37,8.185179615173691,5,46.85511209172111
56,24,4,4,4.408117463370809,177,Wheat,180,58,15.766491782441367,6,39.250932785212
42,10,2,5,9.34956743579779,129,Rice,145,86,10.782429612924869,5,68.83090975698059
19,18,4,5,8.718616549799972,451,Maize,180,60,9.322238254600961,5,40.95618808355641
50,27,4,3,8.60422638796323,862,Rice,84,65,9.818912036323924,2,67.25180139951961
56,0,3,3,4.882583008195772,930,Sugarcane,69,68,14.411319435840692,6,17.225296751662647
19,4,4,5,6.816489356522828,214,Cotton,154,46,12.330506907913264,3,9.163194059417757
50,9,2,2,10.498865109121184,976,Rice,125,42,17.41396389243954,0,61.688483969916895
29,33,3,4,5.399289791333098,431,Cotton,97,54,11.658916173313854,2,69.4863133926784
25,35,5,5,11.061498007859491,604,Maize,92,32,16.338743309124897,0,78.62720023887408
28,1,4,4,4.971826402791225,830,Sugarcane,130,45,13.464650115120746,3,10.419282955722872
9,17,4,6,5.353194640991905,253,Cotton,117,97,15.053474941924382,6,30.7162094701063
10,12,1,2,7.821999689229828,832,Wheat,105,54,9.686607615230418,3,102.4922416113265
53,4,5,6,11.562399235588298,634,Maize,176,60,15.489845260570066,4,23.468096747972606
47,19,5,5,6.636381425163389,468,Sugarcane,102,25,8.856553590435155,5,27.183556711590256
52,1,2,3,9.26574394846439,825,Wheat,83,91,14.91121389925204,3,27.747731409680966
48,10,5,5,8.70937004791261,759,Wheat,95,71,12.655175987219188,6,31.161741576614293
51,29,1,6,5.19698109200446,457,Sugarcane,133,72,10.285261399525464,4,175.98982790572768
27,31,2,4,5.9853352111533065,401,Rice,123,98,12.80387127471289,5,104.91664562504101
8,31,5,5,11.441222181150575,819,Sugarcane,99,27,16.556781294760597,5,63.89218785637385
31,37,2,3,5.478636989224796,770,Sugarcane,60,66,9.547191780844225,4,112.12471565299991
22,27,5,6,9.560079118040907,550,Sugarcane,164,99,9.696264167632505,1,58.169132118509154
25,9,5,5,11.717555860802435,406,Cotton,135,83,13.339972456285071,4,23.856912770910462
32,21,5,6,4.956047937618225,778,Rice,124,53,14.25254550311821,1,21.681142041942294
39,16,4,6,7.193455921498516,162,Maize,195,48,12.201997720682389,1,35.5135675196754
26,21,5,2,5.791457155541898,936,Wheat,111,54,10.66392598126517,2,23.263476300425317
44,18,4,4,5.772492139236343,375,Cotton,72,67,8.671920785783723,1,32.6168335224324
27,16,3,2,4.9518867519974465,610,Rice,153,93,8.49793128982395,5,35.7828581543219
7,23,1,6,9.196409471931727,986,Sugarcane,111,84,8.408201029747818,2,220.26308397817908
44,35,2,3,9.970748079285695,634,Cotton,123,88,17.012830333652367,2,191.77863391529945
54,31,2,3,9.41435128018445,835,Cotton,66,86,9.313571556719404,2,168.98751678726939
14,35,3,2,11.397251660953224,812,Wheat,175,33,10.951234607564512,5,129.86705162382535
29,27,5,3,5.165430469744433,486,Maize,90,65,17.85892285817873,3,35.83530427164357
56,13,1,6,6.5587629870800495,894,Rice,158,46,17.274747444956084,6,103.91835858086051
53,35,3,5,6.756582477619648,958,Rice,57,65,8.42861913402268,4,99.95027223126878
12,5,3,6,5.856656830775237,557,Rice,98,48,13.51263588008672,5,12.605277802325851
59,8,2,5,5.137639553255733,947,Sugarcane,161,20,14.334984934950338,4,36.07989368802657
15,20,4,3,7.89362780741011,507,Sugarcane,155,22,8.541141264348745,0,37.48668881218404
9,11,4,4,10.675517024379428,826,Cotton,104,45,15.281261248084856,0,29.336191341531315
49,29,5,4,11.636317804826545,876,Maize,186,40,17.87869987723581,3,79.29410590488119
57,30,5,6,5.034725057747981,485,Wheat,81,43,12.29379575585953,1,44.056767322737954
59,39,3,6,10.585257824581888,489,Wheat,136,64,12.494175472371701,5,156.49344018328628
41,3,5,3,10.596648983722199,328,Maize,145,48,14.593468847836194,0,12.944635688764931
49,30,4,4,7.111824972420536,326,Rice,106,37,15.365420553803407,5,64.24810456584322
42,26,1,4,4.880236993163633,426,Maize,149,22,15.897723341178516,5,146.1675780364912
33,24,2,6,11.920064054055185,434,Wheat,54,70,8.7757984231103,0,157.9223436432884
9,4,4,4,9.24474424423055,376,Sugarcane,168,37,16.00688888163969,5,10.880861597434858
13,5,5,6,11.857565560332644,329,Maize,161,56,16.640739522709808,2,13.276351217641132
52,4,2,2,7.869244125477268,967,Cotton,144,82,8.452272440889859,5,36.826493568656915
6,26,2,4,7.16154399949383,826,Sugarcane,112,38,8.391349981634711,5,87.11910349197335
5,7,3,5,5.9774838077636305,256,Cotton,164,42,13.508904851989904,0,10.705931899549899
44,8,5,3,11.868576014176156,112,Cotton,186,74,12.968066104491278,5,29.783677944393993
55,14,3,6,6.026058155698189,602,Maize,148,43,17.800966987584644,4,43.18192988293915
34,35,2,4,4.190102049744403,296,Cotton,75,45,10.944015016938499,2,84.88513740644659
15,6,3,4,8.099747308707823,722,Rice,83,73,13.90199979606783,3,23.88796756515448
32,31,5,6,7.016403944407323,714,Maize,130,52,13.066732536618241,3,44.46454326996642
48,7,4,5,6.091060027434116,202,Wheat,55,76,13.35733324725489,3,25.292044172942262
16,14,1,4,9.076864931849387,269,Rice,111,28,14.596683150242036,2,133.09302025692963
43,36,4,2,6.914148919182578,208,Sugarcane,144,83,13.375949906600914,0,76.9140959725748
30,18,2,3,7.218007106534983,475,Maize,124,94,8.06944552748937,0,75.6854732854647
17,38,4,6,4.1843648311523545,225,Wheat,103,78,16.437102674556844,4,44.82957425251221
12,5,3,4,8.71256742842446,846,Wheat,140,35,10.011544076355719,2,9.687389680420392
58,18,5,3,4.976568238776342,484,Maize,133,24,10.311546096175523,2,23.034825911618437
32,27,4,6,5.710438871163374,247,Rice,162,63,14.479727626551695,4,52.15966486385711
34,16,4,6,9.736942564901106,782,Wheat,133,65,12.777516554598687,0,47.253607219185255
13,18,5,6,6.505941809471288,100,Maize,179,29,13.744799602042551,0,16.955240315623804
43,30,3,5,5.3056815795070476,651,Maize,150,96,12.97498937532438,1,63.97323173643795
35,10,1,2,8.619393176499846,848,Cotton,76,77,12.178626292340038,1,101.61408387539434
25,14,4,6,5.719235959503525,106,Maize,67,89,12.833024713851898,5,33.36369106310705
51,9,2,5,6.16782571166964,262,Wheat,173,83,9.410854102330259,1,47.17273619815512
38,22,3,6,8.970714479822991,535,Cotton,60,99,17.693057809980765,1,82.67791228214601
59,2,3,6,9.918894250911318,901,Wheat,53,89,13.747517646772446,5,24.902828757047192
35,2,4,5,9.917277481564618,533,Rice,152,79,10.86816986486958,0,12.890925462735307
56,17,5,2,7.857947294966643,424,Rice,132,44,15.128402647342272,3,38.1571118745354
29,24,4,3,7.634375288075484,256,Wheat,92,30,16.80106117387893,2,48.89802614624653
16,19,4,4,10.301161473850058,213,Sugarcane,88,82,10.964676533310271,1,53.476229417831846
5,28,5,6,5.5442778009001366,211,Sugarcane,108,45,11.2451158123942,3,27.74004912689683
59,21,2,2,5.217619580227674,554,Sugarcane,128,60,12.385487054484807,1,76.585619928654
26,14,5,4,9.31756052823608,868,Wheat,133,72,10.172897717815683,4,24.92769975835265
44,38,4,6,7.276055475114043,172,Maize,130,94,16.09788376848991,6,82.21752555228426
41,9,1,4,9.679987684561446,292,Cotton,104,43,13.841766748325812,1,103.74412701423655
51,20,5,5,6.052801787705888,574,Maize,114,92,8.570445060826604,6,36.82429779568868
5,28,2,2,6.598975048534135,372,Wheat,142,91,17.967040765065498,4,103.42099103236075
5,31,5,2,11.173421193483126,835,Maize,157,26,13.749715061639593,5,65.46939114963885
46,9,5,3,7.373252214572705,972,Rice,132,92,16.899363290216876,6,23.835474830558432
58,12,3,3,8.727627757763075,193,Cotton,143,83,13.016181662784327,2,52.850441880322975
46,22,3,4,4.853457552946476,818,Wheat,86,91,13.824494988407757,1,51.3727486107278
25,22,4,5,5.43063337754207,781,Cotton,171,65,12.54475249718921,4,33.31405997788161
19,30,4,4,4.287101830581154,767,Sugarcane,124,97,12.227607334704375,2,37.94680014706469
21,3,5,6,7.394966494093333,855,Sugarcane,131,70,10.183044422657279,1,4.7172841048267165
26,2,1,2,11.911360035960191,614,Rice,103,90,17.621242515669195,5,37.98450116736347
42,20,4,4,10.990985221211728,319,Wheat,122,25,9.817712436241415,6,63.4402276701882
39,1,5,4,9.063271319524056,104,Sugarcane,140,49,13.26404278789516,6,10.083592510242049
49,3,5,2,10.88877193565973,293,Cotton,159,35,8.870968459370202,6,15.332674143243377
20,0,5,2,8.753354850819385,153,Cotton,101,76,17.933769031370897,1,1.0
12,14,5,3,6.9501510426731015,911,Rice,87,84,13.55676393204808,5,22.228250769150442
51,32,5,3,5.388371208808922,308,Sugarcane,93,80,16.145832299138863,0,46.371406729107235
21,5,3,2,9.224389934081794,687,Maize,136,36,13.62928853877624,3,19.694101591751306
21,6,2,4,5.544410211125963,829,Sugarcane,111,82,16.049852198297156,3,24.802014157829085
58,18,2,6,7.3394273376004815,596,Rice,117,26,13.344099264071637,2,79.36679836179174
30,0,5,4,10.606414737242105,729,Sugarcane,110,54,12.44974367618217,4,3.5337613290614236
17,38,4,6,5.033834420493828,554,Wheat,77,88,12.559057986505238,3,56.85176310002418
21,18,1,2,5.032171352454361,891,Rice,119,49,8.023435398465866,4,90.01540247918645
42,25,5,6,5.795219324732779,179,Maize,146,63,11.70654950784888,4,39.78492347471613
21,11,1,3,8.415338456978393,798,Cotton,80,99,17.51944055423523,3,110.12067610343695
52,21,3,2,6.013787826079304,107,Sugarcane,176,25,14.75576842783319,3,48.22527577335357
18,12,2,5,8.025583498040007,190,Cotton,187,99,17.193190029525,6,58.296623975985064
49,27,3,6,6.415860888477497,445,Rice,189,75,10.002625698133036,4,71.38191455731094
10,13,4,6,8.049937639267245,450,Cotton,56,27,12.911602486097255,4,21.78157821429106
39,21,4,5,6.221051592013842,309,Wheat,137,39,8.344819304187347,1,39.45380562687068
50,29,5,5,11.840099004868522,357,Rice,124,92,14.77052151914907,6,83.31439924237783
18,19,4,2,7.941743209135742,140,Rice,69,49,15.840162680089245,1,38.69027150428152
51,26,4,4,9.94914747286592,826,Sugarcane,169,81,15.478013912115394,4,75.19690506885908
12,37,3,5,9.604372471185641,795,Rice,114,96,8.867699929312082,3,122.08078872879817
19,33,1,6,7.9244749985148895,403,Wheat,193,45,10.475276566188304,1,269.0976162311349
58,38,2,5,5.910896493343402,340,Sugarcane,119,85,14.558273668826242,4,134.0974422572718
31,36,4,2,8.08574622330292,717,Wheat,187,80,15.589911008901476,5,80.3613239093006
17,0,4,2,9.447772989763475,633,Maize,93,80,10.742105450308634,6,1.032329845634079
53,14,3,6,7.679354164505694,964,Sugarcane,196,64,12.062410443811444,4,49.44218108390114
35,31,2,6,4.655400858901933,344,Rice,139,65,11.51266077615646,2,85.25513632796074
57,7,3,6,4.143865836464672,885,Rice,123,43,8.045649232027644,2,19.773896417925236
39,32,1,4,6.623014467742708,690,Rice,82,96,13.76513106441835,4,230.5330499998016
10,17,3,6,5.201791408746495,934,Maize,162,35,14.691127655211321,6,23.885647625019764
9,28,2,2,11.249521967407965,403,Wheat,190,35,10.764357085817402,4,156.39508779628892
26,31,2,2,5.406661360679399,989,Rice,151,85,14.87784524292789,4,99.19318120143996
53,32,4,5,7.154261712092529,634,Cotton,143,20,10.427488000052254,1,63.93290978370879
27,4,1,6,9.696620096571852,210,Rice,137,93,15.15530392000036,0,58.9249988582655
29,17,5,4,10.523373280128489,229,Sugarcane,147,44,12.571874223094163,1,38.55339201692837
38,9,4,3,7.821705225425047,461,Sugarcane,86,33,16.719348965538863,4,28.920854432663972
30,35,3,5,5.449080076867137,359,Cotton,68,26,13.447344254052469,6,62.2524346643736
51,32,3,4,6.167161788606824,765,Maize,115,40,9.846528883775562,1,83.49441987112108
9,22,2,6,7.351747581129177,630,Sugarcane,79,68,16.22011276092838,0,85.88869816958223
30,39,2,4,6.916756714604664,660,Maize,192,23,15.776785007470227,0,141.64030018381666
24,4,2,3,6.789382057357252,685,Maize,149,31,8.842281813605378,6,17.338031128699807
10,33,5,4,5.054830414053314,313,Cotton,157,41,8.480406925664155,0,29.831698734594344
10,23,5,3,11.306482017367598,152,Sugarcane,129,53,9.362910414506068,6,51.32958319388762
54,16,4,3,4.23805285134172,289,Rice,134,45,16.45315061192126,5,26.686840680227487
22,30,5,3,7.52001702300601,740,Maize,147,47,11.203825557214834,6,43.68708360852543
8,6,2,4,11.842571940024694,590,Maize,153,38,13.047514326391628,4,38.70513852053705
21,16,4,6,9.277791510592817,243,Sugarcane,167,50,14.029663993916195,6,40.28978093754971
18,27,4,2,6.843285309864666,859,Sugarcane,87,33,15.434814319009803,3,39.73150653202532
18,37,1,2,5.168780675625359,279,Cotton,185,42,16.29955314199555,3,200.7073902661719
17,21,5,4,11.710980845166088,618,Wheat,125,27,13.158655130199143,6,49.12397901162627
11,14,3,6,4.111890894985198,955,Wheat,88,57,12.157596100403257,3,17.944130997059666
48,36,3,2,9.451100564905147,902,Wheat,109,29,9.959417857776225,2,121.5279440946173
59,14,1,3,11.041099771562617,817,Maize,158,49,14.075203557284976,3,171.64047209702363
19,24,2,4,4.201283919089938,167,Cotton,105,26,13.498770593363615,4,58.9719739272501
23,20,1,4,9.801398912724009,972,Wheat,67,21,10.911603543454177,4,200.73733552864215
47,37,2,5,11.990702090037878,754,Sugarcane,172,41,12.462034799907507,2,237.1996807804484
51,1,5,5,9.117139748586794,207,Maize,153,24,15.396510254286,5,12.798443550581661
48,26,5,5,7.31743158274719,284,Maize,198,86,14.27080031069105,4,53.02658035875371
39,31,4,6,10.995205754850256,851,Sugarcane,189,92,12.817407392691434,5,97.81973836050517
21,20,4,4,8.433433971381026,250,Cotton,55,88,10.723164486277252,4,51.97370117419907
39,3,4,5,9.99552677431952,822,Cotton,147,75,14.680043190124897,6,13.46255587179223
23,18,4,4,8.702231934548038,689,Wheat,120,39,14.276579854811535,2,43.45531687293749
24,1,3,3,4.306328739903594,574,Sugarcane,176,89,12.582335559865228,6,10.677257750792924
40,25,4,5,5.70515990564278,839,Rice,110,87,10.385240476914925,5,47.43969145794303
39,33,4,4,4.630108591893997,858,Cotton,167,76,9.748765009724396,5,49.93164343335754
36,13,4,6,4.853502099065784,992,Wheat,117,40,11.393994947520742,5,26.173356026699587
52,14,2,6,4.123243948704576,201,Maize,110,36,17.087148640750712,2,46.975735305734894
48,19,4,6,7.369319832113224,825,Cotton,165,98,15.538865899962222,2,50.21426478872489
44,33,1,5,5.429213054033321,238,Rice,161,46,16.91069794433019,4,195.64513879113264
28,35,4,6,10.845572163951774,487,Maize,66,58,16.42598984917322,2,98.30729632889437
21,18,4,2,10.000300300325282,797,Maize,116,86,12.588825652052696,5,50.818061018698835
11,8,3,3,8.585415958523967,779,Sugarcane,108,89,13.304424886569864,0,29.93417242052171
47,6,4,4,7.9121707628031634,588,Sugarcane,52,88,9.695860699374318,1,27.22722623751163
54,29,2,2,6.046949124607806,157,Cotton,159,32,15.208721516003635,2,104.13625599274215
5,12,5,5,7.799611726999884,730,Rice,152,69,12.219488273892415,5,17.74920936798438
39,26,4,4,9.129834206915287,187,Sugarcane,50,29,9.61269025935845,2,64.36704059045634
36,34,4,4,10.257830881542205,221,Wheat,128,75,8.953548000851768,2,95.52846970505333
40,12,4,6,4.653456530076747,343,Maize,127,63,14.961348098547838,5,23.273522942859934
17,14,3,4,9.667717509964401,166,Wheat,181,47,12.822029731368664,5,49.7585540814879
10,8,5,4,9.941839014090283,393,Maize,53,56,8.089953923388203,2,15.166431196349235
18,22,3,3,8.471777607398852,229,Wheat,173,55,16.245156022596213,1,68.32669490706712
41,35,3,5,5.71455356562561,954,Maize,82,75,14.194622260874084,4,80.5526400414437
52,39,3,2,8.3134767000094,139,Sugarcane,60,96,8.383764023976184,3,127.15232717721221
19,2,2,6,8.021639054522483,311,Wheat,137,76,11.046848323137823,0,14.993618697215
51,33,5,3,7.805680771094369,155,Cotton,160,55,15.224056801408556,6,62.82921365069972
8,18,2,2,7.685119323737473,811,Cotton,151,20,8.590297392870841,4,72.98154932981471
44,27,2,2,4.886604530332158,390,Rice,51,62,15.362525590212183,2,77.87770306236689
20,22,5,3,5.463139878858918,916,Rice,58,28,13.048952311065253,6,23.69735451176089
32,39,2,6,4.778656707610739,718,Rice,121,86,15.828574031656476,5,110.30753812593692
20,6,5,5,5.939822621343875,806,Wheat,153,51,16.55236937718043,6,5.447284621875228
8,11,4,3,6.107814261845384,451,Maize,165,89,15.677584510721701,4,20.633898249868377
49,13,3,3,5.960606891944363,221,Rice,113,77,8.7807491518735,5,41.29529293059203
30,14,2,3,5.687432545484827,194,Sugarcane,164,71,12.60373494170852,0,48.80748633633492
32,2,5,6,9.883376363878313,527,Cotton,114,89,11.187355985940044,4,12.326075880855637
36,14,1,3,10.548523196784943,898,Cotton,70,47,13.084924167292275,4,162.1166645223648
49,23,2,3,6.616873732580559,736,Sugarcane,192,84,17.658019370452703,6,97.26222707147673
6,7,2,4,6.441031133475591,548,Cotton,65,59,9.243962024605867,5,26.620401888368292
35,4,5,4,10.752258798020064,943,Wheat,84,99,16.655983086256747,2,15.19554711078349
7,3,1,4,8.991391213326327,737,Sugarcane,72,39,17.908531326241842,5,34.568474601994026
58,13,1,4,6.34750659831246,443,Wheat,189,98,17.90021978540809,1,104.74523373553811
12,15,4,3,9.708898340692658,647,Cotton,101,29,15.966892868867692,5,31.403777583436217
28,19,2,4,6.756742481865339,828,Sugarcane,68,95,12.655804771408286,3,79.52791700640195
19,23,3,2,8.692444914737385,102,Sugarcane,147,81,9.780006207726725,6,76.8528777405907
47,5,2,5,11.941072239902411,129,Sugarcane,185,56,14.082130757274076,4,42.51316199222593
35,30,3,4,6.412755001728266,354,Cotton,164,79,14.103726742603278,1,72.9461008697235
13,5,3,6,11.444208005666665,144,Cotton,136,96,11.164345337321437,5,29.91489783475393
43,34,5,5,6.565219314277585,276,Cotton,188,86,14.168222166189505,3,48.17194778306373
49,14,2,2,8.322293634998587,321,Rice,172,71,9.165471795084,0,70.76861934533194
6,28,5,5,7.67987031679232,724,Rice,92,54,14.340084179530798,0,41.10297733223614
12,2,4,5,10.26527649875149,221,Maize,147,81,16.96722383013582,4,6.05389471016984
11,10,3,2,4.488741595855958,374,Sugarcane,118,31,12.720653138398045,3,14.497202367868892
48,2,1,4,9.016978432549312,843,Cotton,155,48,15.645629758442569,6,30.151464389144664
55,27,3,2,10.085335554790582,411,Sugarcane,83,49,14.356405659055024,0,106.70437057390579
43,9,4,6,7.777158811056954,517,Wheat,131,41,8.030641257965135,2,24.484564938541396
46,32,3,2,4.842340852302443,860,Wheat,189,72,9.219984243656468,1,67.38062368764083
20,15,5,3,5.958440107878505,428,Cotton,152,41,15.748353835997978,4,21.53262851270176
39,9,2,3,9.43737896080691,202,Rice,128,79,8.404529273067569,5,63.1027323510403
34,32,1,5,11.16349908400252,787,Maize,160,68,17.56247657129796,5,375.0442140112686
14,35,5,4,7.372868856003909,847,Rice,61,68,16.940761617912962,0,53.012228594283805
42,2,2,4,8.483296280626075,381,Sugarcane,197,26,11.623749421327965,6,20.094019167737507
22,4,1,3,5.8270802938148965,344,Rice,128,65,11.103838641542513,5,30.251655925770162
54,11,4,6,7.297706512294972,232,Cotton,180,30,14.129317867564058,1,31.881265730308037
9,12,3,2,6.694318462163932,955,Rice,129,35,14.117926219855221,2,25.354115629271803
57,23,1,2,9.244204383772189,770,Wheat,110,73,8.890331933032535,5,236.85737467774416
33,31,4,2,11.877591613400888,891,Cotton,120,76,10.153856791683054,4,100.86751527652119
43,15,2,6,10.506427615885489,440,Cotton,199,55,14.364665858691374,6,96.43571659228868
38,31,1,6,5.537316679409481,121,Cotton,122,70,16.007705106138097,4,182.48115979041037
47,36,4,2,8.621428746454136,713,Rice,66,41,9.920024966236438,0,89.65386714612592
49,35,2,2,4.531293719587213,249,Wheat,146,56,15.019322145734183,4,98.58084764659593
27,20,5,6,5.975323894741084,668,Rice,51,22,16.70475253573309,1,23.837717934012105
9,11,3,2,5.377741408483123,769,Sugarcane,56,54,9.178051428765375,3,21.34064689156013
34,20,4,6,6.6843643011157035,980,Maize,63,57,12.39103395731945,1,40.96389642442086
10,20,5,5,9.43051175235371,914,Maize,53,74,16.50555521690542,2,39.753681142406506
50,5,2,3,7.995146535334614,806,Maize,59,60,11.70626897082414,5,40.80653098866759
48,8,1,3,11.463274078633741,266,Sugarcane,94,57,10.694573266390838,4,108.63507663508936
8,0,3,6,5.701990718788069,444,Sugarcane,93,53,15.456147526081262,2,4.022051170850087
33,11,2,2,6.9136731700315215,805,Sugarcane,195,30,12.007779179836035,2,45.24547726012591
27,13,4,3,6.638820614339756,560,Wheat,60,98,15.063117421249359,4,31.701016687168305
10,5,3,4,5.887709007679439,958,Cotton,178,33,9.263912043604643,3,9.026264609146402
36,0,5,2,11.945366153009957,359,Sugarcane,102,40,13.53510901678073,1,6.019800581167471
46,21,3,6,7.0978043635444354,299,Maize,145,47,11.794608422368547,2,62.06219527234378
22,33,5,4,11.524071843996786,104,Maize,82,79,17.973050626606007,1,77.50443216612935
19,10,2,6,7.123787790823916,399,Rice,184,53,13.91391419603638,2,40.21397465520378
44,2,1,2,5.632733429925287,702,Cotton,132,84,14.821653161752538,4,32.89490401948958
36,5,3,5,4.953650645461689,635,Sugarcane,74,23,9.310351168471977,4,13.108263571185578
13,5,1,5,10.84450554540404,335,Cotton,123,75,17.919692177581176,6,60.373679901113924
41,19,1,5,4.256781123880626,846,Sugarcane,181,89,8.514044661564604,4,101.86794362006412
14,20,3,2,11.71515670671425,837,Maize,170,99,8.708366710033689,4,88.45115588068921
24,1,3,2,7.345529694284387,639,Cotton,189,29,8.757352742682047,4,3.7925288628737195
10,25,1,4,5.978994808674857,251,Cotton,133,54,16.706006448803556,1,153.284577589498
52,30,4,2,8.939569057722899,995,Sugarcane,111,29,15.285893087468477,2,78.21690369331114
7,25,4,2,5.063303934689491,345,Sugarcane,111,95,17.730529508829832,5,37.61784602940922
46,31,3,4,4.577164588530846,104,Cotton,125,82,8.66560333057588,0,61.79531251005525
15,9,1,4,10.622266815276536,112,Sugarcane,194,44,14.916756435919911,3,101.35169908906236
47,22,1,6,7.397366197002614,666,Cotton,59,93,13.33269284034712,0,181.6593983234523
21,5,2,3,8.146039296836257,564,Rice,82,51,14.391361891108994,6,32.021323503965256
36,22,1,3,5.413568071000519,385,Cotton,86,75,13.129163734963809,6,135.23746809348648
8,27,4,6,4.491393956215538,713,Wheat,169,45,14.753469552814902,5,29.643003743632615
8,29,2,5,6.942209061214774,438,Cotton,158,87,17.070590939962646,2,106.86626928075862
21,13,4,2,8.049170019040716,313,Rice,179,92,13.874738760190024,1,32.690937873324096
45,36,5,4,10.123444975024224,212,Rice,173,46,16.96415875853538,5,83.17848430984243
23,31,3,4,8.008416001883706,437,Maize,87,92,15.821623157179488,6,92.79583775049036
9,33,5,5,10.260056141487222,189,Maize,70,30,16.649240340604404,2,65.85420542503812
36,21,3,4,4.923462237394511,882,Wheat,92,72,14.592508672965067,3,48.92239552542032
26,30,4,5,4.511702176351613,858,Sugarcane,167,51,13.186057762261546,6,37.2001109136451
10,6,4,6,5.270887713147613,575,Sugarcane,143,78,8.695543740086869,6,8.156085473962047
39,20,5,5,10.176097015109828,129,Rice,117,49,16.349024636480806,5,44.98098704320814
26,15,3,3,10.07464184670961,639,Rice,113,28,10.420107399595807,2,46.553226039456504
5,19,3,5,5.130942436085132,567,Maize,174,30,8.366609932010535,4,35.44499648040417
24,18,2,6,4.247909266005438,487,Rice,86,36,13.190711799360468,0,44.81957957385498
26,31,1,5,9.482255489697321,679,Cotton,128,30,14.325156365034616,6,306.76593327609237
52,14,2,6,10.842254265943819,456,Cotton,153,76,14.618314014022438,3,99.63755077820888
59,4,4,3,10.032861564081458,754,Wheat,122,69,14.697157895352628,3,28.640258711200772
15,10,5,2,5.622391844920625,645,Cotton,83,92,14.537223935242721,0,13.923915137732411
17,14,3,6,8.670143177802686,558,Wheat,156,72,16.08192142060912,1,47.36688782761636
46,28,2,2,10.058925765004329,570,Maize,53,99,15.693616089489035,0,160.25607828831744
7,3,5,6,6.046629636376316,966,Cotton,130,85,16.128340276080287,6,6.380678662380683
13,35,5,5,8.221766410955624,326,Wheat,149,62,12.60262139337964,0,62.13941180208059
16,22,1,2,6.515683231790162,814,Sugarcane,143,58,8.628187458540676,0,154.60260113362878
27,14,3,6,5.804603338616169,672,Wheat,112,61,14.395762645460042,6,39.36160930121437
18,2,5,6,11.756714614166821,290,Cotton,127,95,10.102147476845854,1,8.102517109580925
37,31,3,2,11.30065568309541,101,Wheat,191,53,16.59521556647607,3,127.26049317200308
22,9,2,6,7.565341847611896,217,Maize,77,44,15.216657197691625,5,41.18066151719902
53,39,5,2,5.094224488511811,407,Rice,70,97,15.658698833235444,2,59.49400227814156
45,37,5,3,9.82325842656519,663,Sugarcane,157,28,10.864222104569969,0,78.95353037985484
13,21,2,4,6.045609041025762,114,Maize,136,31,14.330541026720024,1,66.4294385305974
27,13,3,3,5.348142446704756,523,Sugarcane,187,29,13.280839374483438,2,26.41384120036005
14,16,3,2,7.052232141905477,895,Sugarcane,75,53,10.684518647264499,5,41.78653326934443
23,20,5,5,8.238798473333912,578,Wheat,83,95,16.12225626873818,6,40.275692092010516
51,14,2,5,4.779522638563317,195,Rice,51,45,13.499584151983685,5,50.42647444186254
9,14,4,4,8.573971784388213,709,Wheat,92,54,9.907882560605595,2,32.19458302359177
51,0,3,2,4.122786998100972,154,Wheat,101,96,11.052471253801858,3,17.846694231628703
56,23,4,6,11.134952484744694,377,Cotton,159,75,10.271074592482817,5,83.49302219261921
27,11,5,3,11.365933514230932,512,Wheat,182,96,11.123999204993204,6,28.796707341106718
34,9,4,3,9.864566188094813,344,Rice,196,75,9.881691925893037,4,37.30785111216582
29,30,4,4,7.732395268593421,939,Maize,172,67,11.711388971932745,2,58.631007553408125
32,10,3,4,6.03917016450649,495,Wheat,98,42,14.93983170065364,0,22.315575023296354
38,15,5,4,9.952896725691172,570,Rice,174,84,17.59299429288424,2,40.94173862742589
49,8,4,4,11.454377615616508,137,Wheat,165,27,10.105360574862416,4,29.20884002738852
52,13,3,4,5.2682696391795165,731,Sugarcane,125,32,10.99829608733802,6,35.446872534710835
51,18,4,4,7.726575914381584,869,Wheat,102,68,8.021535709972552,4,49.254111821641125
29,30,3,6,6.522093088287425,239,Cotton,147,29,10.253046680411403,6,76.15384381762932
14,8,5,6,6.853934312367279,282,Sugarcane,77,22,12.18451853171499,3,10.59714317684508
18,35,2,3,7.24606225058346,312,Rice,194,47,12.617374050689936,1,129.12795903768787
46,38,3,3,11.614370754970707,225,Wheat,131,46,10.663314912442633,5,151.86929942844557
50,25,3,4,6.069097342944749,239,Sugarcane,73,30,9.503229684949648,5,63.47399467706473
34,7,4,3,7.941406712748053,720,Sugarcane,137,31,13.630697184908463,5,21.037503943272775
59,23,5,4,11.611899773294322,578,Maize,125,26,12.091892122998335,3,63.84937459345509
45,7,1,6,7.8084551217465386,620,Sugarcane,85,61,12.262658750198378,6,71.42357566120688
29,18,1,5,10.908796175371627,562,Rice,116,29,16.949805841078778,5,204.8949490838932
18,29,2,6,4.4701181946022475,131,Wheat,82,80,13.61442904540641,6,70.90486778520047
39,21,5,2,11.624243347705889,334,Sugarcane,133,83,11.883393915827636,4,53.66745267547369
56,8,3,6,5.500249176208407,172,Rice,61,47,10.537898045777322,1,27.163978994040956
52,3,1,2,11.839480277850274,571,Maize,133,45,12.285977048102565,5,51.423155298831155
38,36,2,3,5.4046149220683875,747,Wheat,130,71,16.618684502327085,5,121.8240779602657
14,7,5,6,7.5549275823597934,865,Cotton,92,93,17.651000495914978,5,14.609751823439037
39,0,2,5,6.468915932580356,727,Sugarcane,156,23,11.772307646583409,6,9.03536601447646
15,27,1,6,7.465851368760353,767,Sugarcane,62,41,10.08982140618102,5,208.80117550890625
15,5,4,6,6.004197919404204,693,Maize,132,29,17.14519658634523,5,9.327581771905725
25,35,4,6,11.722539299421136,718,Rice,139,23,9.444370052044155,6,104.45618160452811
25,10,5,4,6.445799872584733,840,Maize,165,26,10.973852580775873,3,13.3350715426662
26,4,2,6,9.226199296513784,391,Rice,182,82,10.041459398466769,0,33.95635418250824
49,23,3,6,5.099579916790308,728,Wheat,155,86,13.6582958531319,2,63.444303847176705
11,17,1,5,10.59509987879907,387,Sugarcane,138,49,12.086411234686523,0,184.9557438538477
59,19,4,2,8.340063548076106,312,Cotton,182,95,10.8716635079387,0,53.4425178568078
21,27,4,2,11.835568996250526,266,Maize,72,40,15.67928119716662,2,79.11945781688944
6,12,2,5,7.387217734667481,148,Cotton,84,67,14.64116707985929,5,46.52372975669226
16,4,4,3,5.563582999813283,320,Cotton,145,36,17.955114746147522,2,5.827113426180272
46,29,2,6,6.768151995527869,501,Sugarcane,103,86,11.119882082593552,5,115.37898837178763
22,0,1,3,9.895724848747953,890,Sugarcane,174,98,16.452810671058103,6,19.67410349373682
58,21,2,5,9.272852167967008,388,Cotton,119,28,11.025074669329936,4,112.79162313016764
15,17,4,3,10.2267792609418,979,Wheat,169,59,8.090373583392005,2,46.72175495066154
20,4,2,2,4.587762337633673,278,Cotton,86,78,9.508976863708568,0,14.363276106008398
53,30,4,4,8.642950202758293,270,Rice,168,88,13.084705183678853,6,79.03492183754972
55,5,5,3,11.457349416290437,103,Rice,71,60,16.100093399581006,6,16.2834885359024
22,26,4,4,4.863215355852619,435,Rice,185,87,8.574125940337298,5,41.545997549020335
39,24,4,3,4.754682071303831,294,Rice,120,67,16.320145994386756,6,43.76384113609485
57,28,4,5,9.732834916156111,563,Maize,90,80,15.160743932283337,5,83.12640002945638
30,27,5,4,6.521459646753615,992,Wheat,77,24,8.345190830975815,2,38.49232043977036
20,15,3,3,9.268633682887256,869,Maize,80,26,9.062957663827559,4,54.09481948052242
10,11,4,5,8.363076104402879,656,Maize,70,94,8.756299633410844,6,31.340044640552588
48,19,3,2,11.888533266719245,566,Rice,123,25,14.789929963473826,1,87.06529564537219
47,17,1,6,11.112451335638992,443,Wheat,100,48,13.610295928602905,3,207.2619185135421
51,33,2,5,9.424582252493693,307,Wheat,85,70,11.58858294470447,5,172.76021468785487
51,22,3,5,6.093397008825204,726,Cotton,68,47,8.883115750946088,6,54.77663699173583
52,26,1,2,6.095265297203756,602,Maize,55,76,11.929815065994227,0,184.24893035173878
46,16,2,4,11.057950404551567,229,Wheat,64,82,14.821730668634292,2,108.24915049423917
16,20,4,3,8.682728522203144,771,Sugarcane,159,57,8.934117329991812,1,46.529701167556865
17,39,4,4,10.314254256416818,100,Maize,158,68,16.565849515531102,3,96.09650992800249
8,30,4,5,7.598913652294641,885,Wheat,173,31,8.629086173062385,6,49.50826106638061
43,2,5,3,4.824589093212213,586,Sugarcane,98,64,14.081937601500949,3,12.786341978589022
58,16,5,6,6.6614916659170085,547,Sugarcane,67,64,9.891477032924117,5,30.869681007357585
6,25,5,6,5.289193554306905,771,Sugarcane,133,24,8.916396742896712,3,20.516736347349784
30,22,5,3,10.25466253140402,876,Rice,199,84,11.549715371294734,6,51.577346857223375
31,5,1,5,9.604095917256721,922,Cotton,161,54,14.669280413076113,5,57.23086208308253
31,27,1,2,4.707303379104325,422,Cotton,187,54,9.210529450870412,6,138.28442539875712
19,7,4,4,8.971083190095015,859,Wheat,69,50,12.75697324035658,6,24.2829553654622
12,7,2,4,10.993084055958363,123,Wheat,162,55,12.061071156149215,6,43.90806384858651
11,18,5,2,9.578914363199733,476,Cotton,110,59,12.274542414225847,0,33.19609328884178
51,37,2,2,8.088895303875372,878,Sugarcane,150,59,17.434167501694958,3,170.89030700451247
59,28,1,6,6.494906279511098,255,Wheat,108,80,11.490299015449404,5,203.32645440671652
50,22,5,2,11.096773996687165,371,Rice,199,31,17.916289078536607,0,54.925538263466606
44,31,1,3,7.382439057128159,192,Rice,117,32,13.383911674521855,0,237.6888025348722
16,9,1,6,10.843148641870282,972,Cotton,53,49,16.42480885481409,4,109.26865428071325
17,26,3,5,10.263998705745577,623,Wheat,132,59,11.488643352180024,3,94.70443857659046
47,0,1,6,10.529815722246877,849,Wheat,107,36,8.847738212436107,2,9.746128123486029
21,38,4,6,11.91838016129317,220,Sugarcane,107,92,8.8440364739214,5,116.14600904525655
21,28,1,4,9.990068126983715,551,Wheat,103,41,13.741492881313413,1,289.0924817317643
40,2,5,2,4.272327485749187,701,Cotton,77,75,17.299157996045505,0,15.634867606089134
25,36,4,3,5.643471479845959,999,Wheat,154,81,8.71220818591222,0,55.79797273875903
12,30,1,2,4.281561202601316,686,Wheat,106,76,14.891172983161326,4,134.51206279017873
9,10,4,4,5.519308559533525,421,Rice,113,34,13.632510905265478,0,5.58360697400215
30,21,1,2,4.4915160854889065,130,Cotton,141,73,14.522506134389538,5,105.22014943272801
20,17,4,3,8.012936329490024,533,Maize,79,35,10.155409560024307,0,37.095524018268726
40,34,2,2,4.2256497050646225,806,Cotton,135,43,8.705085123907708,2,82.99854488747454
32,5,3,4,7.780632796922076,700,Cotton,72,99,8.747282294098405,0,29.049576857924155
58,2,4,3,11.190727256960095,709,Maize,67,99,10.467247775852236,1,21.503755387497034
33,4,5,2,9.988608100598476,228,Maize,130,44,10.13639265439587,6,15.429351525501094
51,8,3,4,11.551647389214049,552,Rice,174,65,9.263576089215618,1,42.652921481915676
16,27,3,4,5.813174190052163,906,Sugarcane,144,74,10.646829612540959,2,61.147654284468594
41,18,1,6,8.248686531242349,535,Cotton,185,20,13.339736918118732,4,159.4391585147683
34,27,4,3,6.54863562532671,706,Cotton,156,69,17.49513810182723,2,54.14270696142802
27,26,3,3,7.950558365536272,775,Cotton,183,69,17.222687598781906,1,79.78465479383765
20,12,5,2,8.456606636674309,606,Cotton,167,52,10.717136421155423,2,16.135004146426393
18,37,5,6,4.289489043806921,841,Rice,89,90,8.662097940925179,2,33.27170742025589
14,20,5,3,5.866049081719865,751,Cotton,96,47,17.956335885029517,6,23.420823142309434
11,26,1,4,9.63818223395198,416,Maize,164,51,12.764083528336784,3,254.9905368310592
49,5,2,3,10.183424196322397,563,Maize,119,27,17.78301042913381,3,37.951181223993906
56,37,4,6,8.555610939900026,427,Wheat,184,63,13.376420178055321,5,93.81240705402155
41,10,3,5,6.1666322235894135,208,Rice,76,47,16.86360820533655,2,26.088179000939967
33,16,4,4,7.24067293378192,625,Wheat,103,86,12.472206518528033,6,35.675085862469686
7,38,3,3,4.768294495051077,574,Cotton,191,26,14.220230110448862,0,59.17207047707543
19,6,1,4,11.625436934340733,491,Rice,199,25,13.357403178552698,2,76.5761020426132
40,29,4,2,10.949419769682304,772,Rice,105,64,10.19877319095789,4,96.01051091729005
51,20,1,4,4.524818775259707,743,Sugarcane,157,33,15.637982851020025,2,104.98355716712224
50,0,1,3,5.331925325266644,212,Sugarcane,109,64,8.548055736181224,1,19.46630620585113
56,24,4,2,8.648755529510028,385,Wheat,100,78,11.624117458951897,6,66.3006230961509
23,31,4,2,5.859440593033727,951,Wheat,193,59,16.699027136075014,6,50.41446205372334
17,7,3,2,11.475205584113027,705,Maize,177,65,13.026837626850142,4,38.82817947842095
46,4,5,5,10.044724646968596,446,Maize,183,78,8.776454773751029,1,22.303683949260996
25,29,1,5,6.186332103288662,700,Maize,50,56,10.075302535113597,4,191.09352425218702
41,7,2,2,4.048811289523809,921,Rice,61,87,9.096395300570528,4,28.645891510128468
31,18,3,3,10.395579129623798,745,Cotton,73,84,10.776333069676106,1,70.67126726115286
59,29,3,2,7.392717676808525,360,Wheat,175,47,9.653118312643098,5,90.60954274046975
56,14,5,2,9.139021694862215,817,Maize,124,60,15.119507834256686,2,39.39897028496801
33,35,5,4,6.29579860337038,406,Rice,154,34,14.594263109074394,4,42.19035522510459
24,26,1,4,5.142986074865368,133,Sugarcane,106,58,9.350788670724768,0,147.15707679167414
29,12,3,4,9.402492734285966,268,Cotton,198,97,12.449908326046156,1,46.075903610122666
10,13,3,6,7.602596705173273,444,Sugarcane,89,85,10.958415790110848,6,41.80521776277902
40,36,2,4,5.881357608559847,245,Sugarcane,82,96,11.372159693516886,1,118.76597275024483
6,29,1,4,5.101023996529626,631,Cotton,157,47,13.759797676586018,6,151.09292009160802
26,38,1,3,8.643836755533068,718,Rice,114,50,16.986890452054254,2,341.4218798703047
36,12,5,5,9.804399521660596,747,Sugarcane,125,31,16.973250173386326,2,25.41442438064385
20,15,1,5,6.271095696984922,637,Rice,95,32,12.130214964421567,4,100.92343507412339
22,6,2,5,9.881140282776991,345,Sugarcane,157,22,11.931951506129884,1,34.11979649990361
9,26,1,6,5.464977589862175,440,Maize,163,82,13.179758709165618,2,149.48391571973835
58,34,4,2,6.707325528760874,766,Cotton,101,48,12.741150070361783,1,75.21460532360054
40,14,4,4,9.959058294399643,653,Wheat,198,83,8.61785023832824,6,49.96826419020292
34,27,2,3,9.281148157176634,789,Cotton,173,95,13.78749451552224,0,133.56011981274855
49,34,5,6,6.1641890152313,180,Sugarcane,79,85,13.847324596603393,1,58.919936168074074
23,6,3,5,4.977080012375465,788,Sugarcane,192,69,12.503374087328812,4,16.014607217209544
27,19,1,6,4.3397873995779355,804,Maize,186,99,12.13964743320197,6,104.31398855247289
38,31,5,3,10.703321439354285,290,Maize,81,92,17.38945744784583,0,74.35697047822562
17,37,5,6,4.60113559654288,382,Cotton,121,36,14.008240018081437,0,30.47873482854675
47,39,1,5,4.918761217651102,857,Wheat,76,75,16.162794402127652,5,210.48915102746105
58,31,3,2,5.901685042202669,711,Cotton,91,26,17.53841064132512,3,77.63672049882588
33,25,1,5,7.565357633918783,588,Wheat,57,55,16.101016899794168,2,201.4152102760997
40,38,3,5,10.318296641891969,134,Rice,60,59,17.42979572133308,6,143.11597421142915
26,19,2,5,5.979842607528848,393,Sugarcane,198,20,15.592935768320832,0,63.92643462559526
56,17,3,6,8.348065986878016,905,Rice,93,61,9.701205218929973,5,62.59399334686264
56,14,5,3,4.722980176400345,141,Cotton,82,55,10.269304226802209,5,31.47526341305565
51,21,2,5,7.716088041092198,269,Wheat,116,58,9.938952509283302,5,97.23938580975097
40,21,4,6,5.421111947018466,668,Wheat,104,20,11.221260892531161,3,31.99600257821385
13,20,2,3,5.6895324711245205,967,Rice,62,82,11.549927956039053,4,64.84724575475397
43,1,3,2,6.934627472871435,665,Maize,85,93,16.111819784806055,6,22.301244498346207
55,39,2,5,10.09078158960686,493,Maize,136,94,11.608519656842581,2,217.80276293917285
23,17,2,4,9.951891439201876,287,Rice,75,75,15.272186774763433,1,96.0893157312259
42,22,4,6,7.31978381188256,395,Maize,87,50,17.038167736850916,1,48.757208593911294
10,12,3,2,4.949369233539269,484,Wheat,149,20,9.145534156088994,1,21.16214420497048
56,8,5,2,6.245532960191571,987,Cotton,185,60,8.002612529429475,0,13.556973944370617
51,6,2,2,8.042846212241106,697,Maize,63,30,16.88658595059134,5,39.72900508878011
19,0,1,6,10.955294229560984,163,Wheat,73,25,10.382561816746431,2,5.759491617152788
24,1,5,3,11.746036918506643,180,Cotton,168,70,9.534377501433596,5,11.198822992164544
13,3,2,4,9.099767480191307,879,Wheat,150,83,10.952087770458167,4,22.41192665222823
36,13,5,3,6.80549192397921,284,Sugarcane,167,97,9.860261077738425,3,26.64605350279639
8,31,1,5,9.54762762955503,560,Cotton,66,39,15.936520035046119,2,302.35206712804114
54,35,5,4,6.689841086564789,444,Sugarcane,181,23,14.345080169733205,3,55.58186345622352
22,1,5,3,9.003787627332851,637,Maize,134,58,9.673042877952565,3,3.881208529671821
9,39,1,5,5.950132573565413,337,Maize,158,66,13.835637748879261,6,242.53133660295754
24,13,1,4,6.135909609851024,395,Wheat,160,41,10.080910574592838,1,90.68692519995521
27,19,1,6,4.601804712328985,977,Rice,154,61,9.975559724176,0,99.76322681365798
15,24,4,5,7.3611292177053995,586,Wheat,130,96,13.954470038107747,6,55.72539905641893
41,7,1,3,8.945396160765341,468,Sugarcane,148,98,14.646870368743887,0,79.36767050834307
26,27,5,4,10.310359550484968,398,Cotton,90,54,11.462020521088318,4,59.28478316310634
8,20,1,5,10.48278835870155,836,Rice,109,44,15.634075809872352,6,217.4011302503819
33,22,2,5,11.93955559605731,939,Wheat,136,22,16.3721448939749,6,131.52918327897973
48,31,1,6,4.702045806695695,189,Sugarcane,92,70,17.163442047339316,4,157.65723710689304
38,7,1,5,7.94509414756663,539,Sugarcane,101,31,14.260599261637308,1,64.50729972814875
17,30,3,4,8.170996603219308,628,Maize,70,33,10.200248898548514,6,88.4657625480969
46,36,5,2,10.436267411023138,187,Wheat,171,59,15.484648016869588,5,88.44396249024152
13,15,5,4,6.130868124710776,123,Wheat,182,51,9.078458412473655,3,20.504705866580903
46,39,2,4,4.554978559515736,431,Sugarcane,93,69,9.812148614743089,6,107.8733974835233
35,26,4,6,6.510070482147357,834,Wheat,183,87,16.327881273441964,5,54.32112651370905
11,39,3,6,11.871422632514086,157,Maize,127,48,17.108294424805333,6,160.04744402287488
8,17,2,5,11.195529582596691,563,Rice,180,50,8.667170660580028,1,97.961584569264
23,34,2,6,7.161975687573213,288,Sugarcane,114,43,11.121215308235657,0,127.05752599146875
46,14,5,5,11.010175989960484,563,Maize,94,30,14.291775318004127,6,43.225399781034206
34,26,3,2,4.26203587293327,321,Maize,163,49,17.386477399365237,5,45.66756423478108
35,16,5,3,6.513632619713604,452,Cotton,123,38,13.70725440571345,0,26.915733176094307
39,39,4,6,9.814494783900356,150,Rice,104,55,16.209925522913718,1,109.4110477623236
25,1,5,6,5.771618008134712,187,Maize,109,25,17.227551189725112,2,1.0
35,30,1,2,5.587127611898453,321,Cotton,164,21,13.19042886252295,0,180.41351091027704
23,36,5,6,10.894460367714988,587,Cotton,88,38,15.404495695856589,4,77.72068655488938
35,33,1,2,8.92763168861395,959,Wheat,173,65,14.624129126463828,2,310.1771475932297
57,33,2,5,11.912181746496287,978,Maize,153,59,14.713622284779152,1,220.36295157995846
36,2,4,6,5.077357410233188,266,Sugarcane,97,37,13.170666670086064,2,9.853460512735168
6,16,1,6,6.849027257865173,805,Wheat,129,55,14.23191657227597,3,115.67669288643353
56,13,4,5,6.489706974429476,200,Rice,76,65,13.543745061391338,5,34.78115074015996
14,13,5,6,11.041057901751277,813,Sugarcane,65,75,14.377430119521431,6,34.275685423346175
6,37,5,4,6.042372160344085,523,Sugarcane,158,71,13.05197789775555,2,48.63035074440814
6,34,2,2,6.82768798139336,624,Cotton,181,73,10.224970148203981,6,122.38903640529877
28,0,5,3,5.14267100540342,246,Maize,166,75,14.936184502854458,5,4.318750359258129
21,28,1,4,10.203207861193498,361,Cotton,140,39,11.8403168366149,1,290.7080648581543
36,3,2,3,5.901626271670823,245,Cotton,186,20,9.2774151418396,3,15.540201031874043
20,32,4,4,4.546562177857756,587,Maize,137,42,16.51324194969941,5,35.700318746152746
20,16,2,4,7.480869861527173,620,Maize,107,57,9.813470036211182,4,69.63842988185554
50,27,4,4,7.131664991692277,180,Maize,67,39,13.407089735430631,4,53.0150580044494
43,25,3,2,5.420873634443004,679,Cotton,139,23,15.211173903555697,5,54.33214750134922
57,7,1,3,5.068780479168124,921,Maize,123,88,14.477024185147277,5,58.25599095271679
35,33,1,5,11.172457707066087,225,Maize,93,25,9.608595003153749,0,383.2341605438498
47,17,4,5,4.542755892409844,661,Sugarcane,159,82,9.941381266128284,2,35.113509379617504
28,30,5,6,4.79448765357056,681,Cotton,130,20,9.488479837698444,6,26.60554264825519
5,26,5,2,5.960378249107248,238,Maize,177,82,8.725471881094059,5,30.0820217054466
15,15,3,2,11.622713517252016,985,Cotton,59,98,10.832734829898335,6,68.92074497941547
59,9,4,2,4.683073996158841,781,Rice,112,99,13.241383399336748,1,30.092404970642693
25,39,3,4,10.528118613943057,701,Wheat,143,73,9.729508874632474,4,138.44185698766373
8,11,4,2,11.136417226550616,238,Sugarcane,95,88,17.7085927186358,5,33.49195475547807
11,21,3,5,7.022941931607083,171,Sugarcane,51,62,14.988304813016576,4,47.079207248465096
30,15,4,2,6.351155198654739,344,Cotton,163,24,13.834345833110017,2,26.60618804142049
51,11,1,4,9.419021826059264,678,Maize,197,89,14.814186131931349,1,129.95801749629138
54,10,3,3,9.621076804881783,741,Cotton,52,85,12.359500105475146,1,51.402258208348485
16,19,3,2,10.239817302593245,309,Wheat,85,29,12.699081778342261,3,66.75911954994629
35,0,4,3,10.644534250631406,293,Sugarcane,54,55,16.886649563474364,5,5.275326396496274
21,26,2,6,6.14716364809872,637,Sugarcane,69,54,15.219394538454207,4,87.34034007674543
37,2,2,4,9.495692815093193,431,Wheat,52,64,13.881868380440501,6,21.376792156314366
15,11,1,2,5.079245794277404,610,Cotton,52,42,17.502125554328913,5,64.82791808100336
32,29,5,6,8.08585065235323,392,Sugarcane,149,81,14.626412911917512,2,53.75620705937856
36,8,5,6,8.903095332100754,829,Maize,119,66,11.986901009411014,4,22.783303033787316
5,36,1,3,5.293855493412384,135,Cotton,137,35,8.474579215891133,2,193.23137841526602
51,0,5,5,4.612052317756326,627,Maize,177,56,11.906761062300696,5,11.132167287362224
32,3,4,5,5.557970290209544,177,Rice,96,61,17.248058049248904,5,10.800225394696136
57,14,2,5,7.364709982818937,933,Wheat,151,54,8.446498580297202,0,68.90259780146344
46,26,1,5,11.102727822522997,120,Sugarcane,86,59,9.845626459186036,2,306.3102927611448
11,7,4,4,8.255315396277817,746,Wheat,57,35,16.087475500944624,1,11.450219698125753
6,22,1,2,9.987943133871925,344,Wheat,151,88,11.649548261108455,0,232.6086255895371
46,14,2,2,5.393156226331572,494,Maize,162,30,9.85898677693237,2,45.33565878647563
28,26,5,4,4.847825584441804,795,Sugarcane,156,70,16.156651460255823,5,33.11868601307982
8,30,4,3,5.916938861057918,783,Rice,178,94,13.584396423391496,4,53.145407721018934
48,38,2,2,6.511043302322872,153,Wheat,94,99,13.484634617374974,3,142.74955973445205
23,7,1,6,8.384816150577596,192,Maize,59,69,10.937849473166429,4,69.82478699318685
30,29,3,2,11.049946562915526,925,Maize,135,86,14.751347034019037,0,115.69565015990968
15,17,4,4,7.408740934218923,392,Sugarcane,136,86,16.618260883644776,0,39.89395932524577
44,3,1,3,8.150385502759761,475,Cotton,61,84,15.50205308278633,0,46.49077484850168
54,21,1,2,4.036908287879365,275,Cotton,57,31,14.124260786031474,2,98.83588602917051
47,2,2,4,4.266496503130293,289,Rice,173,26,11.505195291699433,1,12.774476456912673
15,14,1,6,4.670153599420381,857,Maize,94,62,16.548035976540834,6,73.25753927095684
49,34,4,5,9.591952683832229,906,Cotton,137,65,13.66107590034175,0,96.79615863734406
7,37,4,6,7.889530950175339,291,Wheat,178,41,16.895847813669615,1,72.97430428177599
16,32,1,6,5.543689588254865,715,Rice,135,95,10.541786032914239,0,189.63233946743208
7,13,2,3,8.740795509518552,167,Wheat,156,25,14.54295502960534,3,58.411544932385745
46,0,4,2,8.356897214552289,423,Cotton,105,57,17.351889006273716,4,11.561351934675347
31,25,3,5,4.710394414479966,254,Maize,147,58,11.740856801506018,5,46.70600875632651
53,7,5,4,9.12330218173717,553,Cotton,86,79,17.51266363078826,2,26.93106082197396
58,15,2,5,10.137238981044081,325,Rice,181,81,11.924620276445635,3,94.99480649955146
6,37,2,2,6.292435261672775,332,Rice,121,46,12.376880301675683,3,122.04772372884257
53,9,5,3,9.49991089595446,607,Wheat,170,68,16.064473732336868,1,28.326303322828608
20,36,5,2,5.597756136070272,203,Wheat,144,34,10.607716486110585,3,38.34329860521937
6,25,4,4,10.05383050969396,565,Rice,136,52,15.058730505442368,2,56.316043855328054
58,27,1,5,11.294193352981761,927,Wheat,151,65,10.98389190513351,0,325.38149568085714
34,11,1,6,7.534936990413176,527,Sugarcane,117,90,13.937702067817831,4,100.3161161290335
24,19,3,2,5.956976625692943,851,Rice,149,32,15.759608795720037,2,37.29079731645368
42,13,1,3,7.193413617581599,541,Wheat,176,72,8.26139308366252,4,114.6959141569618
32,34,3,3,6.000619781245735,823,Cotton,187,58,8.884770737569339,3,74.21795757807892
29,28,3,5,4.009915006131004,225,Maize,119,69,17.343743554975013,2,47.27388898075023
36,11,2,6,9.20365289443556,734,Sugarcane,53,89,16.158295464332344,6,68.99948397217507
14,17,2,4,4.340213135697575,135,Sugarcane,70,79,16.77009520603856,1,39.61397247974022
46,1,4,6,5.683125921737848,337,Maize,91,28,12.389416675517928,4,6.5056720038335865
44,1,5,5,9.779596449038568,341,Maize,133,23,15.163518733470998,1,8.191543510747168
37,16,5,6,9.325800111326267,232,Cotton,165,40,17.982752369848868,5,36.708008274485856
17,9,3,5,4.586631296369325,991,Maize,183,31,12.325312385553367,4,8.237946984309861
45,17,5,6,9.280437928632615,326,Sugarcane,60,96,16.46779829813166,5,45.18980167711146
58,21,3,2,11.44459911660626,502,Cotton,168,69,8.792830130658691,3,96.15205654052812
46,18,5,3,4.596019752145465,495,Maize,122,32,13.438626914115954,4,23.81848994969621
51,0,4,5,7.32550582141309,189,Cotton,189,71,11.332398189704357,0,14.225819383032459
41,23,2,5,9.83547112091313,354,Cotton,80,99,13.230903991522116,5,133.88370215184642
58,35,2,3,9.341784025423307,182,Wheat,99,40,9.140743899295847,0,178.806535854056
20,24,3,4,5.8120843397559865,599,Maize,147,74,11.67681933876477,4,59.108171872585906
49,35,5,5,5.304538219973651,750,Wheat,90,29,8.765297370769636,4,47.04191206875493
26,30,1,2,10.273976032327456,408,Sugarcane,161,97,12.530931374571438,3,322.4737442035941
24,30,4,6,11.649957241910373,631,Cotton,162,48,12.417948861441552,0,88.92359733926699
54,1,5,2,10.140667740342632,940,Sugarcane,176,30,11.297101408313374,1,13.483033925675148
47,18,1,5,11.705635857582001,183,Cotton,115,49,17.48312053635621,2,227.82181837250425
31,11,4,4,8.839963393096342,126,Maize,162,59,8.82933557360422,1,34.25471474566823
45,9,4,5,11.432790885535336,669,Rice,64,68,16.24878647341817,2,38.954839068356186
20,30,2,4,9.523485556359095,478,Maize,83,22,11.549271375875787,2,139.83825780338591
38,21,3,3,11.271078001608693,429,Cotton,93,20,9.993137185595822,2,85.1320157715126
36,22,5,6,5.292711743756726,492,Rice,128,51,10.725589015818828,4,29.345112477574286
30,22,4,2,10.52452172595159,316,Rice,148,58,17.018938168838407,6,59.32454180390808
29,14,5,4,5.57396640762762,944,Maize,141,21,16.248986206733296,0,19.31451046542657
6,25,4,2,4.219432815567658,480,Sugarcane,155,93,8.15757643627682,3,28.30588793252884
16,2,2,3,8.140689072343704,736,Maize,183,50,9.473294463407143,3,9.921920786682367
44,22,3,5,6.546014244494755,899,Cotton,167,37,14.750271406323336,3,56.992595637741175
13,19,1,4,4.348250894304143,811,Sugarcane,89,26,11.174140134910086,0,85.80005656635635
16,39,1,6,11.842435029825275,607,Cotton,55,24,17.191411090149472,4,468.0217803800086
30,38,2,4,9.331728763919942,382,Sugarcane,124,48,15.865016658674175,5,189.9025976711916
13,7,4,5,11.21449738572479,313,Wheat,63,87,16.750387645852534,6,19.336461461540075
14,17,2,5,11.992660686975587,255,Sugarcane,172,65,9.92870458898357,5,110.2038537639385
36,5,3,6,7.135733893368736,629,Wheat,54,75,9.507052168008192,3,20.706949611317565
38,26,1,6,6.0378962298729215,954,Cotton,94,22,17.319299405854725,4,169.34345228992936
52,35,5,3,5.47107514149463,716,Maize,92,32,12.041940390396562,1,42.411851266427284
24,14,1,2,8.12149686233074,258,Cotton,169,86,12.15716709104902,0,130.36607276974942
43,36,3,4,8.84864622001726,140,Maize,118,91,14.84570634521615,1,124.24919853344372
6,4,4,3,7.779381888260199,901,Wheat,97,69,11.974511154579712,0,10.31348147922793
5,38,2,2,7.098016118765459,604,Maize,160,23,16.751913488422993,4,136.66864156474446
55,8,1,3,5.346180507673027,618,Cotton,122,61,17.590748838227295,5,62.3805531462997
40,6,1,6,7.5348769904849915,104,Cotton,160,95,11.325189909873693,4,65.38910987111369
28,19,5,6,4.68194509663252,120,Cotton,74,43,10.080576722992845,6,19.62879532921729
58,9,2,5,10.920382071100736,745,Sugarcane,185,38,8.753056214356643,1,72.02262637553609
31,25,5,4,4.375221216783675,731,Cotton,127,59,10.143627862182804,5,32.53000484709093
6,3,5,4,7.0451684938524375,341,Sugarcane,110,53,9.39445424038781,0,1.0
35,37,4,4,4.801102952343748,205,Rice,136,26,8.291203336699265,5,56.30261366817646
18,23,1,3,10.199843995736625,442,Wheat,50,94,8.466576111444011,6,250.5892898205506
6,13,2,3,6.501895830623415,742,Rice,160,57,13.093637359471142,5,51.455852892966085
33,0,4,4,4.9048449012204385,516,Rice,192,38,15.077938288962578,3,1.6789582650950958
19,16,4,5,8.251930390916112,137,Sugarcane,119,64,17.832581247321045,3,33.43466368413342
16,23,4,2,11.33021605783632,698,Sugarcane,193,39,9.556804546571405,2,69.74782800739749
41,26,3,3,11.269158968953626,435,Wheat,157,21,14.982298208956614,5,101.09163226796451
32,6,3,4,5.997208329062319,572,Wheat,130,56,13.53996921477243,6,20.422717436119235
24,8,4,6,9.757277407681869,212,Wheat,142,50,12.7812544457883,1,25.96659693616473
43,34,3,3,4.24227354272793,350,Cotton,155,61,15.21840448169074,6,63.65919422269782
28,11,2,2,5.054814372027397,444,Cotton,121,25,10.386553015941052,4,36.49026838656852
25,20,1,3,7.9957789625102365,973,Wheat,106,28,11.112917464695744,5,170.9577182937566
14,2,2,2,5.830051475906817,170,Sugarcane,60,93,11.846112142715434,1,11.222651008370828
50,14,1,2,10.386094831681104,363,Rice,195,72,9.823962001830303,6,163.88416230575353
18,20,3,3,11.44857737642129,998,Wheat,197,30,12.786214580142405,3,81.55900261637713
41,9,2,2,4.034666531862258,680,Wheat,140,95,9.318665742422732,5,36.1817364289536
22,32,5,3,5.863326636807838,483,Rice,136,35,11.181431604200469,2,34.951078440681535
28,5,4,3,7.5164267686098185,866,Maize,191,32,9.131622887752657,0,15.72242514586537
18,1,1,5,8.504634306819108,886,Wheat,158,57,8.358829687997765,3,15.907027480886791
38,28,1,6,11.327222220736807,490,Wheat,76,32,11.552099631329366,3,329.3741235870614
16,39,5,2,11.135067924122348,697,Cotton,146,34,14.175504370035885,6,85.02248411160059
26,32,5,3,9.097360795743727,829,Rice,58,37,9.518901048463508,1,59.518354021738716
10,3,4,2,6.0591041126710765,661,Wheat,62,35,17.934572046938854,0,5.0628642055548
40,3,3,3,10.26630247902689,572,Wheat,57,60,10.743483359830707,6,23.541487579725114
49,28,2,3,5.621214170297854,610,Maize,163,69,8.22694775257665,3,92.47398682025701
40,36,2,3,11.721378592774535,233,Rice,105,88,8.28034341973899,2,226.96551548392637
26,19,2,6,4.046719325871984,488,Wheat,146,85,14.665686271081071,4,49.614314787855854
18,22,3,2,8.558164031263212,841,Maize,56,60,14.698703649483413,3,63.21640437641302
20,17,4,6,4.707177975373022,160,Wheat,126,46,17.02702850055785,5,24.389933988418157
40,24,2,6,7.260796241456171,863,Sugarcane,177,78,8.90841291833911,1,109.16168716111426
29,0,1,6,9.079468322483336,841,Maize,192,84,11.76368595162311,3,19.501947260400442
36,14,1,6,9.51678796473533,569,Sugarcane,153,33,16.8927308971372,1,147.67426757810762
37,33,1,5,10.28455575739148,450,Wheat,133,54,15.976772983511431,0,348.5337167685712
49,19,5,2,8.74662162211816,157,Maize,86,42,10.334497401431902,3,41.539874256788885
40,36,5,2,6.010554810287956,284,Rice,113,41,16.89967297073342,2,53.44891193889485
24,26,3,3,11.114025943478971,302,Cotton,66,46,14.80816509459075,3,106.29393805304696
22,21,2,2,10.4888593041095,131,Wheat,142,69,10.643170400179436,4,120.72805611778553
42,4,5,6,5.2804185416548,756,Maize,70,44,8.448243833305636,2,9.938505856663308
7,33,1,4,10.612089473662792,268,Sugarcane,127,73,12.97443206888489,4,356.68279091406777
27,38,5,2,11.781156127283854,121,Maize,154,68,15.130776151943959,3,94.98738075182435
36,2,1,4,9.09775293446334,947,Rice,160,22,10.686441793510339,2,22.293988793151208
49,16,2,5,6.25444178491115,909,Maize,135,44,9.687360126827368,2,62.70506743555738
20,23,3,3,8.852750650187314,178,Sugarcane,101,87,8.752812294253628,4,70.14225414007304
9,23,4,3,6.740280553186392,235,Wheat,126,76,16.42024647970688,0,34.82356571184166
8,2,4,3,9.40757176513845,401,Sugarcane,144,34,8.547314279999437,4,1.0
25,6,1,5,8.358399675646988,787,Sugarcane,61,86,14.094037678512965,2,64.82723590927175
44,24,5,6,11.43592489671801,982,Sugarcane,145,30,15.632432204857999,3,58.29253291253193
55,2,5,4,8.943268345606423,486,Cotton,95,22,15.804818675788038,3,12.065027143610662
18,14,1,2,5.711853469817353,688,Wheat,119,37,14.536999157663946,0,87.34881163983204
43,28,2,6,9.800878986735079,641,Cotton,175,72,14.527959558086089,3,149.0548583916057
35,28,1,3,6.407026542887055,383,Maize,120,28,12.74091908910566,2,186.29908713107238
18,9,2,3,6.179127623590435,428,Wheat,69,98,12.167068511154225,3,35.671765120183146
10,31,3,6,7.1342130045960275,559,Wheat,117,91,9.373547853905226,2,79.68619845955988
16,22,3,4,4.095973432501405,252,Maize,134,59,13.35353765919828,3,38.211687122705136
20,38,1,6,11.753125281290242,824,Maize,93,75,8.710298509301296,0,449.47550280724823
21,8,3,5,8.258648890869587,790,Sugarcane,79,33,12.68197160052717,3,29.174987956280507
49,36,5,3,10.187951150983682,906,Wheat,80,80,15.309007587800988,1,88.76223392694743
27,39,2,4,6.062817779023026,586,Rice,176,32,12.428629880257589,1,122.10918724092397
18,13,4,2,9.972945053069004,694,Sugarcane,179,66,13.082829807141284,6,35.77605972566364
11,3,4,3,8.537364018225084,811,Wheat,63,93,16.42205888428211,2,11.223190181067945
50,19,3,6,7.393153390236019,934,Maize,151,24,14.465823244227916,5,58.01451305150759
36,27,2,4,11.765353809571696,740,Maize,118,24,9.275965416423075,2,167.25396525182447
19,13,5,3,7.950749713171247,905,Rice,172,31,13.429371025433948,3,21.99183584358204
48,33,4,2,9.259668655117416,290,Wheat,82,54,11.645753724786047,1,85.07224006221733
21,12,5,2,4.122737531919038,151,Cotton,58,45,10.068325527333606,3,12.667589138794344
45,30,5,6,6.411641651989187,694,Sugarcane,144,20,14.47968680587957,2,43.68670181075963
58,32,4,5,11.109532529280532,440,Wheat,57,29,11.865033225890874,6,98.20190509894962
51,38,4,6,10.07167248892815,799,Cotton,56,57,15.673069295318372,4,106.84512034273469
48,27,3,4,8.294032289405198,624,Maize,198,43,13.865007876589019,1,79.11791480540559
38,24,2,6,11.201277656906283,830,Maize,141,66,9.042566191070943,6,151.98558214372642
9,31,1,4,7.889764105660446,116,Cotton,102,21,11.50349279348828,1,245.3127845023351
49,8,2,5,8.532056513502205,341,Cotton,64,21,10.69842931115195,4,44.80332898655
31,27,1,6,7.057222777580365,439,Rice,101,49,9.499725672998911,5,199.37984480502234
56,30,4,2,8.960320293783074,769,Wheat,86,44,16.002195104944413,6,83.95051639412408
27,16,5,4,6.55201224736699,777,Maize,181,81,11.785287041267164,5,24.842850455643106
44,22,2,4,7.083937420338858,750,Sugarcane,140,20,14.132588474963635,4,89.38398483898636
18,12,5,2,11.73061010565815,510,Maize,128,82,16.820121196941436,1,25.41279466043106
19,9,2,6,4.890469438396721,393,Wheat,110,78,13.430066106834138,5,37.75666125604767
47,15,2,5,4.842042761968328,127,Cotton,199,73,10.580805527363768,1,51.05082705194283
37,5,5,3,4.346528155640126,509,Rice,85,88,15.906848016848661,1,8.542652461194361
57,10,3,6,6.560356158082141,458,Maize,143,74,12.357548157370633,2,41.68625406552352
35,2,4,6,7.185833939743394,772,Rice,146,61,13.6383653926717,1,10.869152981937859
39,27,3,4,4.75612515255637,515,Cotton,89,72,17.020832175486603,0,56.35823915287282
21,14,3,4,8.393047962934638,281,Wheat,113,84,12.892751865029414,1,51.98284711138637
32,12,2,5,8.666412232438953,891,Maize,63,28,11.346942177060143,4,57.433484517987374
23,16,4,5,10.008213548906625,766,Wheat,179,90,15.273935795120007,0,46.42938762701201
50,6,2,5,11.807744932926411,913,Sugarcane,175,70,9.335004244517146,4,52.30028846291402
58,27,1,2,8.954817978339197,825,Wheat,68,35,17.137242261738784,4,257.03488682170166
27,37,2,3,4.893206453447563,439,Cotton,127,72,17.155463839185117,6,102.8885865419478
36,12,5,3,4.708193945966262,452,Cotton,120,89,13.794073441082215,3,17.08370426857048
44,16,2,5,10.22037490920297,168,Sugarcane,174,81,9.542958385464278,1,100.4490284896684
17,14,1,4,9.202673028287414,576,Wheat,58,56,12.520910796667227,1,138.2969208246796
24,35,2,3,5.295315157652494,424,Cotton,82,80,12.233050339465105,6,101.81957153001538
39,27,1,6,6.026879781468272,593,Cotton,176,76,10.983136611313002,1,177.33437688893963
9,14,4,2,10.001923098340146,394,Cotton,165,64,9.751001227619845,6,33.33544706416721
13,10,2,4,8.529246254445173,308,Cotton,110,95,10.636955656896077,4,54.16890788777752
33,30,1,2,8.680000500020313,256,Rice,155,36,13.555284985247013,5,276.06835210029067
10,3,4,6,5.6800693703032765,174,Maize,93,21,14.857067617125754,0,1.0
29,34,5,3,9.032463853261692,953,Rice,114,56,17.795961787426357,1,62.68208826427926
35,33,3,2,10.165028763258043,386,Cotton,134,73,10.157583865691358,1,122.5486165780215
26,26,1,2,11.082017803710777,330,Wheat,106,61,10.040162383010466,5,298.92659083470477
6,9,5,2,9.893738598544394,676,Rice,73,48,9.170333456368128,0,13.800462094411115
49,29,4,6,8.611005208072129,370,Sugarcane,151,84,17.389934887832492,6,76.60026031148661
9,19,5,4,9.386074457974214,182,Maize,154,97,11.818490959410152,0,38.42354491145511
31,28,2,4,7.880891700111022,685,Wheat,55,59,17.239807992281847,6,123.327143629567
29,28,3,6,5.81518594494098,364,Rice,83,30,16.894354938632816,1,60.270375950641395
12,22,1,2,11.057655782175484,368,Maize,166,77,8.439757063223507,3,255.53728340744783
59,20,4,2,8.260981065339402,987,Rice,76,39,10.797711607613216,1,58.25462638820937
5,9,3,5,8.75454648917788,400,Sugarcane,67,85,11.025228977797342,1,28.351073111949248
24,11,4,3,11.920871310025461,189,Cotton,54,50,10.773470570317363,5,35.995394960391984
48,29,5,3,11.880125426181124,459,Sugarcane,167,24,12.253358128569637,4,76.22999431254286
27,32,4,4,8.690487879999498,399,Cotton,145,69,12.993078531524962,2,79.9487131899184
36,17,4,6,4.2716580961397295,101,Maize,93,28,15.58199425056251,6,22.569098768396252
15,13,5,2,7.169180304358747,512,Rice,147,60,10.677028976466007,6,24.714088068846735
43,21,5,3,11.498346240407113,275,Rice,142,29,10.987466552113474,1,51.91063092552342
51,20,3,6,6.306452739008074,224,Sugarcane,54,72,13.986056366273605,4,56.01462816830024
58,0,1,6,11.994149481570528,879,Wheat,110,68,9.79268958592775,5,17.498289463633483
28,14,5,2,4.67454021485242,826,Maize,141,45,12.73192853067327,2,16.605555497420124
15,35,3,6,8.544913448041498,981,Cotton,183,86,10.509850997507147,4,104.65758887419909
33,21,4,3,8.123594881397555,678,Maize,124,55,9.979901018819248,4,49.541039617042685
58,31,4,5,6.0428233069416,277,Sugarcane,88,42,15.956530763073069,3,59.088631315518285
30,32,2,3,11.5888570451608,878,Rice,185,58,15.071227971438313,5,196.17446699080406
20,38,5,5,8.953369679978483,104,Cotton,133,78,10.498126143421397,0,73.68402326495517
39,22,3,6,5.841826267557409,912,Cotton,173,42,12.151735251493568,0,52.376592593052834
24,1,3,3,7.07238558270669,813,Cotton,135,42,9.542240619321385,4,6.91368757181857
50,1,1,2,9.769835415056502,216,Cotton,161,62,8.531684387226207,5,26.429903980502672
7,37,3,6,6.381573701570509,530,Maize,118,44,13.852202035796275,5,84.37858241862425
5,28,5,2,11.036849616489448,489,Maize,155,79,11.635638249279417,0,62.49784741051767
57,2,3,5,5.325391183660993,947,Sugarcane,79,52,10.072512074904662,1,15.05327825901113
51,38,2,4,6.116040718918789,578,Rice,91,52,9.146061457575257,3,129.85533147418414
5,6,4,4,5.1591889069288,570,Rice,78,84,14.800278026003035,3,12.623143507117097
21,35,4,5,4.833430710075986,449,Maize,134,66,10.714600060145468,0,45.182679117795644
6,28,3,4,6.4025233877114145,843,Sugarcane,120,52,17.07388910275214,6,60.38013134455966
33,36,3,6,11.993429970683524,183,Wheat,90,57,9.928056497624375,6,153.42910775398127
24,35,3,6,4.754635306093345,700,Cotton,112,43,10.437751156248211,0,59.19544807169035
10,22,3,3,5.704017534778306,326,Rice,168,92,16.51734656519262,3,49.44594325006776
12,15,2,6,6.1729343926240166,552,Cotton,149,68,13.724307257097902,6,51.783006253248
33,30,5,4,8.95303747577763,546,Rice,178,49,9.083786700544115,6,58.76727150660854
52,33,2,2,9.962765571262821,210,Wheat,144,77,13.494601879071668,6,181.09153640029382
55,0,2,3,10.015469398832366,422,Rice,197,78,11.081280534896713,4,13.647308322722779
37,17,2,2,4.0690878555106496,623,Wheat,196,35,15.369416943123074,5,42.44730445082905
7,39,4,4,9.214803670395721,638,Rice,114,35,8.777901244069547,4,85.21630704293489
39,14,2,2,9.045895034936823,204,Maize,142,52,17.178855493954487,4,76.17734286680029
9,16,3,4,8.141237455119018,185,Cotton,85,58,12.782025480858863,1,47.821602979418124
31,9,2,6,7.033668491230073,602,Sugarcane,93,65,15.342851627226505,4,44.9378525212954
48,19,3,3,10.379553579689839,605,Sugarcane,176,57,15.046615927537703,4,81.46456016631417
16,5,5,5,6.751046363466818,984,Rice,56,42,9.782508491245311,0,2.7172245521439367
24,7,4,4,5.84009817685281,255,Sugarcane,87,45,16.800932759594772,2,12.231103744726576
49,33,5,6,6.480761396540903,810,Cotton,154,68,10.327012941984602,4,54.30962300979175
24,31,5,2,7.517183336985327,595,Maize,71,43,9.905673213671838,4,53.804598904532874
13,3,4,6,5.712459104021916,485,Maize,103,61,13.20641858329466,5,15.314349541015677
43,38,3,2,8.860569969643892,748,Wheat,55,46,17.845466810607242,2,121.87720248544046
8,19,3,2,11.073673620095166,562,Sugarcane,157,21,11.133945498554883,6,65.25685979175839
55,23,3,2,8.7636809932966,642,Cotton,78,27,17.64451203902096,4,76.82858125989469
58,23,4,2,7.57334645981905,775,Sugarcane,92,98,12.350911996285877,6,59.89658510853516
23,25,2,3,10.374950129799231,212,Cotton,158,60,16.346757548137305,2,142.1628818044368
42,24,1,2,9.984308982996229,972,Wheat,111,32,13.299843497353159,5,255.62012293554838
31,35,2,3,6.936464972245569,882,Sugarcane,62,41,10.052612224669655,5,124.56116340507363
49,6,2,5,8.833227765322896,964,Maize,164,66,16.799932408112163,2,38.63034352473125
47,9,5,3,9.83874288254393,545,Wheat,96,66,8.719662453579637,5,31.25038356382912
17,11,1,2,5.963706064155528,386,Sugarcane,64,84,14.827544672152708,4,83.32203364806739
17,0,3,5,6.930191032673519,869,Maize,54,88,16.30758461802699,1,10.968174888323876
26,24,2,6,4.846208564399764,300,Maize,118,48,16.320254669275002,4,64.16127994360642
32,15,4,3,11.901442226454666,910,Cotton,51,98,14.552991160786755,1,53.687417995249334
56,4,2,6,4.687021203385086,982,Maize,163,49,10.509973955365378,6,27.975109911017373
51,18,3,5,5.348849000988619,478,Rice,87,65,13.316667476892617,4,50.27903855113806
57,3,2,3,7.838655597313118,612,Sugarcane,143,25,14.295363155163827,5,28.866335877950394
49,5,5,2,10.922174668356314,822,Sugarcane,88,25,16.896943531051868,1,12.509082168152963
26,25,5,3,6.847056183583676,364,Cotton,69,71,9.596680206942949,4,39.78859180358792
47,38,2,2,10.148769180250767,287,Maize,197,24,12.649194156687027,5,206.58923966449285
23,38,5,4,9.40827258652989,997,Cotton,78,60,11.331359373272182,3,76.38090223961613
12,8,4,3,9.109312617277432,456,Rice,66,39,12.277123795891193,3,17.225581105337504
56,13,1,3,10.76013800773472,340,Cotton,165,39,9.830493291296658,2,164.7886545094729
12,8,2,6,4.113362317029005,292,Sugarcane,100,58,10.174308854557214,0,22.843587154678644
46,14,4,6,11.433224308483133,209,Cotton,185,49,15.698489385131293,3,47.200988732410245
30,36,4,5,10.633809442690346,598,Sugarcane,198,67,12.783763335706135,3,103.11919713353946
52,19,4,2,11.502937757214617,722,Wheat,164,79,13.141472097275793,6,69.35866067746066
55,7,3,6,10.348703070853496,164,Rice,140,42,16.974781070164426,4,33.796374347276824
30,31,2,5,11.02873125963418,164,Rice,55,79,10.399796236265972,0,179.62407091751118
27,20,2,2,5.624624385595833,416,Sugarcane,185,69,11.292715545588386,4,71.41780547581973
47,18,2,2,6.553832535016404,846,Wheat,148,32,11.086163735696875,4,71.00439747257374
17,28,1,2,6.521768107765848,194,Maize,118,93,14.592381425590279,6,200.96905008921098
32,30,4,4,4.873333967024454,558,Cotton,82,57,13.624507184870884,2,43.08484944218326
13,5,2,2,9.836634042276726,808,Maize,104,58,12.715446223884692,4,33.26339449800353
24,3,5,5,5.089367141496583,902,Wheat,82,87,14.679843385647429,4,12.321826375163635
23,28,3,2,4.420073328632485,494,Rice,51,38,12.839186434705045,2,47.727146048896756
52,2,1,2,10.20357496044051,295,Maize,187,71,16.159573563567335,4,39.765980787144706
43,0,3,5,11.237305357855433,649,Wheat,115,60,12.102431271683296,0,17.138600317245835
55,14,4,3,10.112986783721066,981,Rice,64,46,16.90607609987311,6,45.942793416457015
16,20,5,2,10.60281770265581,138,Maize,165,42,9.196300335606432,6,42.52592200686488
19,30,4,5,8.76497342264617,248,Rice,110,38,8.939480817498094,2,72.01880091657783
35,6,2,6,11.101970703318024,475,Sugarcane,170,99,14.557015156142246,5,52.37323075072127
59,16,3,5,7.973627858862841,775,Rice,171,54,11.897058685347641,3,58.83212545581953
18,18,5,4,11.90658094789972,465,Rice,72,24,12.55714357210719,4,39.07744584175176
15,38,3,6,4.827320342155591,831,Wheat,74,24,14.960186440944005,6,65.64826509068376
30,2,1,3,10.473445653611071,555,Wheat,148,25,10.14539383070875,0,35.43833043714009
46,29,5,3,9.131115328090203,375,Cotton,143,60,8.439279767657686,1,60.34375127104289
31,34,1,5,8.645168545769561,654,Wheat,161,60,12.388892060165993,2,308.31817915879594
15,28,5,5,9.80648424688897,609,Sugarcane,132,73,16.94725345489034,2,59.082800097622425
42,13,2,2,10.72233224639079,337,Sugarcane,178,63,12.507378783641379,4,84.6798858365738
38,34,3,2,10.903072534724078,504,Rice,158,67,13.719643403992212,4,136.20241419208855
47,27,3,4,5.40304770355188,262,Wheat,157,56,10.083680822090692,2,65.08263159088521
23,29,4,2,5.576287438023754,419,Cotton,69,75,12.640739372715302,6,44.959541397209414
10,25,5,5,4.129332076108777,718,Wheat,78,52,12.806545627333254,4,20.199409801059637
50,6,5,5,5.054739662338182,899,Cotton,185,54,10.351412217512005,4,15.737550962857274
56,38,1,2,6.111059942799397,903,Rice,111,25,9.637966674542445,6,249.92407811645384
42,30,5,4,9.768286580402263,716,Sugarcane,191,65,11.50257768014458,5,72.03980489111815
53,4,3,5,7.806140072020081,168,Wheat,180,93,8.388654499221492,0,33.035193875952515
46,34,5,4,10.063228284672139,208,Wheat,52,55,9.664517846169435,0,76.35796102492347
32,13,4,5,7.892286782559125,279,Sugarcane,104,63,15.313534891546963,0,34.06203019574853
5,35,4,4,8.444779623279747,231,Sugarcane,198,26,14.491338489336766,6,74.24230660381967
39,26,3,4,4.88853269274866,618,Maize,93,26,11.127808161901841,3,48.65315713321397
44,23,3,4,10.21246627740826,951,Maize,162,48,13.511619685079292,2,89.15448309364213
12,39,3,2,10.06501225759644,554,Maize,141,99,16.293849548983964,2,142.3537829186569
56,28,5,3,6.460492733444957,507,Sugarcane,54,84,16.391447007744105,4,51.372611019908014
58,21,5,4,6.6286246224032155,760,Maize,88,79,14.543769079495858,4,39.38549389511743
51,7,2,4,5.757451604585084,284,Wheat,59,54,9.24053387329004,5,38.75271382892042
11,14,1,5,10.51071740828922,556,Sugarcane,112,76,9.629002347001908,6,156.7297439907047
15,4,5,3,9.976054415694243,604,Wheat,58,48,10.916732016227547,2,10.149314648756008
43,3,2,5,8.873181905474022,767,Sugarcane,133,57,14.707147390441556,4,29.52193494322138
8,10,2,5,5.910576825037579,609,Rice,160,96,10.580038695989803,0,39.76436499784319
29,17,4,4,5.374826660909954,389,Wheat,78,31,12.644324837873661,1,25.081800276370917
16,29,5,6,4.402150809396905,344,Sugarcane,188,99,16.255256401668056,3,33.08702883583196
30,14,2,3,4.364891854228156,883,Cotton,148,77,16.917737499617388,0,49.77866072642816
42,5,4,5,5.497089118466616,137,Sugarcane,64,97,16.385453652005037,0,18.664813968374755
50,15,1,6,4.804260258585777,214,Rice,84,99,9.16438684259855,4,92.99038538870266
16,39,4,6,8.448861383379544,597,Sugarcane,110,25,17.107541151537312,5,84.58856585321668
47,8,1,5,6.864721022355816,436,Rice,69,55,14.841387193729794,3,72.844196560747
55,33,3,4,7.55956625734517,558,Maize,107,71,14.187865983467518,5,98.4101816210008
57,26,3,2,8.752537468697518,218,Wheat,149,46,10.475451023891104,1,88.75129719756274
41,12,4,5,9.27281396282811,743,Rice,197,44,17.282278691594367,1,45.37453245044856
50,35,3,4,9.185613759060624,155,Cotton,135,59,8.173610664070349,5,117.56746648479188
57,26,5,3,6.08685269456666,523,Wheat,137,55,8.821860134590626,6,41.180091970800774
28,8,4,4,10.477016162368821,219,Sugarcane,191,79,9.536745770073713,4,31.017826568387612
20,4,2,6,11.341677359353838,149,Sugarcane,190,48,14.941444327860232,5,26.64881759365022
17,21,5,3,6.527506777785562,464,Rice,50,22,14.228572849291513,5,25.233849025345265
29,30,4,3,4.136523332528544,472,Cotton,163,32,17.44677797667939,5,31.07052786155963
58,2,1,2,11.193233493188039,461,Rice,140,87,11.48981717573393,3,45.9338860119795
58,29,3,2,11.388389863627808,181,Cotton,62,30,11.476167407587745,5,123.66319613919836
56,20,3,5,4.407571523304268,981,Rice,185,67,14.695340082602812,0,44.74813046127813
58,34,3,4,4.039652734873698,660,Maize,67,98,9.741572131655559,0,67.67824583103771
8,5,4,5,10.531238263941937,147,Maize,101,79,12.640426394589468,2,13.684018962909768
15,27,5,2,6.411706835864853,745,Maize,119,21,8.15433249046841,0,33.15347750086599
36,31,1,6,11.316657338367907,337,Rice,107,98,13.920395072719087,1,366.67040813920306
53,36,3,2,5.733948586156373,481,Wheat,76,89,15.839903943127991,1,89.08918689159154
11,24,5,4,10.889236929012696,488,Sugarcane,195,32,10.037543298532693,5,50.855382125038204
50,31,2,6,4.549154157800293,434,Wheat,106,54,11.071706620812114,3,88.97238353269132
15,34,2,5,6.085094778511789,784,Sugarcane,173,70,9.318393208785531,5,114.71387974155421
32,21,1,5,11.78503103316513,979,Cotton,163,75,14.156745110886563,0,258.0831042782017
58,23,3,2,5.849573234650259,756,Maize,58,59,13.640205294877706,0,58.46931861061415
45,38,2,2,5.064103872600329,286,Maize,128,96,16.26396175381864,6,110.65476427977298
27,29,5,5,10.856437219783963,219,Sugarcane,108,78,17.703437059738782,0,70.14334028306877
49,31,5,5,4.9424063340918325,795,Maize,71,31,17.83643583741217,1,35.55112562833166
27,30,2,3,4.779648868636028,456,Wheat,133,35,9.071677657118471,1,77.991433745998
54,22,3,4,6.587401073516286,462,Rice,56,72,13.531365110219083,4,67.86427142184746
32,39,1,3,9.082628052775675,690,Maize,166,60,15.896547292568165,6,370.3865833732314
47,32,3,3,9.685970990229565,262,Maize,194,39,14.589830805267898,2,108.36466717442806
51,24,4,5,11.049910270619165,107,Cotton,180,59,16.96986722538952,0,79.67302578287885
30,35,2,4,8.327292207672848,710,Rice,184,80,12.417191878928794,4,157.15232518913876
29,23,4,5,7.147342294087803,416,Sugarcane,86,96,12.270970731807237,3,52.14318773826127
58,30,2,3,6.870670094675721,967,Rice,117,53,8.261125421990357,0,122.0171915592863
33,38,1,3,10.775221827819792,126,Rice,155,38,8.156498131076257,5,420.57629267992843
23,12,3,5,9.790522475861323,986,Sugarcane,67,64,14.926459716003112,0,51.508646494711186
37,9,3,2,11.243432109801114,375,Rice,72,48,12.714661465366529,4,44.71350623696649
40,22,2,2,11.712283645852914,924,Cotton,144,38,14.602307891443665,2,138.92829505582253
18,17,5,5,6.40040668867046,571,Wheat,184,75,10.382223308705319,3,23.70089615881524
18,31,4,6,8.237392949606715,890,Rice,125,46,16.630922640980163,6,60.35969380467282
39,32,3,6,9.054566458918664,967,Wheat,189,21,17.028645103102832,3,99.14636941632122
34,35,3,2,5.3107915742116605,815,Cotton,64,59,14.622967180233662,3,70.59588182559841
32,27,2,4,4.426776271399878,997,Cotton,179,84,10.778013384346973,1,74.76470636120919
21,15,5,3,10.942111312922508,771,Rice,171,97,10.161559694110831,2,42.22706068781541
7,15,4,4,8.284188086042985,576,Maize,105,27,14.254998663015055,6,24.732019629080106
20,17,5,2,8.566193730880315,277,Rice,146,46,17.40777977540828,0,31.293686729515343
50,7,5,5,8.439314763423639,803,Wheat,63,49,13.78112451168872,2,26.802016809334
34,15,2,6,10.039685638661524,651,Cotton,181,44,16.393048437748853,6,89.80340283090972
56,10,5,2,5.164015557456346,459,Wheat,153,68,13.654055485545575,2,25.961134347807267
33,5,4,4,8.91238752617226,335,Wheat,179,75,14.74601293761134,6,16.372985034358273
49,0,1,4,7.755836092621041,132,Sugarcane,53,84,13.67776645319852,2,19.25243898942111
19,11,1,2,11.175665276061794,640,Cotton,186,50,13.753637495223092,6,134.15190579314364
50,37,4,3,8.156967503170602,644,Cotton,196,79,15.392500927926164,2,92.10953464309164
29,27,2,4,11.543479792593324,199,Wheat,177,53,11.962443878005491,2,167.62575630993746
55,16,3,3,6.826023953439253,756,Cotton,141,36,17.039976943593818,1,53.079543815997994
42,0,2,3,11.735157651119923,429,Rice,126,92,16.63492848472749,4,16.685930568891653
46,31,4,5,11.001263584734142,164,Sugarcane,127,48,15.253142592990688,2,94.41399511621464
51,7,5,2,8.674106317882838,221,Rice,163,91,15.43426192358295,0,38.844775668941466
57,39,1,2,6.8296794665521965,654,Maize,123,25,12.132408084299689,2,284.6904170114238
58,23,5,3,7.007386859620479,984,Maize,174,25,16.32526475672679,3,46.05215574528944
56,9,2,5,10.182016691666334,820,Wheat,125,22,17.32609533578321,5,60.68131077492005
42,38,4,4,8.645050809352355,575,Maize,133,50,15.95148607649098,3,92.56144813369389
27,38,1,4,7.2127006837545675,841,Rice,125,95,9.330229041443861,3,288.6143060883296
29,9,4,2,9.088439691297314,226,Maize,189,71,15.866219217153589,3,28.618318351953636
46,35,1,3,9.865867183207556,967,Wheat,116,27,12.645714937973699,2,355.59850608619314
11,24,1,5,4.183204100467727,285,Cotton,120,45,14.086995099040905,3,108.94431385516452
26,9,1,5,4.718902408940081,848,Sugarcane,126,34,17.91159958151224,1,61.70135044811272
21,18,2,4,4.755883523256633,190,Wheat,124,96,11.5935480946074,2,55.27322191828873
22,14,4,4,5.855470442106678,654,Wheat,165,75,11.485283851073113,6,21.070388542496083
53,15,3,6,7.415923513818512,145,Wheat,133,81,10.631329798274109,4,52.665003268779614
45,1,3,6,10.429199194340436,124,Rice,98,32,9.271231202875354,3,18.85381277645138
14,28,3,3,6.808792279996459,965,Cotton,112,65,9.681736735129908,2,64.30358161810695
14,3,4,6,4.139822307044838,806,Wheat,76,73,13.142689904607677,6,7.84402028786709
11,28,5,5,7.866894823613832,448,Cotton,154,28,17.09799826874344,1,43.7470684096639
52,30,4,6,11.973028763396975,710,Wheat,107,22,16.098992674908246,0,101.11169895165077
54,16,1,2,6.7921679652393525,867,Rice,171,42,9.824920735062836,2,121.61909409981624
42,9,5,2,11.690036150138518,972,Wheat,171,31,13.616901456967605,4,25.1450711858459
31,26,1,4,4.810761049091381,534,Maize,58,60,16.4692464153313,0,141.38268731733078
56,14,1,4,5.384797263242438,429,Rice,178,63,13.394930311722746,3,93.63059558951967
37,30,4,3,9.792976561165666,984,Wheat,125,77,17.11432121333832,2,85.46844700884165
5,20,3,2,8.00969959176565,393,Wheat,141,30,17.078849597268267,6,49.050395310139976
48,25,5,3,10.120974427727088,345,Wheat,68,38,11.482440295279748,6,60.917964749221184
57,37,2,3,10.90846676023112,265,Maize,171,78,16.739295729110026,6,223.1287199357214
38,35,3,6,6.008679008488277,356,Maize,191,92,13.851158037900309,3,85.7868457899723
8,16,2,4,9.462633363517934,921,Wheat,191,56,12.798463092091675,6,77.59370680441813
21,2,4,3,8.860809893070048,451,Maize,129,29,15.74265274797547,0,2.8067883662750814
8,13,5,3,10.892280233537049,889,Wheat,137,92,15.896167580218048,1,23.042018681981542
47,12,4,4,7.4408312048790615,288,Maize,55,52,14.754223616541955,4,31.52362123584121
58,26,2,4,4.41496344568528,797,Cotton,162,96,16.108937707558532,2,79.10719848616485
30,0,1,2,8.593489018180096,793,Wheat,143,39,17.514239123559285,0,12.323179455137904
8,16,4,4,11.671026552947662,374,Wheat,72,63,16.730874537062064,5,41.81845559267947
5,33,5,6,4.117049436041787,838,Sugarcane,68,94,8.742532708865834,0,33.007033465801264
11,13,4,2,5.922063907379637,133,Sugarcane,179,32,16.500289768086468,2,15.569302735037123
34,16,3,3,6.52854231971296,818,Rice,157,82,15.815276919320837,2,45.898107744373334
54,2,4,6,10.126711103127803,655,Cotton,185,33,17.267413939175,6,18.111260938571874
13,33,2,6,6.586215379745295,984,Cotton,154,92,15.395689567882812,5,116.74284001122066
39,39,4,2,5.912670905570511,589,Rice,92,73,16.778535172685874,3,70.32606182262235
12,24,5,3,9.188464115736329,598,Sugarcane,82,61,8.102187617846988,2,41.604228525381984
28,1,4,2,4.371242311687997,344,Rice,168,57,17.778053243324962,6,5.075873641870858
23,33,4,5,5.364774879669976,353,Sugarcane,83,91,9.909063040604881,6,51.27253140252609
40,25,5,5,7.26424182935555,208,Wheat,127,55,16.642295554286445,2,42.00586249869227
54,30,4,2,6.844799698720249,422,Rice,149,28,17.2961063288026,0,63.06036236526521
56,8,5,3,6.777326553466906,213,Maize,69,99,8.022234334457913,3,31.081137071783175
47,29,2,3,4.868440104957294,584,Sugarcane,111,24,17.136780906680595,3,76.04301285479958
31,19,5,4,6.886720155598373,377,Wheat,51,34,16.292118829158497,6,32.21215296318053
36,20,2,6,10.383942175931221,848,Maize,137,43,17.224126455946063,4,115.85742679876341
18,28,2,2,7.310753614379162,128,Maize,167,83,9.768823049950864,5,116.37435190328108
22,24,5,6,8.68936947852548,497,Cotton,117,67,15.774409334523451,4,45.94589858757449
32,37,4,6,5.30863527453854,321,Sugarcane,128,62,12.874858547545081,4,58.73735652844109
33,24,3,5,4.557690907748609,417,Wheat,132,58,10.576890349997404,4,42.52932583600719
20,8,5,5,11.039648335452485,370,Sugarcane,196,44,15.561714039618787,3,21.829507486273968
39,38,4,2,6.650980769167671,853,Wheat,161,99,12.732532263677845,0,73.35185945934265
51,25,2,2,6.8026978645450615,497,Sugarcane,84,99,16.998846875339975,4,105.66776059823799
35,36,1,3,11.021502795830868,982,Maize,197,24,15.107315033239198,4,413.4989563003404
8,15,3,2,9.66217079126995,550,Cotton,152,79,9.391453829602975,5,54.56028613858345
41,36,4,3,10.050101687900902,708,Rice,90,26,10.507634708908423,6,95.56289145691214
21,11,3,3,9.456027873341302,442,Sugarcane,171,37,10.645335303043861,3,38.14427402274885
43,23,1,2,4.846337958332291,480,Maize,192,25,11.440500902528026,1,126.60171683626429
52,25,1,3,11.663966568449823,475,Rice,81,31,14.664504292449443,0,311.6634693372953
50,19,1,6,11.27309029702342,874,Rice,190,52,16.94332563754259,0,229.08221631180746
30,8,5,3,5.8897610146516355,439,Rice,184,40,13.937002570940903,0,14.817256066017311
52,22,3,6,10.43195352915073,106,Maize,171,77,15.518017116321575,1,93.38187631128586
43,38,5,6,7.27517145197856,372,Wheat,103,97,11.167328966309178,4,64.6614621195548
45,28,1,6,9.470135742915865,387,Rice,65,61,13.224648058929375,5,285.0545448745975
8,30,4,4,5.324823998505872,992,Cotton,59,65,13.041263436110718,4,38.72695121820789
34,18,1,4,8.308434005251367,946,Wheat,102,22,15.010598246394338,0,156.66217221908772
34,19,5,3,5.012930396479248,816,Maize,131,76,13.179589443333693,5,27.13486285656986
26,22,1,2,8.289337322864927,283,Rice,83,72,11.342536306388302,5,195.97045773124398
15,26,1,3,5.948751648457702,929,Maize,134,81,10.439074028523427,1,164.7924881378277
6,29,5,4,7.619732230150517,669,Maize,134,32,10.547059488734565,1,35.38561104294338
48,20,5,5,9.343754937395445,722,Rice,178,70,17.8088442732383,3,53.81616206928648
16,34,4,5,11.01659665328495,285,Maize,108,38,11.574764867707326,3,96.80231553143605
34,6,5,3,5.322312024682224,742,Cotton,148,78,16.066040970137983,4,16.217501709762917
40,21,4,4,11.146152923341585,700,Cotton,74,81,8.71366402064259,4,67.78398278175383
22,9,2,6,7.120301183418321,579,Sugarcane,80,56,8.896532290999906,6,38.740283972408974
30,22,2,4,10.750372548847047,947,Rice,123,96,14.861511524599697,4,128.53803740870882
57,14,5,3,8.100383347342104,729,Rice,174,34,12.572091181025089,0,32.100873986710226
11,29,1,4,10.89766857410352,356,Rice,52,89,16.80493299291812,0,322.3550506208326
5,33,3,5,9.302592540161598,603,Sugarcane,135,31,16.622202742823337,3,98.8607925957123
30,12,1,6,8.069729124934145,209,Cotton,151,69,15.556572407474075,4,117.97788732593472
27,3,5,3,6.50030906400263,678,Cotton,170,66,16.153162212852013,4,16.546945529498615
30,17,4,3,11.751272700949244,247,Rice,153,35,16.705040791261737,6,54.4030306357181
49,22,1,2,10.407181261331342,831,Maize,111,35,15.835755494493052,3,243.75317326380173
10,32,2,6,7.049497481378091,313,Wheat,137,86,13.268922499358235,5,123.17034169304415
10,33,5,3,5.333788744472368,673,Wheat,170,53,10.647465369972915,0,32.74285095845555
48,33,1,4,10.236283348746351,667,Rice,82,65,15.873823411627026,0,360.44186125489244
12,35,1,4,11.91955430248736,536,Rice,140,83,11.177082710113865,3,427.9724410793209
28,34,4,4,6.2317996303397765,923,Cotton,190,68,10.448179945480707,5,64.40741194973924
26,16,4,4,11.326904578679965,433,Cotton,88,40,9.716676184158535,1,53.26421459009477
23,27,4,3,5.0029656447033615,528,Maize,78,72,14.271885272570952,2,37.88769557624117
41,13,3,5,11.617650034014833,946,Cotton,154,81,10.424789763036383,2,63.826959276803805
22,33,5,6,9.962711299544507,195,Wheat,74,73,11.748276369460267,3,70.68344537318181
35,10,5,4,6.772769834109628,757,Wheat,68,22,15.090629993223775,6,21.501029163069163
41,12,2,3,6.437054578369871,147,Cotton,148,72,15.938292583433842,1,59.321374464399575
34,32,2,3,9.147482831514811,905,Wheat,65,31,11.147646643544524,3,155.69274663454271
46,1,5,4,8.7480571220696,377,Wheat,121,99,16.428000904493764,4,14.98968867823578
37,33,1,2,11.351493611949492,302,Wheat,134,57,8.57956736352507,1,391.3691817695161
14,28,5,3,10.129945073673714,298,Wheat,55,97,17.858727959407776,4,61.504402840496745
41,36,3,6,8.322918980591414,607,Sugarcane,86,37,12.16876464968271,3,111.41012124906104
16,3,2,6,11.420526734717235,428,Rice,103,54,11.248852165459306,5,23.815980752364222
58,11,2,2,8.74184505066575,996,Maize,53,89,17.23675746123213,5,63.40593358056564
34,25,2,3,10.79747868528542,992,Sugarcane,134,90,9.32389025547591,5,150.81017153624074
31,27,5,2,10.72754121678285,223,Maize,64,95,11.5779871239912,5,66.68635287445602
43,2,2,3,11.35355887159629,299,Sugarcane,108,36,11.589011179986336,0,23.756581734384344
13,19,2,3,4.540816250232837,174,Sugarcane,91,40,12.243616984667263,4,48.50464005902261
58,9,5,2,8.670557343574222,256,Maize,165,89,16.483390771341213,0,27.88447666300624
25,17,1,5,7.747140729368393,233,Rice,55,66,16.493814840593895,0,145.6534871131898
16,26,2,4,7.92433906771738,411,Cotton,68,56,13.916372967412805,3,107.68930277761517
59,30,2,4,7.679284828961623,219,Sugarcane,171,73,17.91758762071806,3,131.26045008073353
33,26,2,4,10.699733515378728,111,Rice,153,34,16.441607784135954,6,150.49507149046028
37,0,3,2,6.5474631793355105,846,Cotton,139,30,14.810692599668947,2,9.740102443340893
47,5,5,3,7.702008653038227,906,Maize,175,28,9.994584224996519,5,9.39650235190115
57,10,2,3,5.605460343208685,719,Sugarcane,124,87,13.49730738870102,4,45.407765564193205
19,33,3,6,6.013732927397878,644,Cotton,159,22,10.139067399940334,0,64.33392881654973
6,38,1,3,9.283360666751001,219,Rice,191,32,11.016562329896022,5,351.0053828051819
56,19,1,5,4.935487506005296,867,Cotton,171,25,14.858638076409687,5,109.27918581694773
43,20,3,4,5.5025744879574185,182,Maize,59,20,9.844197137990925,5,47.47320625398289
57,20,1,5,8.224276476570513,792,Cotton,66,24,8.90840983196439,4,183.86928832287603
48,17,4,4,4.350184223704108,327,Wheat,64,85,13.315455924956744,4,31.89631949816638
58,20,1,2,5.015415995363132,886,Sugarcane,52,60,8.009514591199686,3,116.55126130585609
22,18,4,5,10.90682351173399,285,Rice,199,69,14.089153482311243,4,55.42831097091053
7,3,3,3,10.769174126359966,952,Rice,105,26,17.013415812019414,2,11.168352689726094
11,12,4,4,6.782208840375858,310,Sugarcane,75,40,9.90242688863331,1,17.66681571267422
47,17,1,6,6.7839305224894755,860,Sugarcane,152,72,11.827691281581789,0,131.48032239901787
22,28,2,5,11.49212359411203,995,Wheat,136,39,17.163664951051658,1,167.4352807181142
48,24,4,2,4.206729112576186,142,Wheat,110,84,15.038711802185736,6,37.28099316970106
42,12,1,6,8.642364104682166,608,Rice,104,51,9.35313717664675,1,113.15117566433237
41,26,2,2,8.779124632325818,172,Cotton,52,93,11.819945224664478,0,127.80754418925959
37,18,3,4,10.303096537453289,953,Sugarcane,190,25,15.559951813055708,1,66.97976102904352
48,0,3,5,11.614004126580806,118,Wheat,118,60,14.64777806136912,4,17.95799095488138
35,37,5,2,6.8466206963467515,264,Wheat,184,52,9.556586359296903,3,53.81957006510682
15,18,3,6,7.50266778764801,366,Wheat,100,93,8.62482083528425,2,50.864600282494806
8,0,5,6,9.370387844161419,539,Cotton,103,44,14.81664813258048,2,1.0
22,39,3,3,11.738172978753413,227,Rice,61,43,14.090227819156587,4,158.12627949785497
8,16,3,2,11.12633882989366,966,Rice,168,31,8.59342704191783,3,54.614517972836886
53,20,3,5,9.336424026160357,552,Wheat,162,56,17.7481189154408,6,76.82742050854313
38,21,5,5,10.853788573368178,400,Cotton,169,69,10.524385710137532,3,58.062454717988814
33,14,5,3,4.68163544713149,417,Cotton,138,28,11.860235486431327,1,16.901334449837908
28,38,4,6,7.017015542814821,962,Rice,155,86,9.7759748924147,2,77.58350155692044
26,38,1,2,4.1047399655907775,753,Sugarcane,163,23,16.285221702067567,2,165.87861603291327
6,31,1,6,5.419777906087603,133,Wheat,80,73,17.62568208458213,6,172.1551638522556
48,3,1,2,9.043940569619217,197,Cotton,60,25,10.133056733630134,2,45.31394143495488
10,31,3,2,11.084492989869334,309,Sugarcane,170,85,10.831690840630795,0,117.80485732812922
46,3,1,2,9.062242479934364,415,Maize,183,56,15.065159854843387,2,42.97078558304874
29,0,5,6,9.313104856068534,419,Wheat,172,64,13.278891935519354,0,3.875450435366153
59,32,4,6,4.830572842049615,809,Maize,94,33,9.050674876471792,4,55.55809125605787
25,6,2,6,9.318883927307038,534,Rice,139,62,17.286192969143087,0,42.27910179654796
59,8,4,4,7.634773738953528,355,Rice,121,85,14.111511089822162,5,28.902337006848594
20,0,1,6,9.211521852654588,653,Rice,152,26,11.012575098939134,5,7.907361800873954
35,15,1,3,6.609384876238619,504,Cotton,86,74,12.898031290179851,0,107.83275819619014
18,17,5,4,8.651887533305361,715,Cotton,150,56,13.002468516002953,3,32.93517811336311
43,5,4,2,7.392554374647915,933,Sugarcane,161,95,13.254177627164896,1,21.0212215366396
32,1,5,5,8.469096443480487,553,Maize,79,35,12.973056980542822,6,6.1013633214892895
36,8,5,4,5.1767161466384,981,Rice,87,36,13.617932530499267,3,14.582184284157366
32,3,2,4,7.16659882893828,288,Rice,193,90,11.93352700559054,5,21.619949914906858
55,22,5,2,6.994229258054832,933,Cotton,185,20,9.461626951765364,2,42.0296889262901
59,7,5,6,9.891156165222466,954,Cotton,58,21,14.64583109204249,3,21.46451213415643
53,38,2,6,9.651276111744524,673,Cotton,70,52,15.924864972522105,1,194.40974602980188
13,24,3,4,11.270869477850663,487,Wheat,118,32,16.410182031523355,0,91.90346066638497
49,15,3,6,9.05644473826558,242,Maize,68,84,8.219521057628748,0,63.395354628000554
26,34,2,4,6.516377038347787,321,Maize,161,70,12.04625330221345,5,124.44578935212641
36,16,5,5,10.26579730588265,539,Wheat,129,52,17.78438241934706,6,34.86907394900664
9,17,1,5,7.975981148269011,631,Rice,67,22,8.62563098847147,6,131.76178616700452
27,26,4,2,5.547945685032628,379,Sugarcane,129,79,15.855540942895889,4,42.471883970974034
9,14,1,3,9.979291746617012,876,Sugarcane,174,63,9.261129509075626,6,145.77038586835687
46,16,1,3,5.060251165753832,347,Rice,182,24,16.246391606919154,4,91.95643317295765
57,4,5,6,5.425226649969034,215,Sugarcane,165,66,14.722212989863863,1,15.353441053482694
36,15,4,3,10.070047427481178,504,Cotton,81,62,15.250330882893703,1,45.60433874599504
14,14,4,5,10.161157552570305,354,Maize,137,66,17.77321149653772,3,32.19152768805607
43,33,3,2,10.326250150433722,396,Cotton,121,25,17.39483783106891,1,120.57946796300261
19,18,2,5,6.346600995336925,624,Sugarcane,179,79,11.043714824121746,3,68.4653579851744
11,7,5,4,10.932699658972151,657,Sugarcane,103,55,11.75216519364625,4,17.71243556407714
33,9,4,6,9.781345087696582,433,Maize,152,56,12.071817151895496,3,25.26715513570702
51,4,5,6,10.671739276410724,853,Cotton,91,96,9.805748865610493,5,23.27189138398219
7,25,3,3,9.668843877975121,170,Maize,151,95,11.81134882497934,3,91.05831693762259
23,21,1,4,8.636771669970724,158,Sugarcane,168,25,17.790248676531938,6,190.90514087976925
14,22,4,3,4.875158172592155,815,Maize,164,49,12.895630358146416,4,29.00524013307617
32,12,3,3,9.687489695615593,150,Maize,109,29,17.526008888212793,2,41.43961130507746
33,8,5,3,9.523686203665473,115,Sugarcane,173,47,8.714579689643468,1,24.004642615686166
19,19,3,4,6.499929066294883,603,Maize,98,25,8.392855253303924,0,41.50082312138605
39,27,3,3,9.886558152371409,150,Cotton,72,92,13.753301336258023,4,101.84233187623815
10,36,3,6,8.403636427450621,835,Sugarcane,117,43,15.362537912889215,3,103.93410218117569
16,23,3,3,8.475249908347319,227,Maize,84,71,10.174590119948434,0,69.9922448722051
51,32,3,4,6.9408374302857005,269,Rice,191,87,13.03358488576339,1,93.15993941965293
42,19,3,4,4.9342803307210925,878,Cotton,71,64,16.72940500148038,0,46.52881600678571
17,29,2,5,5.735427662927912,679,Cotton,52,46,15.617244493378005,0,90.8039397575536
33,8,5,3,10.150653226688465,732,Cotton,124,87,10.318139179328082,5,23.343146388129018
23,16,1,4,6.171532403975151,279,Wheat,59,32,11.344714152962307,1,112.23177455848962
7,35,5,3,4.018024434684892,837,Sugarcane,116,94,11.057912680948611,3,40.402859929127985
12,13,4,2,11.976139369052401,427,Wheat,99,94,15.195069013375063,3,44.31248320441125
12,18,4,6,5.685457870802967,802,Maize,176,38,17.68181147721758,2,28.76583531559738
59,6,5,6,9.24306519096315,400,Sugarcane,64,52,10.800784434796467,6,25.551384911795356
24,2,3,3,11.41537603659995,350,Cotton,171,97,13.88300519548049,3,17.8818896995374
51,32,2,6,8.797701877071496,617,Cotton,97,32,17.885585037329886,2,155.9049863348919
8,31,1,6,10.392244920675658,361,Cotton,163,26,9.575794434785788,4,323.42509745880324
55,10,3,2,11.81097369719052,190,Cotton,55,52,14.590823151184065,1,52.84159149593082
25,1,5,6,10.882907407438285,293,Maize,53,51,11.319880971458637,6,2.6378671165931893
7,25,5,6,8.463232709426894,428,Rice,72,64,17.916685578564554,2,41.735252619525376
49,3,2,4,6.909623443856609,163,Sugarcane,114,75,9.0877135501535,1,30.944690401847243
12,16,2,6,7.859715593311677,393,Rice,105,91,12.512566170425943,0,71.88741037300113
27,16,5,3,10.734609345524355,325,Sugarcane,64,65,10.549733629465415,1,38.73683785227022
20,27,3,6,10.826836881205121,544,Cotton,181,38,8.316823415366276,1,103.50885362711229
17,29,3,3,10.766839378866909,433,Wheat,140,53,17.635971715636312,1,104.89269900453448
7,39,3,6,8.777795222000087,162,Maize,153,82,13.681718742578932,0,115.67918585524222
52,22,1,3,7.815647342060903,978,Sugarcane,58,89,15.00787156338503,6,194.121214457727
13,23,1,6,6.490704448765294,596,Cotton,88,73,14.202749443973731,3,156.12353088914946
18,28,3,3,4.026886841455434,682,Wheat,89,74,9.484736065979074,2,47.85679069644406
17,3,5,6,10.115882166887648,631,Cotton,65,69,9.705604038424278,4,4.444449598923416
57,37,2,2,6.2159862401124375,558,Maize,130,84,14.264455233051272,1,134.71783366612246
11,28,4,4,6.637423163082699,432,Wheat,140,64,15.798095162047773,1,46.80903139917922
19,18,2,4,10.74784979877635,344,Sugarcane,187,49,14.110702020307055,2,104.54147976743387
11,26,2,4,4.418009256980965,163,Sugarcane,114,98,13.70373873579773,2,65.17200214146135
42,28,4,4,11.420962651659508,904,Sugarcane,164,92,15.459623184074825,5,89.63372276564446
38,35,3,2,4.010895379508051,975,Sugarcane,99,80,10.436083570834874,0,62.05395475861789
45,34,2,2,11.51335291860325,836,Wheat,78,78,15.316461492960165,2,213.11596059753325
26,5,4,6,7.638067928667331,365,Maize,195,21,12.112204449888452,0,9.90778934385838
28,22,5,2,4.816981001214557,261,Wheat,156,49,14.74050092870782,3,25.93383056899397
53,38,5,4,9.3932909379295,144,Sugarcane,172,65,10.747166530761742,0,87.81312817471253
41,7,5,5,11.166851405769775,930,Maize,156,87,9.374649512532402,1,27.834370518426244
48,1,3,6,7.50458253478096,880,Rice,60,38,8.291590163425044,4,13.843574816606091
5,12,2,3,9.53086323224533,124,Rice,150,24,16.034742084750484,1,58.401286077769875
14,39,2,4,11.834901761514352,994,Wheat,197,92,9.969692182426638,0,235.77005275380435
47,20,1,4,5.92560658970404,399,Sugarcane,199,76,11.63464350133854,6,138.17999699276257
20,30,5,4,10.563595655381505,324,Rice,192,82,15.688549307596983,5,67.63688975356148
50,35,3,2,6.361896874777413,173,Rice,84,71,12.501819352172838,1,88.42803883034311
12,37,4,3,7.41070079992128,215,Cotton,129,78,10.17548918806128,5,76.9521450371501
53,26,3,6,6.2541269479780865,251,Cotton,165,79,9.94762402988229,3,70.56832437526849
29,35,2,4,7.568093987472979,680,Maize,157,99,12.07935347120312,5,148.74461389657841
54,22,5,3,4.04071225942626,813,Maize,197,39,13.651763659434543,6,27.57047736322497
16,20,1,5,6.427510778642172,914,Sugarcane,105,52,11.923516970209686,5,132.8422313356423
29,12,3,2,7.562352511501566,190,Rice,100,31,17.04569574219486,3,32.11569900076526
21,36,1,4,9.057921469648768,661,Wheat,144,40,8.038340303134413,5,332.7096859521218
30,25,2,3,9.09889112940727,983,Wheat,134,75,12.02011603365798,6,127.09660562496988
50,39,4,3,8.670284947763943,388,Cotton,99,42,15.428348742149156,4,90.38142739931727
52,6,3,4,6.344254636738375,191,Maize,170,39,16.908911171339504,6,22.2898762874384
18,38,2,3,11.579234527485964,971,Sugarcane,143,68,11.58401817593738,4,226.3786009885851
45,21,5,3,7.135758589928795,846,Cotton,53,66,14.735891293722611,3,39.650714794415435
40,38,3,6,5.7351515299124625,486,Cotton,112,89,13.80348753018373,3,87.71777461623739
27,22,1,2,8.436103517343899,514,Sugarcane,71,64,10.015324665371608,5,197.26529212724853
47,29,3,6,9.99142935904731,927,Sugarcane,106,95,14.809443503484667,1,112.51504589765574
10,17,2,2,4.09786858257813,640,Rice,53,54,10.495646079665027,3,35.65993273900505
51,17,2,2,6.2107520591643794,271,Sugarcane,97,91,15.839076668240196,0,74.11356331392462
9,9,1,6,10.599822820800238,784,Sugarcane,55,46,16.659011951677314,1,101.29414358000946
47,38,2,4,8.056168747084786,471,Cotton,164,99,12.784222969482009,6,177.104830148081
29,29,3,3,7.267906436639312,597,Cotton,120,66,8.541245913339727,2,79.83896792988931
22,25,1,5,11.447210236658496,335,Wheat,182,51,15.373525589581886,6,295.422241371004
17,6,2,6,4.7162807769827095,141,Wheat,134,48,12.672151618068806,4,16.758089073714693
47,6,2,6,8.924561606222792,248,Wheat,69,90,8.945192300707483,4,45.617139892775825
18,4,3,4,6.737509729950216,899,Sugarcane,63,99,11.311370210714859,4,16.25928470911832
32,0,2,3,4.566587186343406,824,Rice,166,72,10.906411498597905,1,11.77369799343161
22,17,3,6,5.709956068886561,786,Cotton,120,75,15.263593985738972,3,41.03078459807601
32,12,5,5,9.023465704138275,710,Maize,144,62,12.240667048789955,0,28.614402734993295
55,24,3,3,4.226215470836459,577,Rice,185,23,13.870476993500251,2,45.54982758687783
31,39,4,6,8.737990523114807,219,Maize,107,83,13.010986118968908,4,96.30875858034581
36,7,2,6,11.654803369738435,914,Sugarcane,50,42,15.24256928239214,6,48.63746989737908
51,9,5,2,10.360768498962155,628,Maize,185,79,15.180508457439254,1,38.788749185677645
13,31,1,2,6.764776634670765,640,Wheat,132,49,12.48789832425583,0,213.27969558841636
44,16,4,6,5.1056611708928665,147,Cotton,187,62,9.350333317979985,3,29.314698167223888
36,37,1,4,7.720515471303829,485,Rice,67,67,12.078763554488548,2,292.0102759080136
24,14,4,2,7.143603489427243,900,Wheat,142,99,9.601352159081983,6,29.025740127856476
32,14,5,6,11.773863680190816,227,Cotton,115,26,17.591579156053555,4,34.23233352193318
37,39,5,3,11.918944436067376,601,Wheat,116,50,17.501440980001373,3,98.4142851563129
8,19,5,5,7.284677250590329,546,Rice,176,38,12.566856622855852,1,23.630294525933476
50,14,4,2,5.190271868239495,679,Sugarcane,137,71,8.2762787587637,4,33.549005306896994
38,34,3,6,11.284876397143242,138,Maize,58,87,11.746436895663974,1,143.89153528565853
52,5,1,2,10.348338205335946,572,Sugarcane,156,25,16.950940086624644,3,68.55078834901413
7,29,3,3,8.090193653245581,232,Maize,97,79,10.880211359134623,2,80.70564379453765
30,7,3,4,6.9228371441211305,218,Maize,175,31,14.219798444586004,4,19.02690569706254
12,30,2,6,7.58532662079782,423,Rice,109,57,9.839372289045803,4,118.66630612292937
10,31,1,3,11.215049402440883,151,Rice,127,32,16.251642056848404,6,349.2990977229401
20,14,4,5,5.477147582108308,235,Sugarcane,175,47,16.91897320864635,5,25.868242873751143
28,17,2,6,10.454268168987767,503,Cotton,167,24,14.15119696030204,0,95.91595286037216
52,12,2,5,4.145525062617243,858,Cotton,92,65,14.23762480608383,4,41.52895408607871
43,23,5,4,11.36457594513668,268,Sugarcane,175,65,11.785600294031166,0,57.93798563583016
34,39,4,6,8.002378237169646,681,Maize,99,46,15.070913656205082,3,86.19039935100767
49,13,3,6,5.8139826107293775,647,Rice,156,45,12.784615865295752,5,39.1078455568248
17,27,3,3,4.022852022537459,899,Sugarcane,137,81,15.454868679260567,3,44.29441728664118
9,10,3,2,8.476371749958194,616,Cotton,63,87,17.685118957177508,6,32.29564982806047
29,5,5,6,5.955902964478705,459,Maize,67,91,16.223758640449468,2,8.565562157463871
24,24,3,4,9.050114688086747,759,Cotton,126,31,13.173312446387937,3,78.37173107042165
58,0,1,6,6.249354251616378,336,Maize,83,96,17.788885156165215,2,26.419977739159393
22,24,3,6,4.704192233521815,167,Cotton,132,71,14.070822293683918,1,43.36141327435941
51,1,3,6,8.040413038748476,842,Wheat,90,56,8.648724195625034,5,20.09774413732698
22,31,1,6,8.515885890305155,249,Maize,168,44,15.303676237201682,6,274.93082620900765
6,12,5,4,7.620720204316406,580,Maize,124,58,16.200621307505884,0,19.768080831258672
14,32,2,3,7.664284434638251,514,Maize,176,86,9.348394059703292,1,133.058363626097
59,31,4,2,8.717201023200122,320,Wheat,118,38,14.792899664807347,6,81.15054411549545
49,23,5,4,8.210828075281228,360,Wheat,186,90,17.209166407041927,2,54.4849263014881
54,26,3,4,5.060540310901265,365,Cotton,97,96,10.514259528361707,4,64.45961219942524
51,3,2,5,5.576685171880259,558,Rice,61,43,13.850086088698728,0,26.038951500682746
16,23,4,2,5.134328331432401,725,Cotton,162,70,10.745882846581413,1,28.894427958791507
51,22,4,3,9.546364657757966,776,Maize,63,64,15.744074148073729,1,67.92959903857732
17,28,4,3,8.228787297335728,155,Maize,113,27,13.80660037224665,6,57.16788587966826
54,33,1,5,7.438840988247426,953,Cotton,75,91,12.280763477230423,1,270.9401157614102
51,20,1,5,10.386711962182794,507,Sugarcane,184,64,8.289879890364302,3,227.85485140022246
59,29,2,4,6.606357278086441,568,Rice,104,21,17.447989479182464,4,112.09081958457864
15,25,3,3,8.544853304727688,967,Wheat,108,49,12.977392729783798,1,74.23840994821117
23,19,2,3,4.595260811921587,861,Rice,128,86,16.04109543166396,1,50.74026926441518
39,15,3,3,9.955232670600896,342,Sugarcane,117,64,11.918949112714081,1,62.449635273802464
43,2,5,4,9.561539558524718,613,Cotton,194,45,16.491036370122238,5,12.358699164058397
57,36,4,3,10.419037034375055,754,Cotton,179,36,9.60038950425546,4,106.20579901683386
30,39,4,6,11.07580766413243,268,Maize,121,57,10.314939120514925,1,116.56316841461987
50,24,1,5,10.064226138363349,674,Cotton,97,86,11.333913959461029,0,262.237616905526
18,22,5,5,10.755919121018351,532,Sugarcane,54,76,8.885953373243265,5,47.622038859418986
58,0,5,5,6.7652367916937965,765,Cotton,70,52,12.438409427003922,6,11.81363788123112
49,32,3,5,6.746698896119518,961,Cotton,197,98,12.859243888633308,3,93.27138541754245
48,14,5,6,11.55440655919853,866,Sugarcane,156,91,9.14799997746596,3,44.041246842461824
28,16,1,2,11.316596290609638,677,Wheat,120,83,12.27098706239753,1,197.67644132705433
45,33,3,3,8.38797872884178,985,Rice,143,42,9.972960506909862,4,104.58583289235554
5,16,2,5,6.932470282181167,384,Cotton,143,31,16.75211769782346,4,55.34074221711422
55,3,3,3,10.928012242070402,553,Rice,122,27,13.092934241095392,2,26.59197393447943
47,12,2,3,6.5872890594189295,287,Rice,51,92,17.519661422997515,2,58.011808894041266
59,3,3,6,5.229080663155555,804,Maize,140,91,11.41431493525576,0,26.992016324488613
26,6,4,3,9.115941400043841,395,Wheat,89,57,11.413951427567508,0,22.942722194735993
27,8,2,5,4.340974477863735,622,Rice,85,52,11.387118468174489,5,31.74496064463279
58,22,1,3,7.032815249331904,791,Maize,190,67,10.682845138883952,4,174.77169740857303
23,32,2,6,10.461310525556975,481,Sugarcane,150,64,15.84236615235514,0,178.82108740864942
22,32,2,5,6.361729565542678,442,Sugarcane,199,94,10.82740811191399,2,117.84633860939896
16,19,3,6,11.450523832588267,701,Sugarcane,67,42,10.88013213378758,4,80.25591591532478
59,3,4,4,11.646597332933098,322,Sugarcane,164,62,8.468962586656271,2,23.892083140291852
32,0,3,2,10.526530406120951,434,Sugarcane,55,44,17.65361381571894,1,6.176794853030399
32,33,3,3,11.901146551936503,556,Maize,116,34,16.862938488470068,6,139.42164977075925
37,26,4,3,8.246112892091501,547,Wheat,174,29,10.925096558425231,5,61.07090057555203
23,20,3,3,8.553596417111773,837,Wheat,101,39,13.207690372909344,6,58.56825485740218
32,23,4,4,10.689334522163827,714,Maize,52,35,12.827450963444555,6,68.41889147570188
56,14,1,2,7.942442046304723,436,Maize,194,76,8.877030965257543,1,136.14224695321894
53,34,4,6,7.253760054664556,454,Cotton,176,65,13.311971387709095,0,77.1363520218941
41,24,5,4,8.918028729396312,455,Rice,115,20,9.13326596891308,2,47.77002004496121
30,8,4,4,9.261276086791057,998,Sugarcane,71,44,12.340896266230496,4,21.894458439742895
39,16,4,5,10.00716657356933,331,Rice,162,75,8.878042868610171,4,47.3388398905679
38,20,5,4,9.345605578080683,366,Cotton,188,65,13.889161856872008,0,45.733338869667335
39,12,4,4,9.965774362106629,895,Wheat,102,78,8.490088837258755,5,41.77158821544038
44,2,2,3,9.39647736711002,289,Sugarcane,125,81,14.284286301969585,2,21.905337736949857
20,3,3,5,7.843561908001431,147,Wheat,84,97,15.072184692714815,6,18.776780711076174
42,3,3,6,5.079476674691763,383,Maize,92,80,13.708631930776704,0,22.21721743341076
17,27,1,2,10.283545831482067,913,Rice,94,27,12.694900304099033,6,284.4339090998889
27,6,1,6,4.2462332111014645,154,Wheat,170,60,8.607927063355854,4,40.02976458750136
58,25,5,5,11.940000734090717,438,Cotton,113,34,8.113532709072876,1,70.65431301618669
26,10,2,3,10.627667919517439,218,Wheat,64,63,11.424315292773075,5,62.464854456382746
20,23,1,2,9.36728486385044,101,Sugarcane,93,20,15.712524340641309,2,224.957161492519
32,9,3,6,11.732854174835627,323,Sugarcane,91,84,14.472778949673703,0,48.93459502621936
52,36,1,2,8.899762251649674,847,Rice,134,53,9.252809437305283,1,336.4711963572644
39,12,1,2,4.451463045954784,302,Maize,53,23,14.879391632036949,3,62.20648277608088
49,38,4,2,8.47505739211616,755,Sugarcane,120,21,13.749155904110022,2,93.06449603447639
50,18,1,4,6.217633485255543,110,Cotton,78,58,9.667231935456723,4,128.69622254519228
12,18,5,5,6.955820223875494,358,Rice,55,73,15.553016414212799,4,24.780834834629232
48,11,3,5,7.676681246800231,397,Sugarcane,130,29,16.30304508682832,3,38.77739268928862
59,21,5,3,10.196805971110269,768,Cotton,142,61,10.325574316736239,2,61.95537442988744
59,36,5,6,8.023433714967648,296,Wheat,184,64,14.35886293363317,0,66.0527019126284
26,29,2,3,7.79744232660063,703,Cotton,188,45,11.781324802302555,2,122.39245809524878
25,11,4,6,6.4157771019347685,514,Rice,163,46,8.58460998185886,2,26.357430687767003
30,28,5,2,8.318977934821625,432,Sugarcane,152,58,16.613532238862767,5,53.835665859797
44,20,2,6,5.987126835482525,252,Maize,81,44,16.207444809617677,5,74.48134398305997
25,10,3,6,6.087950523265824,475,Maize,163,48,11.179425081401554,3,24.033390945120235
29,36,3,2,10.058070201156163,233,Cotton,136,41,13.315051668105086,6,126.65984744252553
45,17,2,3,6.74037811607272,215,Cotton,100,79,13.123696394117154,4,75.05998832123454
5,26,5,6,4.411197383512895,166,Cotton,89,71,9.774591313701599,1,21.01198351953847
10,36,5,3,6.7494182871598465,761,Sugarcane,184,40,9.456739083957363,4,48.06274748105047
27,11,4,3,9.108577662932952,355,Maize,50,27,16.442678754050394,2,33.59776149528657
55,22,4,5,10.51188469341858,652,Maize,55,85,16.673581145077726,6,75.37611344890607
27,33,3,2,11.69549345113889,792,Rice,144,95,15.251797101008036,4,142.15134791131936
47,37,4,2,9.969763371799807,287,Rice,174,37,8.727655250074466,3,101.89056454069417
47,22,2,4,7.430812875334695,138,Wheat,65,34,17.09142175240425,5,93.36680458735742
27,24,3,3,6.392954233639661,922,Sugarcane,192,22,17.807527348583328,5,57.06857878365817
36,3,5,4,5.037039921367115,579,Cotton,199,78,15.756139290897094,1,7.802888942547931
34,29,3,2,9.021491475568915,426,Rice,195,74,11.534126682466896,1,100.35083944118111
17,29,1,2,8.07906651287205,828,Wheat,121,51,12.057747723529836,0,239.16906477289135
47,12,3,4,9.421612131553129,229,Wheat,187,30,16.69636726779968,5,51.31646190539628
22,13,4,2,5.897065251640557,875,Maize,98,72,10.801861075570022,4,21.45067442586196
27,7,2,2,6.5891533448795645,725,Sugarcane,156,48,9.418576111158426,5,33.98098171045226
19,23,5,5,6.336762795989112,162,Sugarcane,187,86,16.228042916714855,5,38.36210373513613
37,17,5,6,10.381214737395284,196,Cotton,88,23,9.933325502790163,4,37.48721956111719
25,34,4,5,5.369838518906774,511,Sugarcane,107,28,17.07299828750382,3,46.24836989859703
43,24,4,6,8.867776936195964,941,Cotton,94,76,13.95682127016089,4,65.35960720873506
27,16,4,5,4.410840126072854,629,Sugarcane,77,57,13.553698523714251,3,25.16106569908
31,31,1,5,8.396220607213756,545,Maize,138,26,15.757493314001707,0,265.31772359942215
49,23,2,3,4.511311806024447,816,Wheat,141,84,8.164652882071776,2,69.76066624547565
48,6,1,4,5.407012726303899,824,Sugarcane,122,54,15.135389964198687,4,54.08833718580884
22,12,4,5,4.904202416428498,708,Sugarcane,54,66,13.984939543937141,2,20.198654337606822
28,26,2,3,6.773802831067412,890,Maize,106,53,13.237806878302871,0,95.98971000291587
55,4,4,5,6.749851341661833,335,Rice,129,82,10.173261233257197,4,22.207274026705363
51,35,2,4,10.61135424582605,991,Cotton,78,28,16.29434444758866,4,202.27806608562275
44,25,5,3,5.80549961104423,779,Rice,104,91,10.506503229072695,6,44.539291801247565
55,30,1,6,4.691093934191816,671,Wheat,106,38,12.897728751582964,2,160.61216956813496
46,9,4,4,8.828094326513039,184,Rice,195,45,9.580803459437973,6,32.23031452329139
11,25,4,2,9.499605596800055,872,Wheat,182,65,17.73710207084076,0,57.72023797064688
54,21,3,3,6.35858892817163,454,Cotton,185,75,9.945328843130351,0,61.39832875578663
52,11,5,2,8.822512930891017,501,Maize,196,29,16.032184014271472,2,29.857680946450124
24,31,4,3,10.208452544053152,265,Wheat,133,62,10.630792508296512,2,85.61994117463819
31,26,1,6,6.780423512608898,327,Cotton,99,49,10.560432374079983,4,188.6851445559282
10,32,5,3,8.202830719464895,466,Maize,135,59,12.217103889037677,5,47.78694790098069
31,19,4,5,5.17306618937856,509,Rice,125,74,16.458475957005014,6,33.971924518320556
13,38,1,2,4.189174408561443,159,Rice,57,77,14.875574174795215,0,162.63434566614342
57,39,3,2,11.850943798486636,263,Wheat,158,50,16.716348443733374,5,169.92144132343722
49,12,3,3,6.3978468042909595,329,Sugarcane,82,91,8.472123042388047,1,42.6208243056698
35,13,1,5,6.231216405774573,981,Sugarcane,151,66,17.556927280537835,6,92.51876527671429
25,39,5,5,11.7859610653847,693,Maize,170,96,8.771368950275944,0,98.86844004092572
30,21,1,3,9.825868190104934,256,Rice,176,56,15.21065389131441,4,215.31839223491812
44,17,1,4,8.682383103523865,802,Cotton,192,76,10.071731546813703,2,165.36543969714148
52,28,3,6,9.594587160746855,973,Maize,143,98,16.40844856615061,6,104.11023368435895
49,15,3,3,9.679412533563221,855,Wheat,52,76,16.62361697519053,4,69.1523561741047
17,34,3,5,10.10668704234386,473,Wheat,101,22,13.51249742980339,1,108.76685034829025
53,33,4,6,4.53751385135936,341,Maize,93,48,12.028707192674393,6,51.42191683565232
27,2,4,3,7.302651358263104,833,Cotton,109,64,15.933712066695726,0,4.554893135786035
24,3,2,6,6.361042542664132,990,Rice,107,92,16.74031363439969,5,21.758672136434022
41,4,4,4,4.564557108136044,267,Rice,144,21,15.38259650673995,1,12.647761540672684
58,9,5,5,7.30079197477143,220,Cotton,191,34,17.069167583434798,5,24.06486701114342
57,28,5,4,8.929387883305175,101,Rice,183,37,14.265315870555868,5,60.302971352470294
32,31,3,4,5.42798143979535,217,Sugarcane,68,48,14.704719315999876,5,61.36520188668495
21,30,1,5,6.44021395110283,747,Sugarcane,54,59,13.718619616104785,0,201.50719993367915
32,1,3,4,9.113366575337231,941,Cotton,172,22,12.881622372297965,4,10.286651893803704
45,11,1,3,8.634597260457706,738,Sugarcane,75,77,14.548605981239323,1,111.9572350658557
6,26,3,3,10.950283705385791,852,Maize,163,90,13.611553958790942,4,104.4277211229514
29,4,3,6,10.329847757203067,606,Rice,157,57,15.312399754581486,4,23.64476338959266
54,36,5,3,11.724888418288236,473,Maize,67,48,17.34234386043273,4,102.36023443665485
45,26,1,3,8.777546480907017,207,Cotton,58,50,11.730471813469798,6,241.21759846730967
10,22,2,6,9.58773893129301,398,Sugarcane,139,84,12.111684184365227,5,104.61412280590159
15,32,2,2,10.884050070515222,532,Maize,179,62,8.150335775209754,1,180.21096901217788
42,3,3,5,10.719939558602144,211,Maize,171,46,13.270345640510852,0,18.522824973411723
10,20,3,3,9.749773136209875,505,Wheat,91,46,9.314009563943813,4,67.84564451747202
49,23,5,6,8.0020496749918,599,Maize,158,88,15.160007107482214,4,51.1051439005942
15,30,1,4,6.1856551058458304,774,Sugarcane,119,22,15.795869313329277,6,193.59844261127603
18,23,3,4,11.017726031483248,886,Rice,133,48,15.227405666585875,2,89.95766671622388
6,9,2,3,10.213243537898439,999,Rice,121,32,13.466443483091275,5,42.44779125412062
44,1,1,5,10.703255615667834,118,Rice,158,79,13.342172906007956,5,29.9234229817548
7,30,3,6,5.1263145451776335,844,Sugarcane,117,86,14.465539408250752,6,58.82023559291958
59,24,1,6,6.518503025514197,119,Rice,138,89,13.547008159959454,2,184.2139853245123
57,3,5,6,7.399080303197209,852,Rice,80,66,15.502908941335189,6,18.11015578794104
39,10,2,6,10.706815778404486,871,Cotton,171,87,16.94527814680435,1,69.23031303327235
37,16,1,6,11.143093381717243,660,Cotton,68,52,13.36129493573587,5,197.83902843509117
28,1,2,5,6.27914171404229,605,Wheat,120,25,9.103416180287308,5,9.019929853884129
23,5,3,6,9.491433338126118,253,Wheat,86,83,9.310328836125517,3,27.69829509235806
22,8,4,5,4.622513649220507,614,Maize,143,97,11.759184468937143,4,21.428533764868757
53,4,1,5,7.276586175750089,919,Maize,68,90,12.962927435026451,1,55.83262223260544
56,19,2,5,7.893352862015081,577,Maize,142,89,10.250503745390668,0,99.81351692647601
28,28,1,4,10.125062519192927,483,Wheat,102,70,12.527502066882084,5,298.951799497785
49,20,3,2,11.135777894696965,903,Rice,124,86,9.357339168906801,5,91.2077336029189
39,8,3,3,6.6982658865956495,780,Maize,181,41,10.40830007645226,1,29.977216488571656
5,27,2,4,8.22191111953521,297,Rice,95,91,15.339589481162605,4,116.82508520173589
40,7,5,2,9.179585778940194,278,Rice,85,43,17.855703223744122,6,22.269599005571692
29,30,1,4,6.629497831574517,714,Wheat,181,96,9.862030955441304,0,211.34548252616406
49,19,1,5,11.884305705392356,830,Cotton,179,96,11.390965799791987,5,248.03087488587
53,26,3,5,11.006195036560197,627,Cotton,93,84,11.506866469618688,2,111.60599457090711
47,7,1,6,6.371222630932933,146,Sugarcane,140,72,10.233260796552873,4,58.67789491965948
38,20,2,5,8.063569847992387,947,Cotton,139,60,10.040569521491964,2,91.61629239129489
29,27,4,4,5.846724905977955,657,Maize,196,51,9.316943338783798,4,39.65965778239554
20,22,3,3,8.116031351226678,711,Wheat,170,88,17.07514595772871,6,66.69245605341021
38,5,4,5,9.466658758586279,282,Rice,157,90,14.493723535917269,5,24.765402628240672
33,2,1,2,4.6841687423439025,453,Wheat,90,64,10.90467943135543,0,26.81560457163833
23,4,5,4,10.960937638458173,586,Sugarcane,171,51,10.580944638430877,4,9.417004976411857
27,8,2,2,8.749966947572668,315,Sugarcane,152,47,13.897231543837295,4,38.13861209537874
23,6,1,6,11.916823188616014,991,Sugarcane,146,33,14.97222377951498,6,78.93933544243137
29,3,2,6,4.204732057996026,522,Rice,87,32,10.530085689440149,1,17.28401774563811
20,38,1,3,10.651986808785857,745,Sugarcane,163,69,11.471628509222427,3,410.11060046436796
58,4,1,4,10.33570438603638,951,Sugarcane,60,59,10.906123220798829,1,60.14579237667565
55,10,1,3,5.062820096320259,928,Sugarcane,127,20,8.877083309858545,3,66.52825638288357
13,14,3,2,6.682445080667254,108,Rice,119,66,11.865284404215366,3,30.597078615493576
5,33,4,3,11.078369624353382,312,Sugarcane,92,49,13.336111742699314,5,87.50788592193955
46,12,5,2,8.147634360578035,238,Maize,153,53,14.553662543343695,0,32.75561974883579
23,6,4,3,7.210251899737912,833,Wheat,138,65,12.16736685489947,4,18.26492597865514
37,39,4,6,11.243971458006733,420,Sugarcane,167,20,17.83370118429621,2,111.22896304855759
38,5,2,4,4.746756195816491,190,Sugarcane,54,53,14.258376926518684,4,26.90946519877791
20,38,3,3,7.784982263218051,989,Wheat,81,78,16.865845585712226,3,107.18347293085546
48,29,3,2,9.218992783802818,414,Sugarcane,96,26,17.159877626435524,3,105.39316520893024
44,21,1,4,8.8683315121201,211,Sugarcane,139,84,16.213993639512896,5,206.10459599530967
59,24,4,6,6.114211635271132,212,Maize,99,61,10.699855823274408,0,49.78683807099614
22,27,5,6,8.506503236274693,809,Cotton,148,38,12.312771073812296,1,42.53084464233534
38,19,2,5,9.668494114287853,473,Rice,144,32,8.003851507473856,3,103.4299996518028
29,38,3,4,8.679083258613588,362,Rice,128,42,12.514068861526653,3,116.5518756704037
49,2,1,3,9.475697807818579,467,Wheat,107,85,10.937527055570257,1,41.463170953902775
10,4,5,6,6.0486299151103236,477,Maize,121,22,9.118960763307815,2,1.0
25,0,4,3,10.662791602174261,928,Rice,123,55,16.385878520233014,1,6.993128245911395
10,14,5,3,7.597516295879759,924,Wheat,187,68,14.734468659800594,1,24.60673481156219
36,25,3,2,11.89779075283655,953,Wheat,151,91,17.99103541792836,6,113.66227786968005
45,2,2,3,4.1862825653355005,773,Wheat,97,91,12.983884424087634,1,25.775272044119337
52,39,4,5,7.042522969981147,695,Rice,77,76,11.307061359708767,3,84.76093699803546
47,33,2,4,5.443800418440887,656,Cotton,163,83,10.638113951196509,2,108.87855362652517
43,4,5,4,8.444876215952426,144,Wheat,69,30,12.353610969369514,0,11.136060212964715
35,30,5,2,5.945640754988902,370,Sugarcane,137,60,11.098721785784901,0,45.79705729719612
46,12,1,5,9.899823572539855,594,Cotton,119,25,17.907585535820555,0,131.32307448226658
14,0,4,5,11.054926898700149,821,Cotton,90,64,9.82793925450419,5,3.2812894304993265
34,21,5,4,5.687074828656887,785,Sugarcane,161,76,8.19129694944508,4,28.79301405829566
56,14,3,5,5.285420946414387,346,Rice,145,52,9.299994939007721,4,43.18633805580808
22,25,3,6,11.002857485827828,273,Rice,55,80,16.91532326723977,0,99.71338627097717
28,17,2,3,6.890175320708045,135,Maize,188,37,14.939192592894884,2,68.21084224924233
56,8,3,3,7.47666907967224,401,Rice,79,26,15.839722105644737,1,29.543903953684648
13,0,5,4,5.767756019548285,909,Maize,180,48,11.204715669989396,1,1.0
35,8,3,4,7.402518944409177,257,Wheat,103,88,14.227035583840385,3,30.73824056098722
19,22,4,5,5.8504005846239755,750,Rice,59,35,15.078986367949192,6,34.139539718274385
8,1,2,2,9.327419525073449,985,Rice,68,88,11.264161121845566,3,12.244905097149342
44,13,4,4,7.9910112998406975,132,Sugarcane,58,93,15.245276910928553,3,39.60295333311483
13,37,5,4,10.304483567703272,862,Wheat,184,48,14.29658715798868,1,72.78616143991933
49,39,5,4,6.501824928538356,481,Maize,110,48,10.962350003001216,5,56.28183628809155
13,17,3,5,8.044760123672301,977,Wheat,63,35,8.528558851797577,4,48.88332467706649
30,15,1,6,6.076186583817075,523,Cotton,51,23,10.378648219077192,4,97.38728541898509
8,28,1,4,11.475791441973051,937,Sugarcane,199,84,14.195361809264886,5,331.348048883658
21,10,5,6,8.175485342328825,782,Cotton,94,91,13.990306572762556,6,17.235088542629775
20,5,5,5,5.387699970543545,721,Maize,69,20,13.07649151314919,6,3.567704795306085
19,2,2,2,6.182125273680232,778,Rice,75,22,10.514751015233767,0,13.805806049040584
39,13,5,3,4.663215712992481,736,Rice,88,83,12.445367425514052,3,23.39043836395734
56,1,5,3,4.222527964781867,825,Rice,165,85,9.440437532295743,4,16.39733817984054
9,31,2,3,8.207374608565367,394,Maize,174,76,14.623829460710407,3,136.60004453186264
59,30,4,3,6.696983380204842,792,Cotton,188,94,16.691600465768015,1,67.45160934205745
9,10,4,5,11.710187642082452,694,Maize,74,37,12.636858987027018,2,25.570382297742498
24,21,2,3,5.370651170891874,514,Maize,149,58,10.129975465771397,3,66.40842478602784
19,2,2,5,10.351301221895563,973,Cotton,112,26,16.278862911434558,6,13.423180383473303
22,30,4,2,6.527771537543222,418,Rice,164,74,11.130794246121148,0,52.78292711040637
51,32,4,4,5.788299088469642,124,Sugarcane,96,36,13.939676322276233,2,53.22391617922803
6,23,4,4,11.757094552010459,857,Maize,191,87,8.754215257200702,2,66.92905083787703
33,0,4,4,10.420612789966125,652,Maize,72,55,15.179374442296336,4,9.957679515138361
17,14,3,5,9.044967131562654,533,Cotton,65,20,12.606717049308457,2,45.77849566561566
8,36,2,5,9.576968297790017,158,Sugarcane,197,54,12.23348622123391,0,183.85079332289743
46,26,1,5,11.931051798804718,276,Maize,180,95,17.34836470161051,6,334.7635511900615
49,37,3,2,8.745659270599095,641,Wheat,55,36,12.914895429918008,4,121.23426291507877
14,26,1,6,4.815203606455681,144,Sugarcane,78,99,8.167505132288062,5,140.07094356574777
35,11,1,5,4.518929013611051,551,Maize,53,47,17.598208833586575,2,59.70690280515587
45,2,5,5,9.332854219790988,408,Sugarcane,163,51,8.12212893560194,2,13.952140864357096
12,29,2,4,9.260809151401187,253,Wheat,57,74,13.358694442581509,5,140.8812380566588
7,31,3,3,9.985390343824708,651,Wheat,97,54,14.335970223842107,6,111.45486412727983
52,22,2,3,4.87022984186091,239,Sugarcane,133,38,16.944841553917183,0,72.67149384782302
50,1,4,2,11.559218198041375,868,Rice,65,99,14.792124610001558,6,22.493286094707535
13,6,2,3,8.40926731128516,681,Sugarcane,96,23,16.11132786947592,5,24.661960923161203
34,33,1,6,9.196444168169723,484,Cotton,80,40,15.69922601347967,4,325.790319451587
57,31,4,4,4.278819067025042,747,Rice,145,63,10.135348621032847,4,47.98133547126504
15,38,2,2,11.687793716124592,847,Wheat,171,81,15.004680719252068,6,228.83800377005647
39,31,2,3,8.50073478995159,723,Rice,78,20,14.375821751481773,5,144.2572279060736
41,13,1,3,8.506904903957029,132,Wheat,125,70,10.439708530920836,6,123.48063757322375
46,2,4,4,11.548442529843038,807,Wheat,117,95,9.283309696388129,6,18.315750426686662
17,31,1,2,11.434801425469338,470,Wheat,168,36,15.516393709755985,2,358.869794275134
40,35,2,4,5.762388734537933,277,Cotton,83,56,17.711262704678802,5,115.29362478218118
17,16,3,2,11.448790575247434,459,Cotton,55,55,15.384458363637346,0,66.56450686011387
16,2,3,3,9.892970315040492,745,Maize,98,48,15.494498764483565,5,8.364869250740572
41,9,5,4,4.15120581865134,802,Cotton,100,88,9.66704513965612,1,17.814625739867957
14,39,3,4,5.918745189906707,535,Wheat,58,22,10.470553615794644,0,68.20259727628836
13,17,4,6,7.303841163771571,998,Sugarcane,182,34,13.857626351534055,2,29.889166106214926
56,2,5,4,8.662579644046037,946,Rice,159,86,8.314308398549501,2,19.274305359595125
11,38,4,2,9.610637843909512,105,Sugarcane,65,96,14.67922943033174,1,99.42598514692934
6,9,3,6,5.681683151655195,904,Wheat,133,88,9.448112517889902,1,21.566650854466737
58,8,3,4,10.693604114189512,790,Sugarcane,177,40,12.13396371213014,4,46.00059146214948
27,10,2,4,10.765722591113239,894,Rice,187,42,11.20188126065294,5,61.37513454208087
43,32,4,6,9.079990554084619,717,Maize,141,66,9.064555004775865,2,90.35158038613567
44,35,1,3,11.368751284125587,857,Maize,84,53,13.787714855145136,4,414.6667664861869
43,25,2,4,10.503859415177503,936,Cotton,111,60,11.612458519070973,6,146.3877659296167
25,26,4,5,5.772989274348327,990,Sugarcane,82,66,8.439849853307386,2,40.88743008851094
27,37,5,3,10.389414930482884,330,Cotton,192,50,12.444199782412543,0,82.7902249341888
33,21,4,4,11.62561663002484,500,Cotton,134,54,13.902588707350784,3,69.60131354475358
18,25,5,3,5.1008515761474476,826,Sugarcane,155,26,9.304143556010576,4,27.06191911277824
30,21,5,2,11.829583078328232,884,Sugarcane,172,64,13.849939010499346,6,53.7265349532067
55,4,3,3,4.199942374160722,716,Rice,164,76,11.020241365688031,4,24.27258307450102
9,34,1,6,8.17733795819018,985,Sugarcane,166,41,10.596481397132738,4,287.3553539493992
59,1,4,4,10.191145111827874,122,Sugarcane,150,89,15.954832099621017,5,27.204873002085144
35,34,1,3,10.323504820370035,906,Cotton,187,40,12.677416721290177,3,366.9905286774948
29,8,5,5,9.877380553170143,260,Maize,129,68,11.779230012023046,3,23.381778695111468
35,17,3,2,8.234810982025294,293,Wheat,197,66,16.13022389777076,1,54.420789518251006
54,11,1,2,9.207714576563163,365,Maize,185,46,17.103442526078464,2,119.16081430840755
24,2,2,3,9.59945748522491,182,Sugarcane,158,29,11.150836184580523,6,9.372620941848655
48,17,5,6,7.956313793711165,267,Wheat,144,63,8.503980633011148,0,39.50719493943926
59,37,2,2,8.7654798010771,940,Sugarcane,57,70,13.407175634282462,4,182.4204997573609
21,6,1,3,10.770944427660584,754,Rice,190,37,15.151537035253966,1,74.6246734760581
49,32,1,3,6.503032169166618,654,Sugarcane,137,87,13.877907442622524,4,228.78220652361668
6,5,1,2,8.185650615749058,443,Wheat,108,57,14.88055750220141,2,44.04301953799153
29,17,4,3,4.067837768204063,111,Rice,130,55,14.46724277202524,3,22.091522186806568
17,21,5,3,9.499491198214345,633,Wheat,109,79,17.559949092300776,5,47.53334928745511
43,38,5,5,5.563083716918734,629,Rice,101,87,16.65917979626252,2,57.837166781387786
32,8,5,3,7.848010029710151,549,Cotton,125,93,9.318435224108757,2,21.37160061069829
46,34,4,3,5.681641730243674,673,Wheat,169,93,12.526038780433815,6,68.07638585846004
59,22,1,6,4.188269716627938,800,Cotton,85,64,12.547685576909673,6,117.4601597609472
10,11,1,2,7.865764413584133,690,Cotton,126,93,12.56333710460298,2,95.42022451324553
7,23,2,6,7.398668852885656,589,Sugarcane,148,94,17.30703949109279,1,90.623523102583
39,39,4,4,7.4011961081950455,266,Maize,118,28,11.271928637054021,2,75.90005085229699
22,8,3,6,5.670449279430962,761,Rice,190,32,14.142730371821743,2,18.29307668206763
15,12,4,4,11.577636717985435,564,Wheat,60,76,16.963134466673036,6,41.195724558294614
58,39,2,4,4.028057214485556,834,Cotton,57,76,8.505386529986026,2,97.98207913949872
24,16,2,6,11.13236359997871,716,Sugarcane,111,56,16.785539727776793,0,95.02412957750757
9,6,2,5,9.895215385115858,865,Wheat,189,66,15.649589981531602,1,39.64260402932475
23,16,1,6,5.376576268266172,106,Sugarcane,188,30,10.078723920088976,1,95.50283529422478
26,23,3,2,7.777535890428436,262,Wheat,194,47,11.255112946610149,0,65.97798616193641
23,1,2,6,11.91080065206618,901,Sugarcane,126,25,11.105867471173521,6,4.838849357597292
51,34,5,5,9.14958589587446,294,Sugarcane,190,52,10.213065047889629,1,75.13274074445118
20,27,1,6,5.01901379054934,418,Maize,154,33,14.3852137202323,6,139.11254051427034
28,18,3,5,7.661137910851455,229,Cotton,135,66,17.828282997367328,4,55.54195729058045
45,32,5,2,7.745624772582499,208,Rice,159,48,9.66611793463919,1,60.296171012628136
8,20,3,3,10.418106663064867,318,Rice,107,34,10.321888594193544,1,72.63054965237716
19,9,3,5,11.329303462609243,605,Wheat,137,75,10.903741316482266,2,38.34052952617949
29,8,5,5,4.6579323463098765,528,Wheat,190,88,17.375710509067748,0,18.180542665518853
48,37,4,5,6.512298295622658,930,Maize,57,50,14.258215855757076,3,72.02486327859728
59,5,3,2,6.38750501508092,741,Wheat,156,38,10.126682676471606,5,27.4153183269282
39,34,4,4,11.968384999352146,343,Rice,169,37,16.039890676461557,6,105.60765996358322
59,17,3,5,8.473816933531197,537,Cotton,113,77,17.22872696120726,6,62.66280334118209
18,18,5,2,11.038651968959876,406,Maize,101,89,12.034421943526954,6,49.782464230030456
53,4,3,3,7.408262795558591,908,Wheat,183,92,9.728168893136706,2,33.97279687892578
23,24,2,5,9.781785203271491,696,Maize,120,49,11.09916555487338,4,119.40513789450789
42,10,2,4,6.292685138433169,354,Maize,71,54,10.17114752608468,1,48.00354366283259
40,9,3,2,11.294288187913867,426,Maize,128,36,10.014270177861766,2,42.121058040107265
11,16,5,3,7.64116992789227,508,Wheat,86,35,9.707887374862496,3,24.325952479006425
34,35,5,4,10.429803978528698,848,Sugarcane,197,87,16.76047820460819,4,77.2908409524452
23,25,1,3,6.046535066740518,100,Wheat,144,52,8.858880204575103,1,160.71780613763394
53,30,5,4,9.548834735375033,876,Wheat,164,55,12.133495295435448,1,70.1541450779901
29,31,4,6,7.2412672352002865,293,Wheat,171,30,8.147350664181456,6,54.452846256551894
20,20,3,6,4.251515383796376,463,Wheat,107,79,10.933952998507202,3,32.18395268966972
51,17,2,6,7.304066030072508,968,Wheat,52,23,15.069351644144124,5,74.67692909853935
58,17,5,3,8.400173134043364,221,Maize,126,82,10.028357568640391,6,40.38463666751968
44,0,2,6,5.214092911305402,463,Maize,124,24,17.987296497208092,3,11.305248703708342
55,13,1,2,5.4713048415409204,103,Wheat,142,83,8.482992421536848,3,93.29119565081695
12,7,3,2,7.718902386585255,248,Cotton,87,96,9.364836678021105,4,26.65454297689877
22,1,5,6,6.741837699467253,160,Cotton,170,23,15.868809685982038,5,1.9765181802339014
32,14,2,4,7.525924304026901,893,Sugarcane,98,54,17.759983566447957,6,62.06510552120745
20,33,5,4,7.6866159145817825,216,Cotton,83,45,17.540130061797807,4,53.849294244543685
56,35,1,3,5.120608349622045,783,Rice,179,45,15.982364454138843,2,194.90345039319232
23,0,2,4,5.449556602160918,945,Rice,172,38,17.7298656858906,3,3.8148235900992242
46,20,2,5,10.785323147835953,337,Cotton,105,56,16.407944493281523,1,115.75813736291173
21,0,3,4,5.301749514483872,237,Wheat,149,30,8.580247963960744,0,2.6934163775115088
49,31,3,2,9.327314664066087,829,Cotton,184,85,16.456341176096252,1,117.66267240904517
17,19,2,4,7.348224374142337,557,Rice,165,50,12.83779935845692,3,75.94006015445194
11,35,3,3,11.745893487757126,584,Cotton,85,37,12.567532129074031,1,135.1367196024507
31,38,2,4,4.5288348951059,181,Maize,75,94,8.025273168399933,2,94.29403237051585
14,29,4,3,10.643110928246095,830,Sugarcane,133,63,14.20257164933225,3,74.07687220104704
38,6,5,5,7.931593848820972,948,Maize,124,35,14.716086730332847,6,13.062968495476966
40,21,4,6,4.042818966913509,813,Maize,139,77,15.907154422951374,4,31.685837399620585
29,9,4,5,6.10928175151643,686,Sugarcane,170,21,11.25952986553158,6,18.223201753608333
10,7,5,2,7.261574820394156,146,Wheat,148,78,9.281336016634839,0,14.877158172940016
28,26,2,5,6.513558027591401,443,Sugarcane,118,67,12.398503108004721,3,96.84364224475618
22,9,2,5,6.899595712111466,438,Wheat,65,55,11.62287930449148,1,37.447853404220766
27,13,3,2,11.333375273097438,335,Rice,124,27,15.53133243308269,5,55.75168910050306
10,10,1,2,6.8874722591386215,563,Cotton,146,55,10.29438778809576,1,76.97539410388315
33,5,2,6,7.350635035221862,762,Rice,186,44,9.381709791527886,3,31.94469011162075
29,20,5,6,10.089052428624903,475,Rice,199,59,12.401854812313854,5,42.27233140949651
59,32,1,4,10.350668525987,222,Rice,54,23,14.27989590735898,4,350.8055572909354
21,18,5,3,4.672717214293557,345,Cotton,169,62,10.809976171730089,4,21.129931859863273
50,38,5,2,9.632560276536033,353,Wheat,92,93,9.144331612096446,3,86.84028242214892
28,23,5,5,7.860575629414206,665,Sugarcane,147,46,12.391163914136165,1,35.10079736166827
15,17,1,5,5.070831145901243,798,Wheat,79,57,17.61877346073501,6,94.5379086974768
30,34,4,6,6.117684511575074,380,Wheat,123,57,17.6731447254368,1,56.419261887550235
55,36,5,3,4.360283978452149,166,Maize,177,83,15.086856466899768,4,48.89278572275654
38,18,3,2,6.881897510494682,752,Cotton,81,36,15.7715341438071,6,49.90478238823994
32,23,2,6,6.043251522672193,632,Wheat,66,32,10.035101369723447,5,78.36756697926977
7,33,2,3,7.056827179040141,633,Wheat,157,98,11.746539256075,1,123.219387657444
15,21,2,2,8.642724380246054,274,Rice,116,43,14.047541538767263,0,94.7493959025937
42,3,1,5,9.85871641629296,290,Maize,176,26,15.504166217753019,0,47.926771607491276
18,9,3,5,8.842815892476239,384,Sugarcane,61,83,9.666249335267972,0,35.97363841945755
55,1,3,6,9.427018418079566,404,Maize,86,82,12.576283725927269,0,17.681155133026493
30,7,3,3,10.925112964950348,974,Rice,106,41,9.627543804342713,6,32.461244479875674
52,32,3,5,10.990595547692088,892,Rice,61,72,14.33358567250042,2,129.8041067164107
25,37,3,3,10.885754786873392,506,Rice,127,93,15.72162207248499,0,150.1215216794674
58,27,4,6,5.225351323836213,431,Cotton,56,31,16.333084711148278,2,51.752037298819126
43,9,3,4,6.008553068749163,404,Rice,87,91,15.323651563372529,1,39.09667030418822
34,0,3,3,8.018602439420576,872,Wheat,91,41,9.591451535744337,6,2.9903724513948164
12,33,1,3,6.869914352128216,768,Cotton,172,58,16.284119377503607,5,230.77159994880415
55,2,1,6,5.053351746239706,872,Rice,187,66,11.344139142164913,4,28.66955910377751
24,8,3,4,6.302001876845211,650,Cotton,91,83,16.357663300575723,5,23.240853772859666
52,4,4,5,11.803430093325112,436,Wheat,156,63,10.509006184114142,0,22.74603043289501
36,9,3,2,6.775414043972289,129,Rice,90,35,12.757032562509444,0,25.959025997377065
26,11,3,6,7.351312546367692,539,Rice,58,78,13.76571727517748,0,35.716935156107425
11,17,3,2,4.051211374858376,357,Wheat,157,53,8.347215469888235,6,26.84285592628582
13,20,5,4,9.75531903832159,882,Rice,154,65,17.03694565390329,5,41.173903189285944
49,20,4,4,7.308400524363038,662,Wheat,142,99,13.11543286458365,2,56.270972421735095
5,0,2,3,4.825120503161289,890,Rice,131,97,9.920417697038983,0,8.20162819616529
33,2,3,2,11.748453906437376,333,Rice,142,89,9.608119282894393,2,21.637710463625517
12,4,2,2,10.219465700680693,125,Maize,168,74,14.86548240615627,0,31.298714656899303
58,24,4,4,9.809200715461815,622,Cotton,170,93,8.817331199899552,5,79.99322992119558
8,7,3,2,11.662978678733356,483,Sugarcane,62,43,12.398217189343935,4,28.867185702405166
39,16,2,5,7.259840676137102,635,Maize,135,46,13.402764853847083,0,64.77263506620602
7,8,2,4,9.748268322339587,492,Maize,65,92,10.331310764448663,2,50.871619205524915
58,31,4,3,5.649663179083609,561,Cotton,81,35,9.291998530004317,4,51.49098614972171
49,5,3,3,9.57696437961696,827,Maize,139,21,12.907065392231406,1,24.494820656654788
44,39,5,3,4.112632737500823,938,Wheat,144,50,11.403277695152664,1,33.22893787131049
11,20,4,2,5.010443043524913,237,Maize,155,82,9.40241619502077,4,34.11518995209639
31,6,5,4,7.402071348822788,836,Sugarcane,167,66,10.103736017240852,1,12.896131186740881
5,6,3,3,4.096741558448065,964,Wheat,162,38,12.709396813520474,4,7.708847011921515
31,38,2,4,7.695726843603354,209,Cotton,119,75,9.330503978363073,0,153.85817764263473
20,26,4,2,8.182333992520032,574,Cotton,84,30,17.361193319441085,1,54.797663721895
42,7,4,5,8.972852780696655,427,Cotton,124,27,15.75455820399766,6,26.344398004969346
11,8,4,5,4.803093415948931,305,Wheat,86,93,11.255578370843576,3,11.585549507904357
48,27,1,5,5.448095305017699,170,Cotton,71,25,10.583557621034574,3,161.94829974109066
27,14,3,2,8.906266965737561,309,Cotton,190,50,16.742955068172375,4,49.65354326019331
45,1,1,3,9.265501699701115,284,Sugarcane,193,69,12.269280532308617,6,24.14793902971993
15,6,4,2,4.20720182568221,701,Rice,135,48,16.62717823666737,6,9.981289582062647
46,17,4,4,8.322938896920306,858,Rice,109,40,15.424563768282926,3,42.42129004815906
57,21,5,5,10.27985385599066,482,Rice,91,60,8.921180081932869,4,56.64682524168028
37,9,1,4,4.552807022283153,844,Cotton,190,88,16.13603936910449,1,58.43125672015212
54,32,2,2,7.305382921972158,990,Wheat,72,88,13.398810432643405,4,141.39805801799116
40,6,3,6,6.612090184240815,498,Cotton,151,98,14.776001404930987,5,29.677148534643813
41,2,2,6,11.309325002816134,644,Rice,130,75,10.190044663300007,4,20.355667781665893
45,13,2,2,5.4864191456516425,758,Sugarcane,78,47,8.002705754389797,6,50.123230087387235
21,35,3,3,6.546883305155841,781,Cotton,179,53,11.336880932113495,0,82.37092656713443
39,12,4,4,11.187557959930423,825,Cotton,151,75,9.906273383147777,5,46.088825589254164
52,15,5,2,6.645226448479782,413,Cotton,163,96,12.352165145653,1,33.417257499823684
9,15,4,2,8.250779524684756,327,Wheat,159,74,8.908978110496935,4,28.43270179803758
52,4,4,6,4.264282697847035,757,Sugarcane,61,63,16.950463007480636,1,13.46201168669895
36,24,1,5,11.879219489400288,245,Sugarcane,198,51,9.187238716082476,3,298.25364957445197
7,37,2,5,10.599573662969515,121,Sugarcane,140,48,15.641849305596745,4,203.77249907359683
56,37,2,3,9.07520755797341,700,Sugarcane,89,22,17.39324531667214,3,182.6500487994519
51,37,2,3,4.486042184719842,985,Rice,150,88,9.482284663977353,6,102.68441013768994
39,38,5,3,4.598959690982245,791,Cotton,101,30,11.464767935903392,0,40.276408365782295
56,25,5,6,8.359789046325517,399,Sugarcane,111,67,15.310624880967723,0,57.97833652665101
18,12,5,2,6.280515489627474,364,Maize,118,72,15.144620780443953,1,16.417102758102626
52,25,3,3,8.982315580025386,149,Maize,159,75,8.373950502745785,0,94.28772423670857
35,0,5,6,8.78553985478218,841,Rice,110,72,8.706940548487621,6,10.780535886666751
35,7,1,4,10.709211186234382,474,Maize,133,45,9.20139632326796,6,90.00477869801344
21,3,1,2,6.251016485701139,160,Maize,95,28,13.680218656048432,4,29.07822106776292
28,20,4,4,8.622908195927941,118,Maize,121,94,8.55043108481534,1,58.55320144000758
56,21,4,5,10.218906550710088,407,Rice,156,84,13.88409947924541,3,70.55908702632955
27,36,4,5,7.92618389057861,922,Cotton,99,75,11.424619837095413,2,77.43886411702442
22,2,4,2,10.645149319511557,636,Rice,154,47,14.694104333897537,0,4.36390835553901
54,18,1,3,5.050209612590184,306,Wheat,51,42,15.82042333585385,4,110.2417760500471
58,0,4,2,9.871182121177146,424,Wheat,115,50,15.913993239141035,3,14.110473467766678
18,28,1,3,11.543856732167828,174,Maize,151,85,8.376348242211375,2,337.4715940073369
54,22,5,5,6.655066567948529,752,Maize,187,80,17.471953270934485,1,42.80387891763908
19,32,5,2,6.93069153929572,517,Cotton,158,35,13.866462867868677,4,40.40134165697155
19,22,3,2,4.668397417526838,427,Maize,141,78,16.956990954698018,2,41.502038327929085
10,4,4,3,9.131942236597695,380,Wheat,77,67,14.151451814094255,4,5.416677645270881
31,6,5,5,8.419605805078962,702,Maize,177,36,12.841170278466633,3,12.690044697565867
19,5,5,5,4.322766069858942,174,Cotton,51,54,15.297286158422192,6,3.44765049072054
54,21,2,3,10.017696215770494,675,Wheat,101,78,10.194212629455217,3,128.89546955689724
40,12,2,3,10.6342759659602,693,Maize,191,60,9.03226223016489,0,81.76057474958981
59,11,1,3,11.256956833126033,861,Cotton,77,56,8.90498219694909,3,145.11436660962227
12,3,3,5,8.365872689365137,749,Cotton,50,49,16.491360684543224,1,5.150547688746576
19,7,2,5,7.620640279214059,708,Wheat,93,35,17.124447919486613,1,28.561527991597888
7,36,3,2,11.009097236256618,711,Wheat,129,66,16.14413998942731,6,134.78137933491948
51,30,5,5,7.189574552545112,884,Wheat,134,47,17.04433630870569,4,50.47313956346001
17,36,1,4,9.243545001876495,340,Cotton,66,40,17.847757572111153,1,338.9747436644183
45,25,3,4,8.922898051207412,104,Wheat,64,60,13.260588798899077,3,92.82249834223457
38,7,2,3,6.977288798548095,314,Wheat,97,64,9.538805697239097,2,36.81457425607712
28,39,5,3,4.695119500528385,678,Cotton,95,92,14.07926518939442,1,44.3474875278005
44,32,4,3,4.1713243093654855,586,Cotton,63,83,11.538932696466622,3,47.72481091130248
36,28,5,2,7.425901924283098,456,Wheat,180,32,11.464485964350477,5,42.68873303418692
36,4,2,4,7.849612598586854,493,Wheat,149,62,15.278081108661379,3,26.715001898566065
34,27,2,4,10.581426145519135,254,Wheat,183,77,8.906506880954387,4,155.91866909513405
56,39,4,5,7.315293199291769,490,Cotton,175,39,8.375315095387089,4,84.38513269902283
53,16,5,4,6.249278997867754,468,Sugarcane,71,82,14.952744678518028,1,36.73307383757727
17,22,3,5,7.696771744601226,128,Rice,71,20,10.607297854826886,1,54.22056234703586
5,8,3,2,5.903923843392169,916,Maize,140,42,11.855011951732305,3,15.478186659657602
38,1,5,3,4.730884888919652,522,Rice,125,52,11.07632984944626,1,1.0
19,31,3,3,4.904344269488858,108,Cotton,129,76,14.148412084097863,5,57.771950939583526
48,30,5,5,6.553235679175421,299,Sugarcane,162,73,9.545155391191322,2,52.04773285537184
18,6,5,6,4.1014113404679255,544,Cotton,84,85,15.20588054471252,6,9.282038270679966
33,29,2,5,5.761626293449905,433,Wheat,58,50,17.249269566181447,5,100.37719203778872
38,2,1,2,10.300185127458832,329,Maize,76,73,16.36108688089344,0,35.3438290997153
22,8,2,4,5.876937539442487,492,Rice,138,35,17.070369694183384,0,28.55774202726049
58,9,3,5,4.885836088316127,927,Cotton,108,56,17.37070856872009,3,31.004259317474183
11,25,1,2,11.592644479956313,407,Sugarcane,87,26,11.723341823630195,6,295.2530464833233
33,0,5,3,8.979760930812954,988,Wheat,138,20,15.957401808735202,5,7.2097758341096485
59,29,3,6,4.480207595485327,430,Sugarcane,181,37,12.948256148845628,0,61.943531719692885
35,37,4,6,4.497951731959223,878,Maize,156,61,10.697731698429,3,48.68672806082097
29,14,3,5,8.896977005593357,459,Sugarcane,93,58,15.468820241475214,3,45.27662168550161
42,24,1,4,8.321030416519292,774,Sugarcane,72,45,10.441285768706688,5,217.58534557927962
18,5,1,5,4.546998179143879,686,Wheat,119,94,9.09620538618198,6,36.13724251532829
12,17,5,6,5.794523799786683,903,Sugarcane,126,84,15.046195587550452,2,23.926075805044963
31,0,4,6,11.432343315884706,282,Wheat,118,76,10.875550135951794,4,4.867418983246111
58,2,5,3,8.576086483848139,486,Maize,181,88,11.059187740692154,1,17.503176255698666
6,16,4,4,7.522603185182642,208,Cotton,180,96,16.81122833384923,2,30.646282549811374
21,7,4,4,6.001243295362928,438,Wheat,72,36,9.35539225377901,4,14.626011637842861
41,39,5,6,5.069584338414968,299,Cotton,86,26,15.64846017861247,3,38.19529823433316
18,16,3,6,7.2210534728854485,280,Rice,67,90,11.862125403846964,5,42.76262086991409
29,24,2,5,11.378932474650405,639,Sugarcane,148,31,16.93010350940386,5,145.1195628457806
34,11,4,5,4.389691165420333,664,Cotton,54,57,12.40344200877377,2,14.10329308472849
33,28,1,3,11.927830527542934,859,Sugarcane,90,67,12.090228908706923,3,349.3979136962747
24,24,5,6,5.6625017616160624,921,Wheat,141,74,12.298661113729388,0,30.088026249379272
25,35,3,5,7.270138883192074,536,Sugarcane,172,73,16.376904559636998,5,85.62020668883547
57,24,4,3,4.3604104653257405,932,Maize,131,91,8.10510205436029,3,47.59730160377635
26,28,3,4,8.678257624864251,920,Cotton,121,34,15.048630198139705,0,80.23778102998253
39,10,5,6,7.868442123207933,139,Sugarcane,189,49,10.052403139718157,3,24.02219687209959
41,3,1,2,9.333656277878239,321,Cotton,55,74,16.821255171333853,5,48.689152383943885
20,13,4,6,8.34142501833178,396,Cotton,168,92,11.759266541343564,3,35.23330922185969
54,37,4,5,7.185422277176552,777,Maize,160,40,11.389555776970298,5,81.59244202391773
53,16,3,6,9.902053582493366,942,Wheat,161,79,15.126243822020026,5,66.05484145478164
47,1,5,2,4.200169022295662,128,Sugarcane,118,97,15.22449015341275,4,12.331821779278087
21,7,2,6,8.328232166996761,800,Rice,188,27,14.337109825806053,3,37.83266352249625
20,35,4,5,4.9110096306320745,301,Cotton,170,66,11.29808227635981,3,52.028442138308634
59,9,1,4,7.4880666646866665,907,Wheat,194,55,14.103530517471647,3,94.99151187239467
6,6,4,5,10.32900253486413,584,Rice,126,92,8.542659222079378,6,16.827139464803754
8,35,4,3,5.139685970083201,229,Cotton,69,45,17.551798093458018,1,43.81881486282196
25,15,2,5,11.486482790179881,147,Rice,144,89,12.527118119399386,6,101.20038083775569
43,13,2,3,11.108037539131235,868,Sugarcane,141,53,11.044777518121846,1,85.4028567463729
38,15,5,6,7.319240566933588,926,Sugarcane,161,79,16.607789842393828,2,24.833995921111125
34,24,4,3,4.047798725807493,515,Cotton,67,42,11.241719862126155,4,32.91791989192952
10,3,4,6,10.317958613395888,699,Cotton,116,60,17.97173422565609,5,8.26703058684713
21,28,3,3,11.047166427298263,869,Sugarcane,84,88,14.905995477826295,1,113.42603966501684
43,5,3,5,5.397904738843461,670,Wheat,151,74,14.495780359305524,2,25.778276307681907
29,0,1,2,11.329537670532456,998,Rice,64,92,9.518565600610682,2,18.015113358553194
9,38,1,6,11.312778218357568,556,Cotton,100,64,14.098627020145084,2,438.2696890535238
9,0,3,3,7.7703268082735235,148,Cotton,180,80,9.551249341110406,4,5.433996414026549
24,39,1,2,10.384278486382735,827,Maize,70,52,15.836041565888614,5,417.29945482855805
20,2,4,3,7.559583826175907,175,Rice,52,71,9.38402396534745,0,5.754447565001986
55,0,2,3,8.512370127348943,645,Sugarcane,84,38,11.588327064336474,4,15.288913015973957
45,0,4,3,6.5587120784781066,347,Cotton,57,94,12.767327841784006,2,12.680857156497392
41,38,3,5,5.275754762566596,929,Cotton,52,27,16.051935635926053,6,75.28672982978871
44,20,5,3,9.972292670512255,389,Sugarcane,103,89,14.327601991832324,5,51.23619119944533
13,29,5,2,4.0111427561530855,634,Rice,161,25,15.47967360641039,3,14.334096359700911
9,31,3,3,8.636421517190252,630,Wheat,179,91,10.439741104581913,5,92.99559145092698
46,32,4,4,10.91748821102771,535,Sugarcane,189,76,10.372634484305468,5,103.87495539143481
6,21,1,6,5.770218294211604,927,Wheat,68,79,11.806199358145655,2,127.81242913477627
13,29,1,5,6.663195654384019,482,Cotton,195,38,8.186808691166245,6,199.29594041080117
47,3,5,4,8.699886822915701,195,Wheat,134,71,16.307041338226924,3,22.72223653007324
40,22,3,4,5.974961972249121,350,Wheat,71,60,11.69968653639625,4,56.94920958485092
26,24,3,2,10.779894858646264,340,Sugarcane,79,57,8.6755363760666,5,98.52960165835242
26,11,2,2,6.93282533690044,957,Cotton,131,88,16.72215465201505,0,51.567611322683
26,16,5,5,8.65290975855909,404,Rice,183,35,17.678264026916075,1,27.745295134655333
38,14,3,5,5.80896918079367,656,Maize,178,58,14.46584537866546,5,37.2023092261391
59,9,2,6,4.331090695927886,687,Wheat,186,93,11.565882756462905,1,43.72399015359142
33,34,1,3,5.389602128109285,718,Cotton,101,70,12.137569865650446,0,198.7651154231517
42,28,5,5,4.369591500870426,671,Maize,78,24,10.56155663485071,3,33.21378671872183
50,11,5,5,7.748831196905754,539,Rice,111,81,15.112753507898397,3,37.48507607260139
37,0,3,3,8.693099127344396,587,Maize,78,60,11.560720757020931,0,14.097781595261935
22,0,3,6,4.357401661483622,597,Rice,182,86,8.324837933274896,0,9.761809596617114
11,9,4,2,4.723857772303463,231,Maize,71,78,8.461621810792376,6,15.437698496331624
5,17,1,6,7.884200214482807,501,Rice,168,38,14.147495638565559,2,139.03121608493947
37,1,1,3,10.393439457607808,768,Wheat,185,99,10.903840072826576,4,30.194275790130057
5,7,2,2,9.024073431325753,475,Maize,164,81,9.685916382936046,2,35.971039115667885
28,21,2,2,4.8376817608309555,666,Rice,131,72,13.523650500112002,2,60.91210629025271
8,21,4,2,11.100338190731957,797,Cotton,157,85,10.784364942871875,4,62.2588569244216
8,25,1,6,11.339601878317975,786,Sugarcane,117,27,8.733352945209708,1,283.81273267367436
22,25,2,3,6.599654622795687,642,Maize,89,65,9.935823904919134,6,91.39876670236364
31,8,1,6,8.928142335050897,470,Maize,140,31,15.77906719880462,4,86.79510209234556
47,20,1,6,7.938617201477695,511,Maize,125,84,16.52011466998239,1,175.6427130029907
36,30,2,4,11.536190149038578,254,Maize,190,42,16.721476289194655,6,182.7275828860914
37,5,3,5,8.069988263589886,344,Sugarcane,181,58,13.348328758501772,4,23.34263998365461
32,13,3,6,11.679726509696515,641,Maize,139,79,17.509511320659,1,65.34832377051089
46,32,2,4,5.594740404241649,660,Wheat,114,46,9.516688219287913,6,105.2854935894338
45,6,4,3,6.764294061565439,781,Wheat,155,76,14.783561577697816,3,25.85182093200448
59,23,5,4,10.250761920769099,174,Cotton,151,63,15.042615770675322,3,64.62198945064137
40,8,1,6,10.268885884746943,305,Sugarcane,188,89,8.531854031970116,4,108.53729346856333
10,10,5,3,9.857466191653641,935,Cotton,91,47,10.824476413320806,0,11.8360341437429
20,22,2,4,10.876891717322433,967,Wheat,135,42,17.490481355214193,6,134.98191771876645
38,1,1,6,9.620369383550496,996,Maize,141,53,15.590289054165272,3,28.035190478969447
27,14,5,3,9.08868115577787,527,Maize,138,44,8.546939297179293,4,35.1482448670326
54,34,3,3,7.671400104620097,970,Rice,111,30,13.407938306980272,5,99.11876739142717
46,35,4,5,7.736701946634615,520,Sugarcane,181,67,14.486221817759912,4,80.81388065566436
28,27,5,6,7.249291945633933,772,Rice,83,84,17.730833950825236,6,43.03160191938268
53,38,4,5,8.961694397630563,248,Sugarcane,75,29,15.164341300675211,3,91.33377270029399
17,3,3,3,7.253311433863948,187,Sugarcane,166,92,14.386539547206278,5,15.705326509694403
22,9,5,3,5.179954512692776,605,Maize,103,45,17.085274645526212,4,9.369789554945182
58,5,2,4,4.852236929669174,267,Maize,70,29,14.609372677641046,0,27.81250872346165
17,29,1,5,11.395778201950222,288,Cotton,103,37,17.32122060741255,5,334.9309506189139
53,34,3,2,4.197911260303065,213,Wheat,147,79,12.927761595665098,1,66.74707303599439
41,9,4,6,4.84373809444522,112,Wheat,112,92,15.185650308489954,6,25.236108275169908
47,31,4,5,7.562438997164693,980,Maize,91,64,14.317546583026362,4,71.73008824099364
43,2,3,3,6.1034101352350385,777,Wheat,159,45,13.525260234661342,5,13.061964774370338
46,25,2,4,7.2467912032171675,256,Sugarcane,197,28,11.240945878746,3,100.58486212766736
21,14,2,6,4.939579052751067,280,Wheat,165,55,17.037784292062142,0,42.717429888341954
19,16,4,6,5.047255494778992,419,Cotton,177,34,10.700446522888704,0,18.15074451642075
22,26,3,4,10.405263269800923,391,Wheat,156,43,9.593894309388343,4,96.11896632651386
27,17,3,3,10.072869952802431,715,Wheat,54,59,15.120501112450459,2,61.746263000323204
58,18,1,2,4.834022925796915,722,Cotton,193,21,13.465528389683161,3,107.96898347455915
55,11,4,4,9.342323319192161,872,Cotton,186,23,10.628606641405197,0,34.628482139251055
34,23,2,2,8.874490586843866,759,Maize,74,39,16.703076562036237,6,116.79312439655229
38,4,5,5,9.706901781441838,576,Cotton,185,58,10.862070727609854,3,16.8036724352362
8,23,2,6,7.795591236499793,750,Maize,177,64,8.63782074022159,4,92.06784007592451
7,26,2,3,6.159894620267527,939,Sugarcane,114,45,8.153667171183171,6,83.80985131808781
11,29,5,2,9.309433354852224,532,Rice,82,79,17.22855013446886,6,58.97510866760315
22,14,4,3,6.970859412182576,268,Wheat,173,88,12.021781000777292,4,29.75047999957051
46,37,1,5,5.751623208097284,501,Cotton,177,87,10.134889065912127,2,231.85787589956576
11,33,2,2,7.269032109754265,257,Wheat,131,89,13.671014144307266,6,129.1377712052633
44,26,2,3,10.106158684807632,483,Sugarcane,85,50,12.87885664759465,2,148.84158327322507
10,19,4,3,7.806345572289615,497,Rice,133,88,17.99842653319027,4,40.544982985614965
26,31,4,5,6.398914107467377,155,Cotton,77,26,16.885049754321162,1,53.12870393510813
5,3,3,4,10.654948918590627,172,Maize,109,88,10.711022990710294,1,19.052066189326894
8,4,4,5,11.053150041447477,859,Maize,143,23,14.977094773056498,0,5.856153411725374
50,7,4,2,7.466003390181398,572,Cotton,128,92,11.87174700717544,2,26.09163338224567
53,21,2,2,6.997504165815157,279,Cotton,163,56,11.644376628796916,0,94.48398206422168
56,6,1,6,8.90159157615172,702,Sugarcane,122,21,11.671073288223635,5,72.22631193817449
54,21,2,3,4.463795568463304,293,Rice,173,68,14.3925517081679,5,61.46555809969815
47,29,4,2,9.530585284540777,806,Cotton,88,36,13.379838696848548,6,83.58091010352824
33,36,3,4,10.258300843017974,896,Maize,50,36,15.55049922089838,3,132.7095499317164
25,15,1,4,7.179535418057373,483,Rice,62,59,9.529858462371642,4,120.53835808020374
30,14,3,5,5.3969268000591715,859,Cotton,91,70,12.254270464528073,5,34.835672311603595
18,4,5,2,4.230547001126908,328,Rice,84,96,16.603230555960383,4,6.804360078336001
13,2,3,2,9.0979647958968,894,Sugarcane,86,47,8.031643894698378,5,9.580034827412572
51,22,3,6,6.151947253079278,935,Cotton,124,65,14.234922488192911,5,64.19863934799571
16,9,4,6,7.711116696970274,774,Cotton,176,97,15.857370213633692,1,21.233397143536553
46,4,4,6,7.090844173260247,702,Rice,69,93,11.838544719140437,0,22.0855939826872
55,22,4,2,5.399078367579701,822,Cotton,106,68,16.836159883449817,0,47.6393864288294
55,14,4,5,8.066949347685632,365,Rice,96,36,15.356917028793646,3,43.64848885476629
10,17,4,5,7.676748181925904,738,Rice,157,46,14.060481911768989,6,30.29042754986917
24,24,3,5,8.993180982958659,893,Cotton,142,81,9.983224782473666,0,81.64064748338743
28,7,5,5,6.015079956238294,170,Maize,177,30,14.701039419635569,3,8.411324341521901
31,30,4,4,5.717112638827246,190,Sugarcane,142,63,16.337668675120632,0,50.92722007286967
42,20,5,2,10.514760478051777,705,Rice,171,55,15.29909044460154,5,50.80001015455996
12,1,5,3,9.617537959712333,175,Maize,92,35,13.748568628776702,6,1.0
5,21,2,2,10.177651613532507,715,Rice,167,79,15.145768387497402,2,115.83755144344576
58,7,2,5,4.9863184940402245,544,Maize,131,71,17.768885731321287,4,38.268761873886795
53,22,1,4,5.792317146616141,296,Cotton,113,41,8.10804341020528,3,140.68030858119064
53,31,2,4,8.604252129629119,283,Sugarcane,55,97,14.63928618577527,4,152.72095922918882
28,7,4,2,10.857610774983264,176,Maize,145,96,15.929925807110724,4,37.405162490884926
51,3,5,3,11.136917145347761,547,Wheat,80,90,14.388915256604216,0,18.709438557003484
11,29,1,5,10.655279698039418,396,Rice,136,57,10.730920962556056,0,317.6105583100505
23,18,2,4,4.347183568675419,487,Maize,180,84,16.227573965550253,6,54.62108526833737
26,22,3,5,10.567033477245811,421,Sugarcane,146,70,17.132991144557522,6,91.71873348225317
59,17,1,5,11.192729420168654,520,Sugarcane,152,42,14.835047317731721,3,210.72481498355012
39,28,4,5,4.4539927212212165,645,Sugarcane,157,34,13.110242050720064,6,41.00538114702449
34,22,5,6,7.330247150215905,733,Maize,197,98,11.663208778596323,1,42.12894628705456
33,32,4,5,8.292882586373613,405,Maize,107,50,11.300567579566502,1,71.07668301686803
26,17,4,5,5.862002983067997,445,Cotton,106,47,15.232276454744408,4,29.39545202780064
15,32,3,3,8.133485248296886,814,Wheat,120,86,14.071233922219394,1,91.9629047809288
24,6,3,3,11.087646303688516,909,Maize,53,61,9.56850573322008,2,33.817617958507626
33,27,5,6,10.935540050766116,740,Cotton,91,44,9.41096645558289,0,68.82639212375439
55,0,2,6,11.518698250059847,901,Rice,151,52,8.710992036687196,5,18.400121657638387
45,38,4,5,7.872878387156336,824,Wheat,83,42,14.835119190155698,6,81.94446741202657
46,33,2,4,7.284535562351361,749,Sugarcane,67,72,11.143643710100484,4,134.210525321128
38,38,5,4,9.326302552258827,360,Wheat,146,35,8.202424689700873,0,79.65962994294583
5,18,4,2,7.334084620808273,445,Rice,161,56,11.376927357092,6,29.857516218879546
35,30,2,4,4.335556768006862,783,Maize,191,24,16.321166519835415,6,69.17751788962474
34,12,4,4,9.759371617363641,758,Maize,60,30,10.476625301907035,1,37.4729189166345
52,23,3,3,6.24787153026259,248,Cotton,170,31,14.33549394660684,2,62.21594821090854
22,4,3,2,4.392682498137524,988,Maize,57,40,12.396711829413228,2,7.202778265702074
59,22,1,2,4.164968612215233,517,Maize,109,37,13.488958868640733,3,110.86163126465196
21,18,5,3,11.450890148618544,128,Wheat,91,33,13.957727076630473,6,43.54448902051924
42,0,2,4,6.016608069153351,713,Rice,193,52,12.5481098079611,4,15.826370211650907
18,32,4,4,7.583193540184508,562,Sugarcane,150,40,8.578558419071832,6,61.243025335786854
27,32,1,2,11.604611623190843,907,Sugarcane,144,45,13.67695416929702,2,379.5252275821387
29,31,5,4,7.740135830245801,982,Cotton,91,44,11.975248123775046,4,49.086375738448496
19,27,5,2,4.628874588210491,865,Rice,195,54,9.998799054853896,4,27.017356467602674
50,36,5,4,8.415488377973274,885,Wheat,170,82,16.965082045189384,4,76.41587382936616
26,11,2,5,4.7055892276325215,990,Sugarcane,184,39,15.36067188546189,0,35.08557368012259
7,8,3,3,4.760703026988291,660,Cotton,181,82,10.840682473724172,4,13.67776902638281
59,10,1,6,10.811816590419678,288,Maize,145,85,13.389571759304557,6,134.20217269606493
23,32,2,5,6.315372346916716,164,Maize,79,31,17.631131707259684,6,102.64724743641767
48,18,4,4,9.42936160089949,558,Wheat,94,51,10.454615719244655,1,58.686070342261765
38,33,2,6,8.071394682629293,775,Sugarcane,80,67,17.47384479589438,2,152.47751406916217
39,6,4,5,5.778613529635313,323,Maize,95,78,14.833613451530617,0,19.831826013574737
54,30,4,3,8.142562389225661,575,Cotton,95,39,13.408366469507564,6,71.27233807537152
5,1,5,6,4.551948287198022,425,Cotton,54,56,17.832076925182196,2,1.0
56,18,2,6,6.777698796717675,618,Sugarcane,59,59,11.337088614274348,1,78.11059687725778
25,37,3,3,8.182689800163933,672,Wheat,159,80,10.782311874366203,0,107.41764244727351
33,31,4,5,5.827154704685216,291,Cotton,56,75,11.395932750585562,3,49.48681944842077
10,9,5,6,9.281505041450885,971,Rice,107,33,15.508584019018752,6,17.093045822290076
41,7,3,3,4.414495373570454,187,Cotton,96,55,11.370065474188852,1,24.744066443757745
5,25,2,5,7.878479182965015,557,Wheat,141,95,9.02762356533899,6,103.81912776194709
55,29,3,4,9.719966250315068,257,Cotton,70,53,14.443120964484272,6,111.2418353463414
5,10,2,2,7.439568471654183,372,Maize,187,25,10.229836002327753,3,35.947098953508444
31,19,4,4,10.996691322551504,431,Wheat,121,65,8.041630703266058,2,59.30568730640084
25,19,1,4,9.057542249925325,381,Maize,186,96,9.991574367338934,1,185.90029202282537
57,8,1,2,11.667943328469903,756,Maize,188,41,16.191454289436823,3,115.04072359163467
20,7,4,4,6.27297450219983,262,Sugarcane,199,42,17.402481055819216,3,12.039460567879773
48,14,3,4,11.510314646837976,273,Wheat,153,83,14.61952797343868,6,68.15907209611491
58,33,2,3,8.854580719085574,207,Maize,139,63,11.104897840240847,6,163.01118053426447
44,23,1,3,9.961431193707188,400,Sugarcane,99,30,12.364973469031757,5,239.3507251715744
30,32,2,5,11.217288936347575,430,Sugarcane,150,87,9.945487409408727,0,194.02890214563007
20,39,4,6,8.409577503934567,243,Maize,115,80,16.807779233844464,0,83.82103300635742
32,26,3,5,10.897446335597323,157,Maize,196,95,14.655815627903898,2,111.30892376535401
5,20,2,3,8.333575516704443,397,Rice,165,75,8.844125973773641,1,89.45564330679927
40,4,3,3,8.7935914209379,961,Wheat,65,70,11.669336836362682,6,16.352485787543397
14,34,1,2,7.560788583179084,287,Sugarcane,181,82,13.380225967947263,3,265.8815228622572
47,20,2,2,5.165108414720823,539,Wheat,98,49,15.973300810004764,6,63.57800378863066
21,3,5,3,8.428025866790932,587,Sugarcane,87,29,17.205046007960924,1,1.0
27,15,1,4,11.819585842129449,489,Cotton,184,42,9.326734232919346,4,190.20742548258724
11,30,3,5,10.297487965858274,119,Cotton,63,20,16.345555601911364,5,103.95728793099317
48,25,4,3,9.97998787802749,311,Sugarcane,134,67,8.657837768624196,5,78.60212246243782
57,34,5,3,9.146470421837037,635,Rice,83,23,10.404904708365784,2,72.24017660078871
11,5,2,2,6.783269387897956,702,Cotton,198,47,8.210122920855978,5,24.43581954366863
48,32,1,5,5.356921555827028,827,Wheat,176,63,8.638283842816183,5,191.71487105555087
19,20,2,5,5.796412813141519,663,Maize,112,86,8.324201848619628,2,71.40854180669427
38,15,2,6,4.050576716341201,749,Wheat,91,21,9.460078599491794,5,42.05698396857206
50,38,5,3,9.387843367186838,764,Wheat,120,77,16.765280752963776,5,86.63755684478357
49,33,5,6,10.49502046845147,319,Wheat,134,25,10.838265873462861,5,78.54033199061793
8,14,5,2,6.151290809584478,973,Sugarcane,187,61,12.797153445056578,0,14.280285883809759
18,5,5,6,4.734803197154175,272,Sugarcane,70,36,12.871163682181702,5,1.0
18,1,4,4,6.685816542575343,100,Wheat,162,56,17.952629335710732,5,6.562966653228363
20,23,3,3,6.336409835335823,567,Maize,112,63,11.646729107247719,3,53.70941403667374
11,27,5,3,7.607010886221855,124,Rice,138,42,10.650993282668075,1,35.074245481798755
36,0,1,5,6.112816434568088,303,Rice,126,59,17.63244699832237,3,14.468643931491178
23,0,2,6,6.717861642760233,979,Cotton,176,63,13.925256470973398,2,8.639794551606014
6,27,5,5,11.260438234793941,970,Cotton,168,50,10.894814389370428,6,59.318081711743154
14,35,1,6,6.67868282311685,300,Maize,99,95,10.874859366229689,3,248.09821315592936
54,19,4,6,10.284144373839176,290,Wheat,76,32,8.863627083108254,6,61.396354664125234
21,7,1,2,9.006669601795675,972,Sugarcane,185,39,13.568686377926817,2,70.2325672173652
41,0,1,6,6.700303565050991,508,Cotton,172,66,15.23687885052679,4,10.58687745735643
16,25,4,5,10.542306158242804,577,Wheat,79,29,12.7471379792323,3,64.14684030697856
10,24,4,6,8.76060855677012,403,Rice,67,84,16.844368837270302,2,56.060755700305755
26,9,2,6,4.068949820791203,843,Maize,72,71,12.83964783881715,3,34.658304170311325
36,11,5,3,4.549825612579198,831,Sugarcane,87,82,11.463583378803168,6,14.948000862556487
45,6,1,3,10.021116475618552,677,Sugarcane,154,48,10.507828497515963,3,70.20993548763049
24,11,3,3,7.572222316681555,635,Cotton,79,73,10.43293326352676,1,37.96595493937567
5,39,3,4,7.2440623339483246,181,Wheat,168,69,11.165139671725328,3,96.69508235306465
58,16,2,3,5.166617473566464,702,Sugarcane,79,84,17.91974899880333,3,60.597413934363466
51,4,3,4,5.258548751690162,783,Rice,123,63,11.608265255444655,5,24.82080679254361
57,13,2,4,10.382019600767205,646,Rice,120,27,13.245998953782294,3,79.57200264015856
10,33,5,5,10.632137071691641,645,Maize,66,28,10.746751320367967,2,73.05873194235642
23,16,2,3,8.480020325109834,361,Maize,118,42,9.435358643460253,2,77.85394659447694
22,34,4,6,6.361022478445499,276,Rice,155,53,14.458334401591035,5,60.726482568593305
10,0,4,2,11.461606533342643,755,Rice,128,35,13.452200411554955,6,1.0
49,35,4,6,8.991699127961812,314,Wheat,190,81,8.678263874973926,3,94.51033263610665
37,14,4,3,10.373136955614306,240,Sugarcane,56,84,16.82786908986084,4,46.614462351641734
27,18,4,6,4.026263362305723,367,Wheat,117,97,13.077099115992153,5,29.167475392859966
27,4,4,3,7.602556807002884,238,Maize,109,71,11.353197827378288,3,15.807502676337815
30,18,4,3,10.967592690559647,146,Maize,154,42,15.793590479654728,6,58.55129038195937
17,38,4,6,6.70586626586177,159,Maize,84,57,9.12090214230644,3,66.33525181064596
11,4,4,4,9.812409414978248,660,Sugarcane,78,59,12.737801808730696,5,11.774060969030653
19,11,5,5,9.261398601029164,663,Cotton,149,27,13.48772489093403,2,15.338155552717929
48,18,4,5,5.217746930834395,160,Maize,168,51,15.751249882832141,0,37.788871835541876
31,11,2,5,10.19923061803524,825,Maize,83,59,11.702446240658539,0,67.66209504837086
30,35,5,5,4.900214322502391,194,Wheat,185,85,16.54963987210554,3,43.062389974434836
37,11,3,2,9.823312772575527,731,Wheat,53,67,14.976729099475202,4,49.936888563590564
19,17,1,3,11.927746694232756,574,Cotton,115,32,15.710753609272274,1,211.04980635875145
40,33,5,2,11.663851454494102,830,Cotton,143,46,17.69077642791341,2,82.12060621372251
49,32,4,5,10.401933944456037,139,Cotton,106,65,16.44753586583967,1,99.9659897387392
59,17,5,5,8.276139393837617,445,Cotton,142,90,11.467883682709523,1,46.120150557813254
31,28,1,6,9.39859660656592,426,Wheat,181,22,14.458110603662963,5,272.42059309367767
9,4,1,5,9.824867122752742,536,Maize,134,80,16.68611591838129,4,50.108299785972974
6,24,4,3,4.06721219422591,928,Wheat,197,91,13.251215840725056,4,28.80710235302194
59,23,4,5,4.8189297676236515,505,Rice,162,84,14.827998501216678,6,44.56786567165782
37,28,2,5,8.776473056630898,843,Rice,146,36,9.722611779501445,0,136.78186789720232
20,37,1,2,4.052276321143273,310,Maize,104,45,16.15914276701115,6,161.63911143631378
27,32,4,3,11.271245206187977,137,Cotton,55,48,15.574606313018384,2,88.05643922118738
42,9,1,4,7.9173017058006225,567,Maize,78,91,16.888938721661276,0,87.53964267711528
59,36,2,6,6.0621366048409735,416,Rice,129,57,15.101487518855828,4,124.31285084824691
20,32,3,4,7.150569356780794,310,Maize,149,70,16.7690059398236,4,78.75325301552954
18,22,1,2,10.806211285120023,182,Cotton,182,62,9.622160967435903,6,250.68016017962108
33,10,2,5,11.417542990112926,455,Wheat,186,91,16.136473582257004,5,69.49863077299145
30,23,2,6,4.9298798438185605,729,Cotton,86,27,17.529672578871047,2,67.26127148566172
39,23,2,3,10.223685071644613,914,Wheat,112,44,16.155077538260503,2,130.96937755002298
19,6,5,6,8.625816945732243,638,Rice,89,74,14.152279317496939,3,14.266862217617694
7,20,4,2,8.684022061315893,308,Sugarcane,113,64,17.26500103892272,3,42.25653118105711
27,19,1,5,10.23561697516661,736,Maize,171,86,8.944863265979743,1,206.76126122778692
33,9,5,2,5.78275749428766,375,Sugarcane,180,76,8.168645973975364,2,15.524713028833606
38,24,1,3,8.248359743799666,591,Cotton,92,68,17.653202152425948,2,215.97160529159933
37,35,5,4,6.554820923606473,397,Wheat,174,73,14.83005193083513,0,55.22712078552856
45,14,4,5,4.756098759812119,908,Cotton,74,66,9.141664576989825,0,20.013437966565917
45,39,2,5,4.840635564452831,683,Cotton,104,83,11.400122835340595,3,116.25387592520947
27,39,1,2,5.091771765001206,157,Rice,155,43,15.488020836505555,1,208.19830881638208
11,5,2,2,8.919198791238703,395,Cotton,85,81,15.503875655601163,4,30.06223042660397
7,36,4,2,4.84664158701848,558,Maize,157,52,9.699915420843697,3,45.22522070933485
36,1,1,5,8.56083074072139,730,Rice,152,59,12.701476664165227,0,19.73389925477183
35,11,3,2,8.706376463818078,495,Sugarcane,68,48,16.073110969398538,4,36.75188162995088
22,3,3,6,11.231172080975128,473,Cotton,193,27,17.667972646025113,5,11.915098467011862
47,22,3,6,9.011012770604115,161,Sugarcane,143,94,14.22565587893983,1,87.16534570121375
11,12,4,6,11.88470272705201,545,Maize,148,35,14.381333476796154,0,34.49828847072347
45,16,3,5,4.2479406395266786,186,Maize,179,52,12.693492982752845,3,38.64284196092896
5,30,1,2,9.633169093160951,937,Maize,177,83,13.390579945599828,3,289.3970681668651
18,15,3,3,4.2118406244243465,710,Sugarcane,108,30,8.989335806097364,6,22.878618105544476
56,25,1,2,9.835020622997629,498,Sugarcane,97,48,11.495880874651617,1,261.8884202248587
36,27,4,5,7.086801673632284,223,Wheat,175,68,13.072937010161393,3,60.53817953879636
10,0,2,6,8.890462123140717,618,Rice,52,85,10.749812318413804,1,6.185646937399955
43,11,5,5,6.476304576706702,745,Cotton,141,24,11.598290313863307,6,16.331519267321482
14,36,3,2,5.2728403132211925,382,Rice,191,72,17.711966454754936,2,67.65174911950939
11,19,5,5,9.78810014471426,613,Maize,164,63,8.05202448908674,0,31.646918491900976
30,1,2,3,11.236963042160694,928,Cotton,165,26,11.026434397657258,6,13.298581285609753
38,35,4,5,5.46865954960028,771,Wheat,55,89,13.839540160204695,2,56.60599527144721
34,14,4,4,11.365624009628805,256,Rice,85,88,10.789668837924346,2,47.3674056309996
40,37,2,5,5.12145687363635,325,Maize,78,98,14.764638547896473,3,112.46771896640185
25,21,5,2,9.885295060396249,932,Cotton,190,46,10.992750804257662,4,37.110621179357665
21,31,3,4,11.675561265432048,754,Cotton,185,73,14.382077031141023,3,127.1219495307192
37,19,1,6,5.1789670540499015,493,Maize,192,92,16.498625964005427,0,114.97140191326741
14,35,4,2,7.480720374042827,365,Sugarcane,82,42,14.586439412669407,3,69.81528689430796
55,32,2,3,6.699659858867196,365,Rice,138,77,8.498845426163554,0,129.44323427548136
51,14,5,5,7.107822001472785,648,Cotton,193,36,15.952133696148614,4,26.35990027953867
46,2,3,5,10.025117913054213,387,Sugarcane,134,65,10.128013726867714,5,18.354634510930502
55,28,5,2,9.289511460444475,391,Wheat,150,66,14.34791664483756,4,66.28188902870173
16,26,3,5,11.749495715702555,419,Cotton,130,78,14.467336820860925,4,108.37596624729487
20,4,1,5,5.483836026851378,572,Cotton,83,64,16.037371042476146,6,36.327985956161235
45,30,1,6,8.346086954607042,498,Wheat,176,81,13.058231204074549,0,270.621917757401
36,21,2,5,7.593009163352214,172,Wheat,154,73,11.759633744901837,4,94.49034650234572
19,34,2,5,11.350848871405997,627,Cotton,71,94,13.180282217723573,2,206.0946071006415
31,6,3,6,4.08495385981568,972,Maize,100,32,13.457569321533684,3,19.434754321225405
32,5,3,5,11.913363206136754,182,Wheat,53,31,16.21538144086068,3,26.90061197775802
21,25,3,6,7.83787451498023,273,Sugarcane,50,21,10.050710111544538,0,70.05980830671615
50,0,3,3,9.00431717786878,989,Wheat,66,61,16.468321150039095,6,14.965216855897697
54,18,1,5,6.880420446445724,527,Cotton,57,73,11.65707611109223,5,143.10478893008084
6,6,2,2,10.82021335756399,687,Cotton,116,30,15.438623120273945,6,35.28028661635094
40,35,2,4,8.495903560947061,390,Rice,142,97,11.357125848128574,6,164.46100382073936
54,11,4,3,9.302487489998118,480,Sugarcane,167,41,15.08885349061282,1,34.315828042986915
11,19,2,5,9.191237664485412,662,Rice,135,68,15.991793203928633,6,92.15702253108701
17,22,2,2,6.91185711918186,462,Wheat,115,56,13.580654696178163,6,84.4572729476057
19,24,5,4,4.607927966452927,285,Rice,51,55,14.19544622971425,1,23.110844064359803
29,29,5,6,10.461649808752401,104,Cotton,66,68,15.077605708819465,6,70.1070490024159
27,28,4,5,6.31772735347454,361,Maize,122,77,14.884273616029505,3,54.83585120224085
26,30,3,6,10.791441827821636,278,Wheat,157,22,15.274155503145334,1,119.01369185235681
30,17,4,3,8.86914407032661,241,Cotton,156,85,16.496753397723253,1,46.84878941106602
37,18,4,4,6.829631664779824,367,Wheat,183,52,10.205164182006593,1,40.90406389096208
15,3,1,4,8.753977191788982,725,Rice,150,37,10.147315083108246,0,37.064417483492505
14,0,2,6,9.1639415388915,569,Rice,94,67,17.70682416088639,5,2.4441610940348317
29,14,1,6,9.653467262069379,791,Wheat,50,94,16.513206560844374,2,155.56113997735818
41,7,2,3,10.57870507605657,981,Wheat,129,90,13.9170513535732,4,49.583241179183624
52,14,4,2,5.278039537743878,167,Rice,100,56,8.081787965928777,6,36.03159481155843
47,14,2,5,11.553155078148933,206,Wheat,188,69,16.54758231092942,5,99.01900082167798
57,38,3,2,7.286724915420087,670,Rice,71,55,15.515965703437196,0,108.50029423318993
42,21,3,4,10.883602387011019,885,Wheat,178,46,17.563761828959706,2,84.25619314481642
45,17,4,5,5.763836762942281,536,Maize,126,41,8.131618243365867,4,30.193957068839477
49,15,5,3,4.232231777637718,130,Wheat,98,50,8.285257428361659,4,21.41720579852652
28,1,3,2,8.586752348982806,646,Wheat,159,59,13.17450509928464,5,9.745624132847363
44,35,4,2,6.597330232579512,871,Cotton,98,73,16.560492092886143,0,68.06599792828263
50,19,1,5,11.875696039583595,620,Maize,141,83,17.913163774926115,3,245.613034352766
37,15,5,3,4.835627637723063,720,Rice,62,89,11.200252288495868,6,26.922787287139094
21,2,3,3,4.378422928028174,754,Rice,143,72,8.363636858875111,0,15.307496598999016
28,29,4,2,4.360142548425066,141,Sugarcane,191,73,9.955080230562068,4,38.11635822968343
41,1,4,2,5.734989561790356,286,Maize,118,73,16.770103693272077,5,13.26670617281787
6,34,1,6,8.633528930922708,696,Maize,95,90,12.664503786819072,1,299.12984711031396
36,25,1,5,8.044506989157533,963,Wheat,64,25,16.533069562441334,1,211.4231762889753
28,4,5,3,6.800606438668492,812,Cotton,136,83,12.439082915298568,5,10.156112900574847
13,1,3,4,4.710344859335274,979,Rice,185,73,8.533898131543012,5,9.133772071986435
8,19,4,5,5.8698967583545505,899,Rice,171,84,14.175752302443382,3,27.981114180521637
21,33,5,6,5.473176518277735,947,Cotton,60,65,12.356804961353621,0,40.212760116352044
21,33,5,5,9.965334697248387,400,Cotton,159,61,12.91353198618061,5,65.3887577399312
57,19,1,2,10.239571064010512,360,Maize,154,94,17.489707439525702,4,224.45343209650903
54,24,4,5,10.216112104494558,589,Cotton,80,75,12.570749885956344,5,79.31971385448155
52,19,2,5,11.752324355313188,770,Cotton,153,59,15.965274724225672,1,129.4332741745435
34,24,1,5,11.073903570672256,764,Wheat,115,34,8.589125620155,2,280.5321960144197
44,13,4,4,7.982437977428039,795,Maize,157,49,12.790389516624264,1,38.63638857470154
15,38,5,6,7.319488167273321,356,Sugarcane,161,42,13.86694834250775,5,56.20672861534661
25,11,5,5,11.326148141675695,928,Sugarcane,110,31,9.13231092354271,3,22.28557744519036
25,4,3,5,8.889802016385174,166,Rice,57,49,11.02233319434268,0,21.74744369724378
22,1,2,4,6.355189336204762,824,Cotton,114,35,15.39593650286626,0,12.664075900731127
59,15,1,3,8.515712221721339,319,Wheat,66,49,9.839066547236456,5,146.98985029098063
33,29,3,5,11.93719538156901,422,Cotton,164,87,9.284513724172019,1,129.88253371845929
28,37,3,5,10.795760481218899,963,Rice,101,52,10.992755102935721,6,134.5720375885706
14,23,2,3,6.250237728476333,835,Cotton,112,76,16.589616808013652,2,74.35383108695723
49,29,1,5,11.623635407337735,705,Sugarcane,110,47,15.629434996846403,0,354.36815323897076
21,36,1,5,11.851696891832926,158,Maize,126,98,15.768015778109927,0,443.75329878976896
22,38,5,5,5.849335675323322,277,Cotton,168,45,11.224575225726973,4,46.79038666325089
46,10,1,6,11.16473694801073,560,Sugarcane,139,33,8.989390638858168,3,126.69510698145865
52,13,3,2,11.065621741590657,389,Sugarcane,81,76,8.319527478472674,4,65.67164349948374
24,22,5,6,4.318028585872325,211,Rice,158,34,13.861984241425478,3,20.028263694012768
41,15,1,3,9.357513544493496,423,Maize,84,85,15.022855902190495,0,157.07108624381155
49,20,2,6,6.442245704249355,281,Rice,65,35,11.778911383196522,2,80.87015231768166
22,3,3,6,9.396901011935007,565,Wheat,186,56,13.288617677527414,2,17.486113053252943
21,32,4,4,11.308469553521949,323,Maize,68,30,10.790038707587366,0,97.23760799280035
13,13,2,3,7.990233983916148,497,Wheat,89,30,11.643022179706344,6,56.94781166314404
18,18,2,3,7.315302646309222,259,Maize,158,52,15.298161363577517,6,79.42602148058114
53,4,1,3,11.372250169499338,553,Sugarcane,180,21,15.18220220628198,3,60.103674171057904
33,35,5,6,11.792919341908261,462,Wheat,150,52,8.28091706064488,4,91.24192322584328
35,30,5,3,4.497890622350422,948,Maize,121,82,17.44231565630855,5,41.14659033505092
8,17,3,4,11.382784553185658,875,Maize,119,22,10.690119163929506,4,59.17570954296053
22,30,1,5,4.662148268175111,774,Wheat,54,52,17.075865002740088,4,146.21278128686146
24,29,5,6,6.698289707068717,891,Maize,76,45,13.118968342149847,3,41.21435112482746
51,20,4,5,10.100592979442613,102,Rice,87,53,12.991820160778637,0,64.81037044154047
47,29,1,5,10.216295855517561,692,Rice,138,97,12.506131636462332,2,324.1018889919883
48,3,1,6,9.80657512543333,903,Wheat,120,71,17.22427390131957,4,47.414809356776445
13,4,5,6,4.312899904488547,790,Sugarcane,127,85,10.081079844132855,5,1.0
17,9,2,3,5.063728384192746,459,Cotton,177,91,14.116451721344417,3,33.82373180397973
19,26,1,4,11.489731985757988,948,Wheat,107,46,11.177816074247605,3,307.2072302726429
31,15,2,6,4.651691107167126,414,Wheat,145,91,17.15238619625969,4,50.68501650434943
19,29,3,5,4.628367335784933,705,Wheat,112,90,9.693405434577532,0,50.82511604817121
32,12,3,6,10.685167502062962,828,Wheat,68,94,14.761897724252579,5,50.38151808901769
41,35,5,4,9.130126025783088,121,Rice,143,68,12.217584390766874,2,78.39532487550952
59,20,3,2,6.8132484467614365,520,Wheat,163,66,14.612228657110723,2,65.68099399564994
23,39,5,5,5.325683896573011,225,Sugarcane,102,40,9.576075171545874,3,47.84649305360455
30,14,5,2,11.073363359142519,879,Cotton,146,40,11.936590858695297,0,30.283434003644974
56,19,2,2,11.908302061028097,504,Cotton,60,90,9.072625164883089,1,135.40130645056428
30,19,2,4,4.399773827542633,754,Sugarcane,169,80,17.687769822923855,6,57.27867551703861
29,4,3,6,8.432907056721614,367,Wheat,154,33,10.139924041732037,2,20.377178158764583
30,31,2,2,6.0904286792465205,953,Cotton,59,39,17.93226126233271,5,107.6196451775053
30,5,1,3,10.659094668397632,714,Rice,135,24,12.184981576566509,1,59.90845524818522
50,29,4,6,6.768584734198446,667,Cotton,69,50,8.715491268772007,3,60.88081505750851
32,25,1,5,9.717034313490718,838,Sugarcane,196,81,8.175751825629211,5,260.8725486781335
53,36,1,6,8.316187372210216,205,Cotton,137,31,13.989563720102192,2,316.96779245885386
22,12,5,4,8.332187052759762,755,Sugarcane,179,75,14.147296563118719,0,17.716303700896628
36,28,4,4,10.863995449443372,644,Wheat,195,75,13.247931641969695,1,88.2617725471152
57,4,5,5,7.763235407396514,728,Cotton,131,31,8.663991752035415,4,17.759436963245257
7,24,2,5,10.764796273155845,270,Sugarcane,51,85,11.315043686741948,1,134.3649656765557
6,12,2,5,6.907414624300603,404,Rice,96,45,11.590708063402598,5,44.34681457542241
37,23,4,4,5.39826353971444,433,Rice,168,87,15.048167327258035,3,36.63361299864868
46,30,3,6,7.643819021252921,117,Maize,96,49,12.188547251997406,5,94.26682939472282
23,19,2,2,7.9868462510161775,847,Cotton,128,39,13.72967110183452,5,82.86453560214255
21,7,1,2,7.827065581102332,499,Wheat,173,85,10.863303418435411,3,65.38467109174854
48,8,4,3,10.466643295034258,267,Maize,138,54,15.259817354813139,3,38.04677117652974
37,20,4,4,8.517431531680778,974,Cotton,131,98,8.467659148987648,0,50.61212316464057
16,19,2,5,11.107552574070423,957,Rice,70,70,17.885042568611254,6,111.75179893793998
53,14,2,6,8.113483959327537,434,Wheat,81,33,14.414925876297062,6,75.81907259119892
7,25,5,4,5.797720663056034,967,Rice,68,74,9.488611761687377,0,25.611380931165662
47,10,5,3,5.035966722102021,254,Cotton,195,55,15.174908170599636,5,17.810108669622146
53,36,1,2,10.946902567556968,851,Wheat,73,72,15.865571667964073,3,415.44700833745856
59,10,4,6,4.449382391217694,729,Wheat,155,73,15.88595994050932,5,29.96322363568731
30,26,3,2,4.940876895358098,475,Maize,142,82,10.707321590111444,2,54.054023487853826
39,29,3,6,4.509268151341129,994,Wheat,134,77,17.58637713788397,4,57.88525700041923
12,18,4,5,7.389873577454562,180,Cotton,198,46,8.177378807800604,0,33.78267820709189
56,33,1,6,8.260924931148747,549,Sugarcane,97,21,11.798394470702446,2,289.3972773190417
40,37,5,5,4.158997848180806,409,Sugarcane,178,97,9.042181701724784,5,42.131825267375646
57,22,5,4,8.124689335132835,955,Wheat,71,42,11.848594060665107,1,46.69234395709478
58,0,5,2,7.150075770325008,779,Sugarcane,105,54,8.572249971342858,1,12.141231689390509
11,2,3,6,10.189161459647185,784,Cotton,87,81,14.449797294606652,6,6.270358106887275
50,2,3,6,10.639652973969785,454,Maize,68,91,8.624611568354275,6,30.771442497968902
50,27,1,3,9.479739491089642,423,Rice,196,78,14.1584679231056,2,273.1284747604447
40,13,3,2,7.787964282532991,829,Rice,142,95,10.340842589038274,5,47.535676448237325
20,29,2,4,5.729188760335905,327,Cotton,163,83,9.791478755924707,4,96.98412063924603
28,4,3,5,10.776918938420481,290,Maize,163,60,11.470008639254779,1,28.462891548465777
58,14,5,4,6.733353120355335,837,Cotton,107,52,14.40961028871153,6,34.76531784011412
5,37,1,3,6.850335097559594,779,Wheat,94,28,13.782004883231782,2,257.6044958387361
53,13,4,4,11.328092377496358,396,Maize,77,98,14.804715956633093,6,55.51097229701743
29,13,4,5,11.804778044783305,288,Sugarcane,109,93,17.189809798910773,2,47.41431788899414
14,7,1,2,11.185047651076033,292,Wheat,54,68,10.03303178513101,3,89.20513598425119
58,7,2,3,11.985877788488649,612,Sugarcane,195,21,12.133571128092086,2,60.767714757402466
20,18,4,6,10.951270751211819,108,Wheat,74,22,10.658206164042625,4,52.575647080953715
20,31,5,6,9.634860140960654,686,Wheat,178,42,13.863479945815214,3,63.26896693271327
12,30,4,2,6.350555196571783,947,Wheat,144,93,10.834007936820722,6,50.996746014301955
33,28,4,4,11.62365639119901,960,Wheat,144,38,13.580167021954212,4,87.16368066561728
43,10,5,6,11.01301465291003,242,Maize,125,37,16.231638019104622,6,23.071079352446375
32,12,3,3,5.925974339325226,926,Maize,174,54,13.509454574314375,4,36.690122601133886
10,26,2,5,7.9132997859346155,586,Wheat,97,73,16.381291353779034,3,108.94232828370885
20,18,5,4,4.560445285004401,293,Cotton,87,79,14.113502032919262,3,15.003420998194503
24,25,5,5,11.626470906137737,621,Wheat,139,28,16.702998348000747,1,58.89763030779615
20,36,1,4,8.582146621771647,532,Wheat,73,71,17.304170885299115,1,323.4572967981689
11,8,2,3,5.961604367425323,238,Cotton,182,69,13.078128695846623,5,29.801539473563544
45,27,3,5,6.339194508991006,129,Cotton,194,31,15.906460025708032,3,69.08558385721241
18,31,5,3,11.845250981038877,378,Wheat,64,36,12.68815445321626,4,70.90732284222445
47,2,3,5,8.92491433443358,889,Rice,69,68,15.051937781925801,0,18.105807830173724
30,31,5,4,7.36546499285123,141,Rice,193,67,8.375078661689653,2,52.670032909648036
30,4,5,3,7.998763694284305,327,Cotton,93,46,17.66912449480852,5,7.492450928076163
18,7,1,4,4.788400579018747,896,Wheat,181,33,16.943334604418922,3,40.417512947282574
11,13,4,4,4.600182080583008,579,Sugarcane,90,74,16.932873628546318,2,13.94358909864382
37,2,2,5,8.74166194640308,516,Sugarcane,125,32,10.812512883774568,1,18.678050653825355
30,23,1,5,8.096032291522532,300,Wheat,179,22,10.83167244098884,2,197.73660574609934
49,12,3,3,6.873225530427529,420,Wheat,57,83,12.026007552047577,1,40.58266823634097
24,28,5,6,8.528911620090916,821,Wheat,127,91,16.801895428067155,3,52.780598930673484
7,7,5,2,4.581407595497378,789,Sugarcane,156,42,16.586391366418184,1,1.0
56,30,2,5,11.55192937145237,467,Sugarcane,89,99,10.89459971393168,4,199.14715682596258
8,25,1,4,6.349693502273775,697,Cotton,154,92,13.417761689142617,4,168.35986036450444
30,17,1,2,4.574230325375991,659,Maize,111,58,12.751701466795499,4,90.34064555606504
15,17,3,3,5.356034180592832,904,Cotton,107,77,14.506751850656482,2,35.99123202595569
6,6,1,2,4.763791315860135,817,Cotton,120,37,10.138999096810673,6,30.230668131342103
18,37,1,2,5.42883603487745,953,Rice,166,73,8.850506321368368,2,206.74988075537203
48,15,4,6,7.334032438612895,958,Cotton,136,50,8.272551223973034,6,37.977163937675776
34,32,2,6,9.904407151484167,425,Cotton,152,83,11.814173146271468,6,175.75881366604418
53,2,1,2,6.178786779640318,922,Cotton,91,61,17.466118268800138,0,30.702490068376196
16,37,3,6,7.487412975533151,917,Cotton,56,56,14.848143103199268,2,98.43729447184323
30,3,5,6,11.430058303105891,409,Maize,105,89,15.491301707551335,5,10.401754696171771
48,35,1,2,6.3665739146078035,802,Rice,117,97,17.45163626559698,6,249.18377180677834
37,3,1,5,10.35775802611768,460,Sugarcane,93,61,12.220515356090218,5,51.2305387866915
17,8,5,6,5.262534979858931,627,Wheat,101,48,12.743679266661635,0,9.946763665409224
18,39,4,2,5.426573970057981,739,Sugarcane,195,89,11.595410992813171,6,59.547427289557085
28,16,2,5,7.649222987810125,402,Rice,184,22,9.81372662345132,3,65.0998781017347
38,16,4,6,5.872818003731091,796,Cotton,71,37,15.663939441125335,3,24.548980037709626
48,32,3,2,11.224224590354082,741,Sugarcane,53,48,17.066857929310167,3,134.45862403359732
30,19,1,6,4.406018328987822,776,Cotton,167,71,16.138755673843136,3,101.27108935431575
25,13,4,5,8.778180529150717,704,Maize,163,61,8.477201611620384,2,33.591494711504325
32,21,2,2,8.83383516919616,378,Maize,109,71,10.991447435729036,5,106.08663494362101
52,26,3,5,4.5282074201555815,824,Rice,122,55,13.920855838326899,4,51.40681275189459
40,2,4,4,9.86051371896713,752,Sugarcane,64,27,11.271850918284647,4,12.813970944562241
44,23,1,3,7.751180356097568,726,Maize,172,99,9.501188814239784,1,202.42576315775634
6,29,2,4,9.784586987958468,420,Rice,126,21,13.383630974576757,3,143.4991258253128
46,7,1,6,10.61539988748056,576,Rice,106,70,13.214921726178368,4,90.51864694810409
13,21,1,5,6.583194815925551,403,Rice,143,34,15.098942992190562,6,141.99314198232113
27,24,3,2,7.875887063483901,618,Sugarcane,148,36,17.99867200502875,0,70.78683006270637
19,9,2,5,6.086086238144091,155,Sugarcane,139,32,14.48238432047243,3,30.53105154948188
17,28,5,6,5.61210770817868,291,Rice,68,73,11.168855528783856,0,39.18876301912351
27,39,1,2,4.004758064341259,121,Wheat,198,44,17.563811572323324,2,173.60442188024544
21,0,2,4,11.709052096638699,930,Sugarcane,190,93,13.713004761599347,3,10.78233140903091
52,20,1,5,7.527427754637186,179,Sugarcane,70,94,14.457361129265841,3,181.7101768753786
6,38,4,3,4.104558184470992,383,Wheat,137,52,11.575609771838467,5,38.062723386110854
24,23,4,6,4.071508620544385,527,Sugarcane,75,97,12.518363831788122,4,35.69878243583394
24,8,2,6,6.3068205484095605,202,Sugarcane,105,41,12.186309440483205,6,33.392642795246466
50,25,3,5,4.111501429680947,828,Maize,80,63,17.362157655854354,6,49.73558959590196
7,8,5,4,6.996116941268387,241,Wheat,79,23,16.09590134232903,2,1.570698995142938
59,19,4,4,4.503508011511583,696,Maize,73,45,8.907040646019004,1,35.01712481940706
16,34,3,3,4.314012729202478,502,Wheat,145,20,11.138663695389479,0,54.973578908339356
44,35,5,3,9.355051152596399,688,Wheat,170,29,8.556885402152533,3,73.21071111300863
6,35,4,5,11.254730315543078,869,Wheat,151,21,13.167593528117614,0,94.51723010421446
40,8,5,2,7.275092666418234,918,Sugarcane,131,48,10.794242907301673,5,18.33741272008415
18,21,1,4,10.694163442207461,839,Rice,154,44,8.734001939683024,3,234.20823370987637
20,0,2,2,4.234123689085977,689,Cotton,103,79,15.720091003722072,5,9.962097458863319
23,4,4,2,10.22152044776146,261,Rice,162,32,8.911282237437812,6,13.75271161720655
38,8,4,5,4.502399938583127,693,Sugarcane,173,59,10.71563849985801,5,17.937621267354288
48,36,1,3,10.707515385578812,315,Sugarcane,125,53,15.716372286090994,3,402.55084254969154
50,37,4,2,11.058930758976512,577,Cotton,70,54,13.115718989704053,1,111.65646529447147
10,18,4,5,10.287790739058515,662,Sugarcane,175,98,16.171158656836873,4,56.45669477868919
17,7,4,3,10.565992195290313,775,Wheat,77,58,12.144812586591545,0,18.310951905521954
40,31,4,2,8.491876530658551,350,Maize,173,61,16.14862214656703,0,76.8108934751224
26,12,4,2,6.1190795406612155,824,Maize,130,44,13.381636975246945,2,21.198947712600905
22,19,3,3,9.145848021287733,822,Wheat,128,33,8.879538574998925,6,60.20919403794297
16,35,4,3,7.516333192610891,985,Rice,72,20,12.714904959550443,2,63.296848166993556
56,36,1,6,4.042692487352368,509,Maize,102,58,13.535436194847966,6,164.2981946867751
58,29,4,6,7.81460565147868,774,Wheat,117,49,14.121016773303012,4,71.95643406777475
34,9,5,5,9.209503396404365,418,Rice,154,24,17.278832848683578,4,21.63627755237546
57,30,5,5,4.111069277530566,971,Maize,61,90,9.835572555345736,5,42.79832838310624
55,24,1,4,8.970882688865261,487,Wheat,179,81,14.060279894849563,2,232.4999751861449
44,28,3,6,9.220255249734851,184,Maize,74,96,15.520224290826883,5,105.94149370239602
11,23,1,3,5.264860625911174,614,Maize,137,50,16.899549888374075,6,129.47151212304823
36,38,3,6,7.448593481252076,104,Maize,144,26,13.253060929194081,2,99.97302712006648
52,20,2,5,11.71466080711306,334,Cotton,174,48,10.139505317549808,2,135.66326903264664
23,8,5,5,11.07351382239826,512,Rice,183,70,16.176821338285166,4,24.720945081126494
10,1,5,5,7.286571382866022,474,Maize,144,96,17.0504787971432,2,3.1341089300176534
24,3,5,3,6.798770144193244,374,Wheat,88,98,9.063681050581826,1,9.018260057375644
31,7,3,2,4.992645447814848,470,Cotton,176,70,10.297168363336342,5,26.778350122311927
57,31,1,5,4.281512676321278,901,Sugarcane,73,90,16.71463261516186,4,162.29690265680546
47,13,3,6,6.37970221953663,631,Sugarcane,54,88,12.844155661284528,2,47.06213306434863
41,12,5,2,11.522266776657908,940,Rice,103,33,9.691004273008677,4,36.97956824543839
52,20,5,6,11.668907610669338,806,Wheat,103,42,14.45294596802913,1,56.937231883344296
11,23,5,5,10.50015472461021,493,Cotton,59,99,12.58288924957502,6,54.71077923655433
9,17,5,3,6.806598508158876,760,Wheat,131,62,17.67959394437331,0,15.565203683065693
15,39,2,2,5.1490114630568895,727,Cotton,124,75,10.22714157672866,2,110.5383323811997
19,25,5,2,8.764267804845435,103,Cotton,143,40,11.62161868542917,1,45.58832848715738
7,31,3,5,9.17204005764945,633,Sugarcane,156,49,9.661512079423224,3,97.84908692480923
9,32,5,5,7.396588553964833,938,Rice,118,95,8.49732541182274,6,50.90518175448585
27,30,4,5,9.533174364469122,801,Rice,55,59,10.739033265767397,6,78.89184502230974
57,17,2,4,9.973455085213882,623,Wheat,65,41,16.198279404044747,4,100.38019143494911
41,34,5,3,10.26449330859824,505,Cotton,109,21,10.67232968514034,0,80.29924527962177
13,11,4,3,8.018384890860059,512,Cotton,191,42,14.963430619598679,3,27.09394201065284
19,24,3,5,10.333126220477867,288,Maize,82,81,13.260234525492805,2,97.58852714174148
7,30,2,4,4.203811410155654,416,Rice,150,49,13.197100171711584,3,64.3968429715017
33,9,5,5,9.443234933910958,638,Cotton,89,46,15.815432574601614,2,23.797919393789172
10,33,3,5,5.885071656403839,530,Wheat,58,94,14.17767864510013,1,73.68584724320237
21,2,4,3,6.164162333501226,439,Sugarcane,140,56,9.598557288460562,1,1.0
30,38,2,4,4.7304136528538585,753,Sugarcane,97,89,10.207642630632288,5,103.75497230131856
25,7,5,3,5.539138108745434,618,Rice,59,35,13.437846772060265,0,9.799318624945252
12,31,3,5,11.936065864016022,529,Rice,55,39,16.45314650202088,5,125.95354473701668
25,28,2,6,7.323121044507802,526,Maize,111,93,9.523192625201428,3,112.93265679703508
15,21,4,2,11.422123189509485,621,Rice,80,65,9.068953235966918,4,66.14891791460887
42,19,5,5,5.303196225542385,790,Cotton,55,93,13.175385160737465,5,33.120375560408874
12,5,2,4,5.632470736788156,614,Cotton,144,44,9.886509324431037,1,16.76156457077482
46,28,4,6,8.46250683052057,714,Cotton,83,78,17.942356613066526,1,74.78169624539031
28,16,4,4,6.79626032703266,399,Cotton,142,51,8.043582911979055,6,29.927752932440132
39,30,3,5,9.151321668598369,153,Maize,116,36,12.488632303298129,2,101.98475175676802
59,33,4,5,7.376372605763443,261,Rice,61,99,9.62541454741477,5,80.21017248028528
18,37,4,2,10.492777899723695,548,Rice,87,29,14.81078857254734,6,97.48063624565513
59,36,1,4,7.45247256936867,841,Rice,184,36,14.301345174348226,0,285.6151746710863
18,3,4,6,8.578793459506112,956,Maize,113,21,16.070678382651252,0,2.7085608228156577
14,1,5,2,6.56858560018983,310,Maize,168,85,13.634029990280094,6,1.0
16,11,2,4,9.632327899509232,892,Cotton,169,48,9.893685612160569,5,54.88526370816784
42,34,5,5,9.237873671725712,546,Maize,172,23,8.533147296572864,2,68.05176686085909
48,5,5,2,7.176008262192462,169,Maize,126,49,15.221467740514306,6,17.75630294292587
59,7,3,5,6.208256822324772,400,Wheat,181,80,12.399218628687247,4,35.327462136267684
50,20,1,3,8.912834998562392,167,Cotton,70,77,10.222128334380617,1,196.88610604979178
38,34,1,3,11.545213193688062,893,Cotton,127,95,10.518217996735036,0,407.84862647475086
45,14,5,2,5.061144192212812,381,Wheat,184,53,9.490267623869268,6,24.31491329390309
14,6,2,2,10.392932946764484,253,Rice,126,97,10.835803343908108,2,42.30428108844026
21,14,1,4,8.343934182464725,561,Wheat,174,43,15.920213928425285,5,128.72610278051135
21,5,1,6,8.204477561390874,323,Wheat,146,44,14.206600649850653,3,46.21890737058257
7,16,5,6,11.693473180607834,467,Wheat,170,44,17.873983096669903,5,33.439963210865336
35,3,1,3,8.846998380548454,959,Maize,188,49,13.242812351345261,0,41.29642086352123
55,21,3,3,10.644142621988145,288,Wheat,152,74,13.214896464470577,1,87.92561647278274
5,31,5,3,8.115817991005573,485,Sugarcane,138,43,9.913860613303502,1,45.645481308147346
16,21,1,5,5.998826938040715,140,Wheat,152,58,13.864555285332848,6,129.46216190283897
43,26,1,6,9.555922171664877,784,Rice,73,96,14.083676631184478,6,267.380078373324
8,14,1,2,11.385415235552031,849,Rice,71,21,10.065310640438069,6,166.0554198572346
46,21,5,3,10.729840764880604,881,Rice,171,53,8.879660742262752,1,60.261667347306926
17,27,2,4,5.586908849920677,776,Wheat,169,35,11.687712925536639,3,80.45752696521576
38,37,4,2,6.535112952497202,741,Cotton,71,67,9.7210345767988,3,71.62630144213854
46,8,1,2,8.135045391789422,616,Rice,128,43,13.032045854835232,1,81.31720590236364
25,33,4,2,8.572826361888522,969,Wheat,67,69,13.261098264068679,2,79.90593003063915
26,35,4,6,5.550512915668226,229,Rice,93,21,14.081558671555475,5,53.03423753436131
8,8,1,3,5.840098720121317,996,Maize,158,58,14.028309969788111,2,48.42068211156802
22,14,1,4,10.07064855228349,787,Maize,81,78,14.748781299340596,1,155.10084523650258
9,19,4,5,9.84253933371954,121,Wheat,105,42,10.304548873320671,2,42.03061972297165
23,7,2,4,10.71367051703113,140,Rice,123,31,15.30843031657863,4,47.00929640035366
6,27,4,4,11.46343845824185,252,Rice,58,96,13.248233380639661,1,84.18293378074932
16,18,2,4,6.466088951221534,657,Sugarcane,138,88,12.37305960767396,0,63.048368362992726
21,15,3,5,10.876759652564635,449,Rice,170,34,14.478954221685544,6,61.11485179304236
14,10,2,4,9.328094330209492,108,Cotton,181,79,13.012606899074001,4,51.45326347250364
38,7,5,4,11.662163391134396,712,Maize,87,83,13.256680303206855,5,25.519555040596295
10,32,1,3,6.176593248187327,146,Rice,149,21,8.232478077285222,4,196.98226383266802
12,9,3,3,6.157372013116205,429,Cotton,91,89,16.020368313752364,2,26.48894395629763
55,17,4,3,9.634347589541814,818,Wheat,184,83,12.241758638963798,4,62.463072274653655
15,34,2,2,11.42728619230621,852,Maize,167,55,13.180764913431656,3,199.70166025169377
16,2,3,4,10.596446598291477,102,Wheat,109,32,11.899105287849713,2,7.453361791651606
13,39,5,6,9.81631646234685,875,Rice,139,21,13.515304745074339,2,72.46040320616736
6,26,2,6,7.098473584459106,508,Wheat,197,24,8.540423861968499,3,96.85368015920423
12,27,4,6,9.742138677615792,135,Maize,173,59,11.839090613997358,4,70.27233167345622
15,5,4,5,10.408764611446514,910,Wheat,174,99,14.686777921260266,2,23.578512904485038
57,13,2,3,10.026285438324834,342,Wheat,160,83,17.38446103817475,2,86.4754943231453
40,6,5,3,9.414486386288985,849,Wheat,70,58,16.49180242208285,5,12.626525260163728
14,9,1,3,4.377050013525624,533,Cotton,176,54,17.6281803059273,6,41.62225442249125
25,14,1,5,9.27771946491847,930,Cotton,182,76,15.815146510172175,0,142.41405628076936
24,30,4,4,7.826357243863283,517,Rice,170,60,14.326172728238006,6,59.67352235898537
52,28,5,2,11.692554172397484,318,Wheat,79,64,12.232724424021487,5,79.61420813326569
12,16,4,3,8.857519067016568,300,Cotton,112,53,9.231423935698219,6,35.64454400788282
40,28,1,4,8.865818049882394,493,Maize,87,38,10.508021370306954,2,256.5768567238516
33,14,4,6,11.952441498957999,638,Maize,87,61,10.711750464070372,2,50.85675421626558
46,25,2,2,4.748702318247243,700,Wheat,72,36,12.278830189836071,3,70.52168913452367
16,11,2,6,6.210530280802823,368,Rice,107,54,14.098409711627365,6,39.74288512833301
18,24,5,4,9.248635511752205,918,Cotton,183,95,14.186618461496694,5,52.41649964521779
52,4,1,4,6.521890048274997,935,Cotton,156,54,12.555426374396067,6,48.89179033978263
58,3,5,6,6.769201183432975,223,Cotton,136,25,10.746437590059543,2,17.834639539262156
54,30,5,2,11.141159518376869,499,Rice,192,71,8.56494411855625,2,82.23723546792685
25,2,1,6,8.634831240318373,380,Sugarcane,50,93,17.888363852803252,4,37.43459389742072
26,2,3,6,4.822924662433237,866,Cotton,149,62,17.395598981220157,2,10.303732212793854
25,25,3,6,6.486900685860975,532,Wheat,141,42,9.829259592613209,1,59.22782815795861
48,16,4,2,4.608467011995344,499,Cotton,82,62,14.053958659929748,6,29.0064975715838
54,9,3,5,8.449039467577162,970,Cotton,159,72,10.9565434039385,1,42.96735958457346
34,1,2,2,5.386145571007917,101,Sugarcane,119,91,9.944283632621874,0,17.99491948960836
43,23,5,6,10.85692120020085,428,Wheat,191,92,14.844113253817596,1,62.566357343323205
24,10,4,3,8.618512211652,734,Wheat,145,86,15.861927540666969,6,29.26083831948104
28,23,5,3,4.475005135448757,847,Wheat,132,85,12.065929483215498,1,30.297249165306123
27,34,1,4,6.407005308994552,482,Cotton,133,53,8.59063686204944,3,229.45423906636498
11,22,3,5,8.930701337889015,688,Cotton,174,54,12.014958219840956,3,67.96085332324792
13,31,1,4,6.683986545550626,177,Maize,133,46,13.321939666567573,0,214.91223670567314
5,22,4,4,8.105413348751647,431,Sugarcane,188,46,16.93216520410516,3,38.92612133874198
30,33,2,3,11.274898357461886,262,Wheat,79,83,14.568026504822289,2,195.74203387754196
42,18,3,2,6.800287764050227,249,Wheat,135,58,15.104964370720344,0,52.50778362746541
42,1,1,4,6.686982899758304,659,Maize,188,79,10.026312843872772,2,27.040645194339987
58,1,3,4,10.55805473050159,725,Cotton,154,92,15.202716243598111,4,24.25433064471122
48,14,5,5,6.550052183334159,604,Maize,127,42,13.018248569928108,3,26.06913952994196
26,20,2,3,4.623666753123138,675,Maize,171,97,16.204115527352833,2,60.19488373636422
48,34,3,2,5.447559633899959,249,Cotton,184,30,10.163694581077014,4,76.64251385692286
14,4,2,5,11.590402006370407,684,Rice,143,23,13.148623996484638,3,22.39907407194488
59,26,5,2,11.466342340621772,146,Sugarcane,123,70,10.09477100076274,3,74.68923257882989
10,23,5,2,5.798496726225182,907,Rice,184,57,10.859164496376227,0,21.981782333648503
21,6,1,4,8.428014984789487,461,Rice,54,70,16.322040844004803,1,59.27983530902752
55,5,4,5,5.098944803384023,792,Sugarcane,96,67,14.877943180371666,1,21.863710826539585
54,32,1,4,9.397421028092285,473,Rice,85,99,15.284880417658552,2,327.3384517946275
42,16,2,6,5.482446368078485,870,Cotton,192,55,8.685373379655536,6,58.628314174149494
28,29,1,2,4.398323383372832,194,Rice,88,44,15.28756558782334,0,140.3246404178623
55,7,3,5,10.599174457670394,200,Rice,87,24,12.914070956183881,1,38.35196953644876
14,39,1,3,6.603203061789006,489,Rice,85,93,12.59143792792041,6,273.2383468695512
12,6,4,4,4.868179228480776,694,Cotton,164,88,12.126269283761484,5,13.602293041127306
25,5,4,6,10.671231606897802,181,Maize,51,42,16.517948791253048,2,16.76726702513518
10,3,2,6,10.099179820369187,732,Wheat,64,33,9.774639390287792,5,20.35981164739239
25,0,5,6,9.470067603455746,512,Sugarcane,133,71,16.14114697832656,2,4.787598813827833
43,14,4,4,11.289989678756234,102,Sugarcane,104,67,17.283238497163204,1,52.92800947543258
28,30,2,3,7.913808694965081,112,Cotton,126,76,9.682388233341952,4,133.58316064668668
37,24,4,5,5.024451980694382,263,Wheat,74,52,17.995959986501006,2,43.15740483493811
22,32,4,2,4.490771279160956,716,Rice,63,57,17.905342421337817,1,45.56438151697474
32,34,5,3,6.547528143677269,444,Sugarcane,186,84,14.213189291271831,4,58.35741768894848
56,4,3,4,4.69464664109933,959,Rice,167,25,10.685349024239246,6,22.61395516795467
36,4,2,5,8.284075522776682,265,Cotton,54,40,12.296250844433024,1,27.153954045824666
16,35,4,2,4.115992142585263,174,Cotton,150,46,9.70383245239609,6,38.511288032448384
52,16,4,5,7.550106412075007,159,Cotton,194,88,9.20202191921335,2,44.674846162450415
46,13,1,2,5.427682318828683,844,Maize,118,25,15.040296349995046,4,83.56481637539567
31,28,3,2,6.946144350937265,481,Cotton,103,59,13.798460254064246,2,74.56560421997837
14,7,5,6,9.400272598165513,172,Rice,123,44,13.635739014621178,1,13.741033397112043
50,33,2,4,6.807710168405612,889,Maize,111,88,10.47760876077359,6,130.1793708333169
56,39,4,3,6.730719097601722,760,Rice,142,81,10.349062448063766,6,83.81557172250689
46,0,2,6,11.926005862716016,222,Cotton,65,98,17.89734245902182,0,15.178456163129615
36,28,5,6,9.75051778181029,566,Maize,184,65,14.287738114489697,0,61.037182576007
46,35,3,5,8.11089369480041,388,Wheat,92,67,16.194555629437453,1,111.57549975918165
30,36,1,2,8.635005207980637,615,Cotton,186,57,11.785119217452422,3,323.26558909348904
29,28,3,2,8.961461052150486,580,Maize,120,80,16.436810938562203,4,98.52544005259122
15,4,1,5,4.196603191526735,336,Maize,129,36,15.223807463062219,0,24.957607229922978
27,31,2,4,4.642116724201981,819,Maize,187,67,11.5012441950171,1,77.22253757729683
38,23,3,2,9.193514810853214,271,Sugarcane,176,52,15.176944482195495,3,82.09343048463195
56,18,3,6,6.91575087078651,484,Maize,173,37,17.256227276073368,2,56.06527637817912
44,11,3,6,4.4435523218554005,545,Wheat,182,55,10.137314883757082,2,32.82773424804495
27,0,5,2,6.380105968413009,306,Cotton,100,73,13.476326115784751,2,1.51856466353005
33,6,2,2,5.0422673633711215,249,Cotton,56,22,17.66650387165339,1,26.177405948588145
35,16,1,4,11.33051073781057,835,Cotton,71,39,16.213979400173898,5,198.11496467086974
11,33,3,2,5.62340314042492,670,Maize,73,50,14.202911816744644,5,68.65459003403234
44,6,2,4,5.14952957915242,904,Cotton,175,40,8.69765437582273,4,28.319110146864563
37,16,5,6,9.009350536708933,250,Wheat,153,53,12.06323197069523,1,37.99548353227874
25,2,5,4,8.175295442214662,772,Sugarcane,91,76,14.507654679068903,3,9.568310787189652
6,28,2,2,8.607459632286336,212,Wheat,199,56,12.096618547882436,4,129.5384631158835
22,21,1,3,7.487585184322522,331,Sugarcane,165,20,17.97083800876101,2,166.48490110585817
51,37,2,2,7.737354487457036,587,Cotton,180,76,15.53392800032955,0,162.67147626914945
37,28,2,3,10.230380446777037,482,Rice,160,74,9.870818187857807,0,158.5131885178271
41,4,4,6,5.759377478605339,473,Sugarcane,155,50,12.903863494821351,0,11.977922206671085
38,29,5,5,7.172234422649873,797,Wheat,68,42,11.839722062179492,5,45.65163310118344
24,22,1,6,11.662603079423594,850,Wheat,121,94,13.938431798641702,3,271.1044362872421
39,20,4,6,5.5198856094883615,346,Rice,174,67,12.465645161477298,5,40.28099784072528
55,25,2,6,6.3501887603349365,239,Sugarcane,197,39,10.379007158201059,2,91.49413070446953
54,20,5,4,5.532535394287924,723,Sugarcane,82,26,15.243712653246773,0,32.231996502633606
58,19,4,6,4.163963970865085,501,Wheat,183,21,9.066610140559055,4,29.145651080396412
22,22,4,5,6.158639400333363,806,Sugarcane,64,59,13.321339900521101,0,34.29343401226784
50,3,1,2,4.371739567697913,224,Rice,118,43,11.101599824485298,3,27.651409166998825
28,20,2,3,5.237481011253067,455,Sugarcane,139,93,17.665310350302384,0,66.45699334249647
12,20,1,6,6.901456560540917,338,Sugarcane,80,28,11.035613552121635,5,143.6831711538963
34,0,4,3,4.165769736551666,612,Rice,55,62,11.40941544478265,3,9.662623827563035
48,14,4,6,10.023652527445734,732,Cotton,178,70,15.070871706893623,3,47.79595362526763
57,16,1,4,10.364712110156376,700,Sugarcane,196,97,9.284752423127753,4,189.75066500959846
14,13,4,3,7.291310419346903,631,Wheat,64,69,11.246250992277359,3,27.305922526153065
27,18,3,6,11.877327834994155,372,Maize,83,95,14.959148238387389,1,77.90806984127744
56,33,5,6,9.431951318461593,276,Wheat,132,41,8.307537406202716,6,73.62771899042383
53,5,2,5,9.949773983845992,505,Wheat,131,29,11.110006290643634,2,40.958039033171964
15,5,5,5,5.538403389329067,213,Cotton,100,86,8.082556663713444,3,5.14830777672439
6,4,2,5,10.699500982573706,893,Cotton,60,23,9.502291975034044,1,24.528781486268105
30,6,4,4,11.560371184172048,126,Wheat,53,49,14.041973940650145,1,19.48433235582379
40,32,1,3,5.890481332590334,799,Sugarcane,131,41,12.567148605701203,0,204.21061362467006
37,12,1,4,9.491714355091041,517,Wheat,90,92,9.560259144927352,4,129.27273101784382
51,0,4,2,9.97552838930665,698,Sugarcane,50,60,8.780254381755656,0,15.63040401061331
17,12,2,6,6.4413533744763924,691,Rice,58,35,8.563244687272821,4,43.2962833291342
44,26,4,6,7.800072020578371,561,Rice,114,75,8.85358158297703,6,62.412431757635694
29,6,2,6,4.780312748645793,279,Cotton,165,88,8.960767939290754,0,30.609691776175758
8,2,4,5,5.3847584316760635,666,Maize,66,33,8.86312684582106,0,1.0
46,24,4,6,4.492564189177558,346,Maize,116,71,8.550802211031055,1,42.101131184184695
23,32,4,5,8.48132392436235,599,Cotton,136,33,14.970307257635152,2,71.81164664750902
22,39,1,2,9.002103178218155,416,Rice,50,66,17.412667079266086,1,362.4034165309037
41,16,2,4,11.328956667469864,533,Cotton,171,35,16.559788848683365,0,103.48329780937783
34,13,4,4,8.33747848498881,332,Rice,197,62,10.658535641204088,2,30.58554838801451
23,36,5,4,6.084890966464799,881,Sugarcane,197,87,10.042794471666273,0,49.072958349795954
27,22,5,5,4.4757883727289505,993,Rice,173,56,8.479120522008603,0,23.04178672796276
58,23,1,3,11.079624422006695,720,Rice,130,33,9.560336800329857,2,278.55100248491294
20,28,3,3,7.830864628224427,849,Rice,134,60,13.677712928258975,1,76.90631984712259
5,37,1,2,9.898575915538569,989,Maize,72,92,17.981248517982415,3,369.39059858209
16,26,3,3,4.117194788764712,918,Rice,169,43,16.590344068733444,5,39.31927777151244
28,37,1,2,7.905111381315341,468,Wheat,105,94,13.149215303454735,0,308.1438001879395
38,39,5,6,6.605780985331989,766,Sugarcane,96,38,12.234548838863805,3,55.39090086743172
57,22,4,4,4.242650180910615,267,Maize,194,31,9.478258840137896,1,31.26333186035737
12,30,2,5,10.205382456579667,167,Wheat,51,66,12.185912341401371,3,156.57941774797888
22,35,4,2,8.103213223148906,876,Maize,155,31,13.94858183152962,6,71.01782085450847
52,16,5,5,6.665441943929047,846,Maize,82,22,13.954745081151298,1,28.824534498605075
9,36,2,5,10.446387871259194,650,Wheat,157,49,13.575464831085453,3,185.91233490785513
30,2,3,4,7.575387614801332,754,Cotton,64,77,16.240188365406276,3,19.820995719247442
34,35,3,6,4.02798365094641,444,Cotton,81,65,13.100838736188189,6,62.2772840162984
58,4,5,6,11.555581056306604,629,Rice,155,70,12.728495763124064,6,20.42106245120838
17,14,2,3,6.045461923699084,151,Wheat,80,34,11.057739053332302,6,42.759009683636044
23,5,4,6,10.644604176506732,544,Rice,64,62,9.802417324701475,0,15.4111294717391
33,9,5,4,10.531323072650185,833,Cotton,197,41,8.014039465295745,2,24.924267922387394
7,31,3,5,5.29899145088585,904,Wheat,155,28,11.220982952245869,2,53.18820580850779
30,22,5,2,7.792021449718213,691,Wheat,80,58,14.33080765421708,1,38.754562367384956
44,16,4,2,4.321591827987944,792,Wheat,51,87,13.588975095928534,0,36.42931560691178
16,19,1,6,6.836413383107696,239,Rice,62,76,13.305165629985074,3,141.06165375750282
6,14,1,3,9.84783074695696,820,Maize,145,87,15.723767714952846,1,149.55342466387316
15,21,4,2,5.896555760882861,508,Maize,162,26,10.328467814137479,2,32.64870441657884
48,5,2,3,4.93702344593848,434,Maize,193,21,14.785380048595595,3,25.781070381288366
32,3,5,2,8.056988407480072,380,Wheat,64,73,14.071648499703613,0,8.151389662582456
22,22,4,3,8.295891074989058,504,Cotton,74,56,11.389914281242202,1,49.9398800203257
17,18,1,3,9.406631450569265,221,Rice,125,93,10.18543602792011,5,180.05173198626895
41,30,3,5,10.073101974420727,822,Rice,77,47,13.626898695538465,4,112.86469922473475
26,2,4,4,9.56647625011724,955,Cotton,154,78,17.451480694794704,0,15.353970516943972
16,27,4,2,10.763297666358806,746,Maize,61,65,8.763508421344675,6,72.70002638728393
6,2,4,6,5.783251714256319,559,Sugarcane,170,82,17.529848392945503,5,4.837667255297306
41,13,1,4,8.55813396973197,788,Cotton,162,54,12.647581438878152,1,130.15268632732676
11,17,1,5,6.880762859370601,138,Maize,193,77,15.10043500895691,3,130.94780684288207
30,26,4,5,11.696898856013139,174,Wheat,123,32,16.032046670349168,1,75.55201861621212
30,9,4,5,7.52223618731859,964,Cotton,187,90,9.515147970351785,0,26.195427770742732
28,14,2,6,11.677711465068453,660,Maize,140,25,8.449580608145727,2,89.55721701751088
16,18,3,2,10.152525232472847,316,Rice,101,64,9.284917265330904,6,66.14506513456107
20,8,5,2,9.747710896549592,345,Sugarcane,79,24,11.409528892904024,5,12.126861155713211
27,3,5,3,7.932509695374615,842,Sugarcane,146,57,17.565542296037393,5,3.3799630022469103
44,14,5,3,7.547025074044817,517,Sugarcane,65,63,8.427754379153745,2,30.20433759648935
13,7,1,3,8.212385500147256,866,Maize,187,44,17.197980996247527,0,59.90929996801586
36,0,1,6,6.349064503415626,302,Maize,192,34,13.612946914621219,3,11.765337849500643
19,6,2,4,11.236079518707733,755,Wheat,75,91,9.023409614984681,2,47.26864343316445
41,30,1,2,10.354645242122931,963,Sugarcane,64,96,9.527484911693314,4,333.8016314471894
17,17,4,3,10.411166834600351,907,Rice,183,58,14.893311718156173,4,48.641770189385376
9,11,3,6,7.465228763595489,618,Sugarcane,158,67,14.084534602104291,4,36.94691719027365
15,29,3,6,4.568711585953737,712,Cotton,178,71,9.674564694760544,1,54.93765880106286
14,32,3,3,9.464618543410229,395,Cotton,163,79,17.043310880070962,3,103.85467948652321
56,6,3,5,6.995308671771294,549,Rice,136,42,9.329039332577267,3,29.196631359065172
17,27,5,5,10.963442499606604,937,Maize,173,88,13.115735860539607,2,67.23446862042066
45,2,5,5,10.242707507598908,327,Sugarcane,156,71,13.282943427515068,0,17.208556268621308
57,5,4,3,5.162625135918049,202,Cotton,138,41,16.705023566061648,6,23.330380204199137
50,30,2,6,8.813725844308113,191,Rice,178,44,8.221502159879032,4,148.05808855406332
54,37,1,6,9.537711407417476,889,Wheat,138,74,9.364517009078888,5,367.07862563421406
19,14,1,2,8.545100638594892,456,Cotton,87,83,9.706786800543739,6,135.38422334804213
46,6,5,5,8.112337409242091,798,Cotton,90,84,8.62881397524804,4,23.17904183569519
11,29,3,3,5.82290460004753,245,Sugarcane,189,23,14.314832840909546,0,53.45658967289804
44,26,4,2,5.887254755369475,366,Maize,187,71,10.29599860703148,0,49.67385074426563
32,16,2,6,10.144065109140437,218,Cotton,119,51,13.766698345603725,4,92.99896474623488
36,17,5,2,4.149518284508457,602,Cotton,94,72,15.826122035924328,0,17.981344151313863
39,21,4,5,10.23128050164461,363,Sugarcane,60,45,12.08528493289268,1,66.80843346053734
19,25,4,4,8.214389892313113,375,Maize,73,98,15.688502743300797,2,57.90270816273141
52,26,5,5,11.489781219078688,814,Wheat,106,54,15.778685506436233,5,67.75795055468807
40,39,4,5,11.978572381783383,158,Wheat,89,33,10.634230657406576,5,129.55508424885699
25,23,3,3,9.307876520871691,446,Wheat,138,53,8.157445974030649,6,74.602656083763
10,7,4,4,7.298057555361096,764,Wheat,86,79,9.032818532063324,1,13.726804152731656
5,20,2,4,7.8006872684855555,285,Maize,52,44,16.23523740170793,4,80.38117732077852
8,28,4,4,5.6337234212120615,214,Wheat,117,73,12.053073150141238,2,41.24483044035064
15,20,1,6,4.793874591931848,886,Sugarcane,170,46,16.3909601611847,2,102.61266062029969
48,2,4,2,8.630107146417082,992,Sugarcane,178,40,13.475143203468079,5,15.449384964652396
30,30,5,6,10.443960783732805,997,Sugarcane,143,67,9.973953877217102,2,67.53798268067672
41,26,1,4,6.094132141833706,461,Wheat,94,54,15.122372570940032,3,171.60984057049006
27,26,5,3,7.357222481962799,335,Sugarcane,80,71,13.581863426325874,3,50.99513246323935
33,8,2,5,8.438189294215846,541,Sugarcane,86,89,11.518052121471456,2,54.53421657671363
25,32,3,5,11.263182559760459,677,Rice,163,45,8.877169954495304,3,124.75522900099256
52,32,2,6,5.109049821296448,362,Wheat,92,34,9.022983561564404,1,94.36000450415331
49,25,1,6,5.895065349837301,150,Sugarcane,134,24,9.885116141463786,6,164.33219109196665
49,27,3,3,11.348243614286279,450,Maize,148,52,14.729311192575993,4,116.66451342306856
53,30,4,5,4.316284745237534,516,Sugarcane,53,44,15.279714221161644,5,36.93054156040464
31,0,1,6,9.248925072478869,942,Rice,171,71,14.309158527652379,4,12.54289248169814
43,19,3,2,9.116207065743613,843,Maize,78,63,11.372683877001952,5,64.26327104608463
44,11,5,6,7.066035469060512,971,Maize,149,39,12.404700431552788,6,20.776248772778114
17,16,3,6,7.745317432056945,112,Cotton,148,75,15.095597779464338,4,49.970278530626395
27,14,5,4,10.839343611844491,493,Rice,145,85,14.59855070036944,0,37.88158371597788
20,33,5,2,5.319856506774233,980,Rice,155,27,15.73013530912725,1,27.739207622239736
34,15,3,2,5.852539826231417,926,Sugarcane,188,83,10.411375541016264,5,40.8128712640512
8,3,2,3,8.098803291519124,905,Rice,82,48,8.044888912995493,4,16.524647156347672
44,7,2,4,7.277963384000241,631,Maize,170,67,10.664421007988977,4,44.560381015614546
20,33,5,2,8.594979980361469,312,Maize,66,38,11.478914643736166,4,56.73685101821753
35,24,1,4,11.366713488750367,369,Sugarcane,189,28,17.60513464292188,6,285.1045176270815
57,14,3,4,11.336816141902693,139,Maize,50,91,10.177322733088523,4,71.34926080400578
46,27,1,5,5.840146717719934,746,Sugarcane,72,34,16.264043507348095,3,171.0729543867081
29,8,2,2,6.417156902790723,873,Cotton,56,87,14.225115289831319,6,37.53572307426018
48,1,1,5,5.296549450376239,280,Rice,127,82,9.675366478994567,3,25.948716089833336
16,16,4,6,11.422322971711411,838,Rice,102,57,12.03504810673628,1,43.38985811815981
30,9,4,6,7.182913041585562,364,Rice,56,66,13.101586572521946,1,20.001204414885326
41,8,2,5,7.5976411590694175,205,Cotton,147,32,11.441501636512314,4,43.16220111761823
52,30,1,6,10.421126246219677,932,Rice,133,65,10.261501180810885,4,332.3733515919026
37,1,3,5,8.103787782482335,586,Cotton,123,55,10.528509396753709,4,10.346524245415186
32,23,2,3,4.958043857772097,503,Cotton,54,29,13.852057653356155,0,65.69818109289751
13,18,4,4,7.502789675541573,489,Sugarcane,146,74,14.881060525940518,5,35.008715081739524
16,16,2,3,9.044192346229053,707,Wheat,150,42,12.689712586474322,2,78.42121835812878
9,9,1,2,9.753672702056292,906,Wheat,93,42,17.417358367463844,5,93.12103397883327
58,27,1,3,9.162814822263151,222,Sugarcane,159,87,15.285664261668716,3,270.87327517736117
56,37,1,3,4.953445753858906,888,Sugarcane,171,63,16.917579659017125,4,201.04336049267266
58,27,5,6,6.4347562012945465,136,Sugarcane,188,24,12.756635462883377,5,42.082728739268774
32,0,1,5,9.868517159705721,879,Rice,198,23,8.14882927955808,5,7.7740990547952045
39,2,4,2,11.041521554688597,809,Maize,181,49,13.92070529607183,0,10.64489632922236
9,14,4,6,4.377491320498078,866,Sugarcane,138,71,16.18259379475355,0,17.311552723067237
38,9,5,2,4.337832864559817,602,Cotton,84,32,13.365350592898077,6,13.169080338164227
50,20,4,4,9.147236234712498,626,Wheat,84,37,13.679010481767712,0,59.68813431756712
38,36,4,5,8.384369233306249,696,Rice,84,51,17.749708958316226,3,83.59683588594146
17,14,2,6,5.242712404141712,191,Maize,82,52,11.661421843749945,5,43.1257086388471
43,22,1,3,8.386332653575682,199,Wheat,126,77,16.018728188715667,6,200.73063558581296
46,13,2,4,11.795898748006806,785,Wheat,117,81,13.050742394764459,2,93.85079433559706
49,14,2,3,9.047201763173,554,Wheat,170,90,12.637110038284327,4,84.19896391978654
52,9,4,2,7.593129248397749,826,Cotton,100,33,9.455770631056549,4,27.71388636244798
18,8,3,4,10.620259903516603,976,Cotton,87,33,15.483950835810464,2,37.641526668128925
15,38,1,6,5.7025798852172125,697,Cotton,91,29,16.232944222219537,3,219.4780691816548
46,4,3,3,7.314611446615306,493,Maize,79,78,12.308774450769253,0,20.294657675178875
42,24,4,3,8.222143134486778,693,Wheat,77,58,15.635305933739037,4,57.22926258091234
8,25,5,2,8.036319136406043,933,Sugarcane,155,65,13.811207867998327,0,43.755598043392595
57,7,2,2,11.36777975368922,985,Maize,97,37,10.575543146388359,2,60.86976447529748
37,21,4,5,6.341344857973406,604,Cotton,104,38,17.237155278878895,4,39.247206260864964
11,24,4,5,4.452029765836957,216,Cotton,185,56,14.967714136970251,4,27.842476666653816
45,11,3,2,11.331017636109936,778,Cotton,156,22,16.783346176787287,4,54.44701244530005
12,8,5,5,5.736541257106741,853,Rice,174,74,10.814644256327721,6,13.755025082012967
41,9,2,3,7.032223791813659,889,Wheat,164,26,17.16363189346566,1,35.859807361764794
55,9,5,2,8.247132996144618,590,Sugarcane,104,90,11.646668612081466,2,31.32208791063594
14,8,5,4,11.807043764385707,441,Wheat,119,71,8.095318859282978,2,24.695033643866676
47,25,5,2,8.282147533028784,525,Maize,97,73,8.750284379648381,0,54.12541991914666
19,34,1,6,7.581946452387832,569,Rice,56,57,8.893384843992783,6,261.58399553478694
42,26,5,6,8.669107836141173,233,Maize,124,82,10.071433682052717,3,62.443011608357395
19,30,4,2,11.766465279337101,977,Cotton,172,83,9.865219857823364,4,96.35949298737071
9,18,1,4,10.543556790051523,279,Cotton,129,25,8.5789399403122,4,188.66386827673472
33,37,1,2,5.351745090495377,776,Sugarcane,183,93,16.95392432332972,5,213.59044384295098
23,5,5,4,10.426080119233673,311,Wheat,186,71,16.283100836999623,4,16.662800357497183
58,14,4,3,10.728792478431107,617,Maize,52,63,15.628232330168283,2,52.0706041473091
55,28,2,3,9.525552831667731,684,Cotton,142,55,12.791333961146298,4,155.48499712138937
14,4,5,4,9.257867673338115,512,Sugarcane,166,56,12.251481538222663,2,9.895247871179665
16,13,1,5,7.527016006782434,456,Sugarcane,185,83,12.25364485403338,3,110.38345137703897
58,1,2,3,9.13356309695563,552,Maize,66,67,10.617674098661858,3,22.1510265110783
8,22,2,6,9.900599777218062,534,Wheat,175,46,14.082576135052346,2,112.941776273194
35,18,1,2,4.982561984594392,176,Rice,157,84,8.590796510467076,6,113.05011932110587
22,23,2,5,6.058639681467485,382,Sugarcane,96,20,14.587839108946044,4,76.28768064563255
20,19,4,6,5.552655031730352,826,Maize,60,67,13.138574638532056,5,33.323449653428504
44,26,4,2,10.729694695248114,776,Cotton,187,56,16.16520220384116,5,76.44166464711292
40,23,5,6,9.44002073225414,785,Rice,110,68,17.727419368300826,2,51.12063787611404
29,16,5,5,7.606228316601412,709,Rice,179,74,16.76610137873211,4,30.593980688278695
27,24,2,4,10.608446003907744,636,Wheat,119,58,15.199241447494895,4,137.4729978794861
16,30,1,2,9.734250719940086,520,Maize,100,55,12.327834126430293,6,303.39742559713324
38,27,4,6,11.308744652362375,250,Wheat,122,85,10.145242620399506,1,84.87367137491813
40,27,3,6,4.614455968783326,831,Sugarcane,177,85,14.648733172066645,2,56.843226864946
41,21,5,5,8.073259052329881,602,Sugarcane,117,87,10.015991090061874,0,45.341225283460005
7,4,4,5,9.653983228610041,765,Maize,106,21,8.202589499266942,0,10.041432384619565
13,7,2,5,5.659945494438766,687,Cotton,143,84,13.732329811963178,3,28.890669772055457
57,37,4,4,6.617009855770912,987,Sugarcane,181,37,11.94130411770215,4,72.40822445084825
22,27,4,3,7.351810010558613,842,Sugarcane,178,60,16.760186663693258,6,47.93344955213056
47,11,2,6,10.354604946164713,614,Cotton,56,58,14.457800612296396,4,72.4292557031683
39,24,5,4,7.948609608457561,684,Rice,131,45,14.472501035622415,1,44.48490218391712
59,37,5,6,7.942960262782314,722,Maize,185,94,15.87893047636338,4,75.57504191488657
38,14,3,4,7.447100948417162,434,Rice,143,22,11.356520011367941,3,46.227261616159446
45,33,3,2,5.828712714370523,683,Wheat,128,68,17.5817195163319,2,80.49596629496637
18,12,5,3,11.384572284902116,511,Cotton,59,47,10.21321491464562,2,25.90586822231843
8,7,5,6,6.542408965253403,354,Maize,159,35,16.716798968258402,6,3.3793841776856826
33,12,5,5,8.539725286159204,317,Cotton,155,41,17.10841001654091,3,25.045471987134437
45,35,5,3,5.190237884178452,307,Cotton,164,99,8.390403768643866,5,46.50379015374917
49,5,4,6,7.473947136792377,860,Rice,199,96,14.318221036286284,1,24.98133756142521
54,37,3,2,11.230428129353742,389,Rice,116,68,15.494208399999074,2,155.49433902532942
19,31,2,6,11.963721908084736,951,Wheat,53,47,17.53830404625492,3,189.65212466028956
32,20,1,6,6.894014853867737,676,Maize,138,35,10.513788991381,4,148.28864933314136
46,6,2,6,5.231924370514684,384,Cotton,118,83,13.618501754971415,2,31.265159738636427
20,25,1,3,6.515612213843161,615,Wheat,102,79,15.73117467772554,3,182.41575828456564
16,14,4,6,6.617934147096156,807,Cotton,132,85,9.48355519427781,1,33.54497806199884
56,22,3,5,9.156070354258542,730,Wheat,176,45,16.529821295563238,6,81.55600747493018
9,37,1,4,7.969253795956482,801,Cotton,189,61,12.036380314192591,5,298.6350925183571
38,14,5,5,10.147677826125044,777,Rice,96,22,14.397508454669214,2,23.112517360912612
46,39,4,2,9.610426275979849,331,Sugarcane,76,40,8.420380989627215,6,99.21274083619065
5,15,1,3,6.01046979140197,741,Wheat,195,51,10.229361387507254,1,97.62070059779433
43,31,5,4,10.274045519086226,980,Wheat,100,89,12.781849919927957,0,75.09824346416377
36,36,4,3,10.779694935318528,703,Sugarcane,136,88,10.892095425169153,1,109.41959133265766
30,17,1,3,8.787121518032013,431,Rice,170,43,17.57843252883604,3,162.3855380689386
21,19,5,6,11.421341673988609,736,Wheat,116,84,15.949325034666677,4,46.78416615850562
52,1,3,5,10.263584981876402,911,Rice,51,42,16.648799200031632,2,20.639860804332724
31,22,4,4,8.763167254985593,306,Cotton,188,99,12.663179057864781,1,60.92225785293629
28,29,1,6,11.249327978506642,725,Cotton,150,27,12.73642067687785,2,334.76095587777013
39,2,5,4,8.80286784192431,460,Sugarcane,190,64,16.051890127151545,2,11.339965753027473
50,38,3,5,8.169529018698722,450,Maize,183,30,11.875327407854153,5,118.83560616283216
46,0,5,6,6.850066723288822,472,Rice,61,76,12.808493031115713,3,13.810121504710652
58,21,3,4,11.062906644755563,200,Maize,92,31,13.285897321342759,3,87.5200464996438
43,28,1,6,4.981817366982573,643,Maize,121,91,14.07157677882288,6,163.2422900756432
30,13,5,3,7.788021713739651,569,Rice,122,29,14.499704914329989,6,23.038120621149652
53,27,5,2,8.299306655000175,230,Maize,53,82,14.80751736759854,0,57.65076466189737
42,20,2,4,8.437992854158214,628,Wheat,81,54,12.440092614240726,4,95.71508391002456
27,31,4,5,9.215118643881945,576,Cotton,189,57,10.951468550824913,6,76.51105750331976
26,5,5,4,8.046364994030526,347,Sugarcane,195,40,17.20154138975449,0,9.789044008607556
8,0,3,2,6.054545181119416,474,Rice,80,70,16.267216976882757,3,1.0
53,20,4,4,10.855555169115998,495,Sugarcane,156,37,8.034373931680685,0,66.82743919795013
13,3,1,4,9.260202622684226,675,Cotton,112,37,13.12923420993016,6,29.82624362800301
8,2,4,4,10.86550250968245,177,Sugarcane,104,45,10.74603045865652,1,1.0
11,29,2,5,6.208347927843014,811,Rice,89,39,14.427289889300237,5,93.42119592775084
27,30,1,2,9.096455159222574,140,Sugarcane,188,44,13.026398353747432,6,284.9994080080967
6,33,5,2,9.71338996061116,357,Maize,146,99,8.2116646876568,1,68.45236601714117
53,18,1,5,7.067241282942708,280,Maize,88,64,15.277725282408529,2,151.0579489096895
28,19,1,4,10.49795294565521,389,Cotton,69,77,10.753867689183398,0,208.66786301996012
44,22,2,4,4.020070198738374,224,Maize,145,37,10.602365191337052,5,57.797632150445054
59,39,3,2,8.759358001713773,955,Sugarcane,134,67,8.319261174241781,0,134.98448813656745
35,24,1,4,8.908547762817044,723,Wheat,150,33,16.28336165583996,3,225.78051015851364
51,14,3,3,8.270744744309084,567,Sugarcane,76,26,13.78839510617523,0,50.31350183404106
35,37,4,4,9.040387895355597,334,Wheat,87,57,12.8484271695059,6,93.2879752712628
51,22,2,4,5.337814856186162,599,Sugarcane,136,83,14.758128074642507,5,81.64960542163946
44,1,5,6,9.478251854419007,813,Wheat,147,48,11.453700865985903,2,9.94477387071891
52,14,1,2,6.686311702693322,651,Wheat,125,74,13.69474478987189,3,115.4576651549804
55,34,3,2,7.616429940607342,810,Rice,60,64,10.492734080602563,2,101.14628065215646
47,9,1,3,6.664874911970149,922,Rice,156,38,8.629551438609942,1,73.47352356429016
38,13,2,3,7.791489627995883,737,Sugarcane,173,21,13.613433519938823,3,55.59086814679651
59,26,5,3,8.972553812093981,173,Maize,65,85,10.211917197717383,4,57.35527049792489
28,13,4,2,10.706747767164408,790,Rice,91,55,15.500421809753812,2,42.3618256741386
53,34,4,6,7.867480461121768,104,Wheat,119,75,12.518431592571664,4,81.83516970707302
30,32,3,6,6.585790620828826,923,Sugarcane,62,40,10.503984795472281,4,76.79943332289636
20,0,4,5,7.903535031403075,217,Maize,85,82,14.083458679415456,2,8.349390492839001
51,33,3,2,9.510429312564124,843,Sugarcane,124,21,9.166207882372005,6,121.54995505649465
17,18,5,5,6.773605733806365,760,Wheat,188,93,15.614238806234752,3,29.07736221746022
19,23,1,4,7.314256597787249,413,Rice,173,34,12.521779562932078,5,171.72378468361774
31,3,2,3,8.502718536069892,300,Rice,175,81,16.126456283006767,4,26.34575814225433
8,35,5,5,6.3520741106188,960,Cotton,97,31,9.380963700414949,3,42.55161823489375
20,12,5,5,5.672677276355534,642,Cotton,197,22,11.825422766669249,4,6.581313547293711
34,31,4,2,5.123138270906096,848,Sugarcane,68,23,9.800296861101534,2,47.76548777882156
48,8,4,3,6.820879865008594,529,Sugarcane,174,28,8.611955693198876,0,20.08778713829792
34,38,2,3,4.386743251504456,766,Maize,183,65,17.553476377967172,5,100.30943214641957
40,15,1,6,8.667860213676011,809,Rice,105,61,15.266485529438995,3,145.70286153284454
7,2,5,5,5.407274927980196,718,Rice,176,93,11.25605277488241,4,1.0
26,19,4,6,7.019158338640342,258,Cotton,149,50,10.461503700859886,0,39.82660198062632
53,9,5,5,6.1537825231869805,780,Wheat,168,56,10.043219170409664,5,20.507769423120514
26,21,1,2,9.043119730733995,400,Wheat,195,30,8.430104529463703,0,191.67283028007498
54,2,3,2,10.80276529173493,519,Cotton,91,80,9.026693598181483,0,24.575345220337685
54,10,1,4,9.06640834390676,357,Sugarcane,109,46,9.029071674673672,5,114.41451270164936
59,24,5,5,8.34003942938715,161,Rice,105,65,14.662649795309608,2,51.87446324295318
53,7,5,5,9.352669914576337,760,Rice,52,89,13.947076245654316,2,22.73388843895657
16,8,2,3,4.239925102081599,261,Rice,92,62,13.681933903036063,2,20.754331126404363
59,14,5,3,4.982757287696958,185,Wheat,186,64,15.344630096059506,2,26.287775584231543
25,31,4,6,4.759417887768354,112,Sugarcane,133,37,10.511722559740363,3,44.614361006236734
8,2,2,4,4.785577325990272,374,Wheat,67,69,11.42475009046306,6,4.830900009546193
35,3,5,2,6.083869721572384,516,Sugarcane,138,25,9.267016776371484,4,5.695040306538996
48,29,1,5,8.256418083065642,223,Cotton,70,32,13.877108640638118,3,251.0629786231416
35,12,5,6,4.917452629253977,969,Sugarcane,72,31,17.329055593037737,0,16.785069327533293
27,20,1,4,11.480929929515113,715,Wheat,187,26,16.631378330253245,5,241.509331992071
58,18,1,3,10.834054421235322,148,Rice,62,33,13.549988113902568,4,214.96003066403802
57,38,5,4,11.773154830663856,102,Wheat,86,92,14.446077305001534,4,106.28356835634327
24,21,1,6,4.340000360707925,861,Cotton,189,66,17.923089744981198,5,99.42784809552063
19,19,3,2,10.811219576714532,864,Rice,52,26,13.173547216332832,5,69.46548568232205
27,36,2,3,10.429872603531916,822,Wheat,191,58,16.70588212067831,0,197.7732213430063
32,30,5,3,11.216846916819684,682,Rice,147,75,13.006572624031138,1,78.58016138774063
20,9,3,2,8.22355334127847,370,Cotton,142,38,8.478683895203249,6,24.77954521278269
41,17,1,3,10.303112566205387,649,Sugarcane,120,46,17.346614420528795,5,187.7968434156411
25,38,1,6,4.410295034741219,252,Sugarcane,167,80,9.118802782152212,4,181.8523612056284
19,19,2,3,4.607022315871911,416,Maize,195,85,15.041880091261081,6,57.7903241354527
21,17,3,5,4.948257927596706,826,Rice,75,71,10.379589520581046,6,33.41905477281764
54,10,3,4,11.318310906385664,533,Cotton,189,75,17.01036697291353,3,62.091593935390804
41,21,5,6,4.489354795107591,621,Wheat,106,33,10.004888354606276,4,22.532502063471576
17,17,1,2,4.801196213592887,711,Wheat,162,52,9.400743862812817,6,86.54005791113812
23,33,4,6,11.443283221036216,968,Maize,113,31,12.387129578623314,5,95.31655113096629
34,22,5,5,4.859140654658225,990,Wheat,115,85,12.966807653030386,5,27.53058028134984
49,0,5,3,10.958050389802992,589,Cotton,191,43,16.18927484935702,0,9.448890414880042
22,9,5,3,10.31416630449829,909,Cotton,187,64,15.624027564191152,6,24.04010876528769
18,0,2,6,4.322255908257234,845,Sugarcane,153,95,11.282688137894194,0,13.162865761254427
40,37,2,3,4.17477917511704,298,Rice,113,74,11.84949812705199,5,94.96750933897965
40,38,5,3,8.275107068108746,535,Rice,168,90,13.766703615904861,3,72.80027656408127
24,8,4,5,11.977403230134138,785,Wheat,70,72,13.515760255202679,0,30.62607145887567
56,30,3,2,11.030641280791892,316,Rice,58,85,16.62046597349947,4,124.97348224489355
23,6,3,4,6.480203466970277,609,Maize,186,38,12.724737925561557,2,14.548522596646947
49,16,1,6,7.090473872923227,139,Rice,195,70,16.935090073982888,3,136.09032912786404
48,34,3,2,7.103247969904809,797,Wheat,169,85,10.050716759733476,0,96.78847644892532
11,36,3,4,9.873430527240117,588,Rice,118,64,16.67625754364031,1,122.0202305431205
48,17,4,2,6.729062021299068,891,Cotton,111,59,11.042926057459935,1,42.00131645546682
57,32,3,6,5.182376491002086,680,Cotton,193,25,15.892576563297265,2,62.45972107877773
8,3,4,5,9.976859268668402,348,Sugarcane,170,70,13.653873888194866,6,9.795375852448968
38,22,2,5,7.664124945960837,184,Sugarcane,53,60,16.75561867076788,6,96.34140236660035
6,10,4,5,4.614229789491736,779,Sugarcane,198,66,10.312537653255612,4,14.308993511761704
9,8,2,2,10.320418147936486,503,Sugarcane,168,36,15.014989935973922,5,43.253996715817095
59,29,4,6,8.682490111601833,128,Rice,163,42,16.489596956054914,2,73.93394913300568
14,7,5,3,7.914954602150274,136,Wheat,150,59,15.76690487057804,4,10.411923243805862
36,39,2,3,9.386745337178239,606,Rice,162,92,13.659993376495134,5,195.36090188437146
46,4,2,5,8.04294146256293,631,Wheat,125,56,14.753992050667694,5,35.418546414760286
45,11,3,2,9.187361183907994,757,Wheat,53,77,9.965171010653961,6,49.99723798727326
17,0,2,3,10.939908362922573,359,Wheat,100,40,10.164636619194571,1,8.37306864897753
43,14,4,2,8.908114944889004,750,Wheat,179,46,10.672905246692787,0,43.31252162166554
9,24,5,6,9.276803982834199,354,Cotton,179,30,16.280136938946946,2,37.9215481684722
14,17,5,5,8.910848555365398,185,Wheat,107,58,9.674396458397943,0,30.79573201738859
14,37,3,4,8.249438221066374,663,Rice,199,82,10.989226212575453,1,109.2320884454112
42,25,4,5,5.3757792878037725,910,Wheat,68,47,17.204342319355874,4,44.9872683198339
31,39,4,4,6.685421148470923,753,Cotton,69,66,15.552353909983031,6,75.17277339697551
55,2,1,3,9.544871738864977,733,Rice,149,66,15.331256925602432,5,38.820254209136515
25,21,2,4,7.403808853614217,511,Maize,195,23,12.551414348821954,0,85.39816895019842
12,25,3,2,7.249032095288186,487,Rice,63,80,15.023615576405051,1,67.05290824425525
5,18,5,4,10.074154273044464,499,Cotton,69,37,13.657278256400062,3,28.808621172356766
32,38,1,3,4.04455088498929,521,Cotton,94,69,8.714646187313582,5,166.36007360665695
53,35,4,3,9.431955841962708,762,Sugarcane,137,55,13.765261395033662,2,97.76977267974642
43,20,2,5,7.9138120839201225,432,Maize,96,20,12.522472798427664,4,89.78026867498846
18,25,5,3,7.014100649970817,759,Wheat,106,54,9.139627630340158,4,35.60047937976973
25,12,1,2,6.724292892588717,552,Cotton,80,24,11.442650151498427,3,86.52703618892214
34,35,4,4,5.383003962521356,694,Sugarcane,149,25,16.94797375213386,5,54.96323098349254
25,23,5,6,6.674016661988825,248,Sugarcane,95,79,16.037024813406997,5,40.08861185682339
53,25,5,3,7.131347776882983,269,Wheat,184,24,17.13903262008104,2,42.13718504203568
13,20,4,4,7.499591355398679,424,Rice,98,51,15.170797491812857,6,40.94541565455571
21,17,4,5,9.378405109420221,881,Maize,90,58,14.325536620975893,0,45.877302964502654
9,14,3,6,7.628568155384039,327,Wheat,181,59,9.392376247843112,1,36.64074194851119
35,14,5,5,10.370274433786804,425,Wheat,144,61,9.072096360397826,1,34.017727141109845
56,5,4,2,9.117903979026995,104,Rice,131,93,10.467534458641182,0,31.59691026672033
44,30,1,5,5.516776635952715,251,Rice,158,27,11.141971768764733,6,174.2383381939594
42,27,2,4,6.217385382164108,320,Cotton,96,48,14.070355080384942,0,90.95106631260357
47,7,3,6,4.633993491531084,256,Rice,149,79,16.773090806511874,2,30.582917234402103
23,28,4,5,11.565774039386579,357,Rice,67,97,16.90730600499034,3,89.70913883526774
40,20,2,5,11.092403849834133,105,Maize,56,42,14.823566810675253,1,124.42442654026304
54,16,3,2,4.678369803607497,389,Maize,87,23,13.739139681521205,3,44.83369635426366
37,23,5,4,8.59260812677968,303,Maize,77,53,10.44388618910727,2,46.60318342961194
17,35,2,5,11.683214550886548,377,Wheat,67,57,17.379444999875705,6,212.56582916075936
18,30,3,4,9.977142319569246,999,Maize,58,80,14.711128285269025,0,106.54471980485297
37,33,4,3,7.934497551765381,980,Maize,156,46,13.334571938800337,5,71.84216163208347
33,1,4,2,5.928823911253079,233,Sugarcane,65,50,9.039563801882498,1,4.879381774207108
47,2,3,2,6.232296600650365,934,Maize,111,22,16.258833099865384,3,16.225548597055116
53,29,5,2,9.889903637370885,688,Wheat,177,96,11.48992403465628,4,73.2234821358796
40,7,3,4,10.244602185950773,546,Sugarcane,89,46,17.005866924826634,1,31.66278512160757
48,6,1,5,8.22954659481146,445,Wheat,150,62,9.684148625209625,4,70.9009973782165
14,11,3,5,4.967589612133638,215,Wheat,143,79,8.485950357839592,4,22.789409766195863
35,18,3,4,11.470946989012756,812,Sugarcane,107,65,12.347280897271677,4,80.16006131363875
10,25,4,4,10.758101876533878,698,Sugarcane,155,56,8.783032086228603,4,69.55735360314956
5,27,5,3,5.124310232219383,679,Sugarcane,143,86,8.618029649889147,5,28.516025904342893
11,14,3,6,4.453820669030818,712,Sugarcane,68,25,15.137322559508824,1,20.080383028854673
31,13,2,6,8.28694146199787,773,Wheat,76,78,10.5737565498546,4,62.99896820699972
25,13,4,2,6.273140941836208,412,Sugarcane,79,22,14.38850710683677,5,22.841185155402684
32,2,4,5,6.265997675316544,520,Rice,94,96,13.708326449153699,1,17.350704838383027
20,28,3,2,4.697772742003294,682,Maize,85,30,9.407527353347787,0,43.46315912416485
50,5,2,5,11.6270866821711,272,Maize,99,46,11.857790388225702,3,40.714450452776404
27,22,3,5,10.641331677278757,268,Rice,143,21,8.660638861679544,6,86.70805635478585
56,27,2,3,4.910676735007335,202,Wheat,87,83,12.216732977519401,3,84.47038134036565
24,13,4,4,11.012790141206642,327,Wheat,188,63,9.823620907039778,6,39.66223629007598
42,13,2,4,9.463648447705097,232,Maize,130,95,8.963092977934009,6,78.73795518451952
58,19,3,4,6.603529054628869,671,Cotton,123,74,11.169852295542501,3,63.12657100982835
29,12,1,6,10.970004435321055,756,Rice,65,59,8.034192533068625,0,140.0035068927536
32,26,1,4,8.784177502255666,310,Rice,141,95,15.577690194353353,3,244.6675224413553
9,34,2,6,10.789358754675089,208,Maize,159,42,9.581837112612547,5,182.87645382355973
25,1,3,2,7.754143395898019,292,Sugarcane,114,83,14.258367285044535,0,18.59306333500461
22,39,5,6,8.00520832129462,456,Cotton,98,76,16.325822227977802,2,64.84016523876123
51,23,1,5,6.328080235287649,794,Wheat,190,29,17.17238280167015,1,158.8293049727304
10,28,4,3,7.101541535557666,620,Wheat,132,54,13.57574766061298,6,47.97465929691916
33,2,3,3,8.542016553025771,743,Wheat,153,25,15.882838256596386,2,11.545102478517725
23,3,3,5,11.576473789668938,525,Wheat,172,73,12.547717331961703,0,20.242105150963052
37,1,1,2,8.800942079745077,173,Rice,156,98,12.901807764250321,4,29.838830650670978
5,19,5,3,5.179025534243149,195,Rice,75,86,13.467721897930648,0,17.39558862914133
49,14,4,5,4.055969483811894,228,Sugarcane,159,75,14.701370358175556,5,26.121345576059408
7,31,5,3,10.807902844069439,442,Rice,52,79,14.699173890176045,1,60.80920100999396
46,0,4,6,6.914603386929224,470,Sugarcane,154,33,15.853779239242382,2,5.861067622916046
25,37,1,3,6.519727517118663,500,Sugarcane,122,65,14.169439846112576,0,251.38481079432975
39,34,3,6,10.405848983539055,983,Wheat,114,35,16.826341694103995,1,131.7616732559458
45,6,4,6,11.562914392718683,321,Wheat,195,46,15.092360710796438,4,27.671415904064215
44,12,3,3,9.98436070681565,739,Rice,116,56,17.28952672002766,5,51.69710576569022
7,0,2,3,5.390778503291458,611,Rice,191,80,15.504367776052382,2,10.709283219600287
29,13,2,6,7.131026348728338,958,Sugarcane,81,39,15.387043452495243,2,54.15803687870669
49,28,1,3,10.075188419477925,604,Maize,150,44,16.60397201068606,3,296.6900456865601
42,2,1,2,11.255406517364587,434,Wheat,198,69,14.558101695621497,2,37.583694791371784
49,23,1,4,11.988800511597281,473,Cotton,155,77,9.795753188326255,6,292.8143136612328
59,0,2,4,8.092487257105486,585,Maize,182,97,8.829683351991111,3,20.99682894799321
24,9,4,5,10.580198546735598,106,Wheat,116,56,11.158261256360356,2,28.762002704106294
56,12,5,4,4.373053142219073,836,Wheat,157,24,16.14393869591465,2,19.111483503186097
48,35,1,2,6.286597998039744,488,Rice,51,73,8.217078563568586,0,242.8744735083646
49,8,5,4,6.972107226779914,535,Cotton,92,56,9.500396131464871,4,22.46293076679057
38,13,5,4,11.804190762255153,215,Cotton,178,93,9.061158053911218,5,44.349735974019524
25,35,2,2,4.027149185718884,202,Wheat,74,29,8.37174969503705,4,81.0286451794867
59,9,4,6,6.464165902100745,837,Sugarcane,139,28,16.102838372462788,2,29.341882255229912
52,39,2,4,11.44329807690323,664,Cotton,170,97,10.795858426012465,2,241.88105078966942
27,22,1,5,6.45342588035209,986,Maize,116,52,15.289260485786073,3,152.73870665902555
10,34,2,4,5.800534126516615,102,Sugarcane,144,43,9.419121109257201,4,105.30913235409119
55,6,2,4,9.840708091487869,929,Rice,140,89,12.089337309143776,6,55.34497191519258
57,34,2,2,9.962711143998924,643,Wheat,138,76,9.164656010085034,5,190.6961446327155
17,1,1,2,7.777423061180068,869,Wheat,168,45,8.024804071855366,0,21.480215044768297
53,14,1,5,11.575339758923388,179,Maize,105,58,14.1316223567599,4,180.4947651098797
27,8,2,3,5.621656636334735,735,Maize,108,63,12.809819287996191,1,34.112120589784375
13,16,2,2,11.30732667183678,948,Rice,193,83,12.166362513310588,4,94.51060774187184
21,38,5,3,10.044064612202366,920,Rice,139,67,8.786595632517127,0,79.84305895601851
6,17,4,5,6.945666726832379,495,Cotton,103,86,13.882048225186125,4,34.16524328517548
23,14,5,4,10.455268957786991,991,Sugarcane,96,67,15.800010360490587,5,36.91289338806969
23,17,4,4,5.065617411310031,488,Wheat,195,59,8.672444732829032,0,18.1520751205089
11,23,4,3,5.047859945545818,359,Cotton,95,65,12.134583408401811,3,26.498592397077175
58,22,2,5,11.439497625979246,411,Rice,167,22,11.115564771712526,2,140.0383593336562
46,11,5,5,4.758244062763294,435,Maize,171,95,16.918766435862985,5,16.92534915143885
46,22,4,2,4.032636854795237,309,Cotton,67,33,10.626557891741257,5,31.88332381282259
24,20,4,3,7.112243932679216,610,Maize,98,23,17.44280666612238,3,42.27835317460956
13,25,1,2,4.830807795457022,547,Sugarcane,159,31,16.284024299590342,2,124.84681558521211
21,7,4,3,10.904291945954007,144,Maize,184,42,9.001588837255797,3,24.170877990037027
31,29,2,2,11.381548107543463,503,Wheat,146,22,12.806377382403353,3,172.59001537787944
51,33,3,2,7.859410914851302,408,Sugarcane,74,22,14.490014784961389,6,95.45038064552399
6,1,1,5,7.403772264080295,940,Maize,84,61,13.930717627886235,6,9.80420267263527
40,4,3,5,8.312314215552735,883,Cotton,156,99,14.79230320270825,2,29.04566710705745
23,30,2,4,5.80955699875989,326,Wheat,131,96,12.26306469271064,0,101.66341492527323
21,32,3,4,6.383726891362688,448,Wheat,170,38,17.04742734976368,1,72.370449662746
9,3,4,5,4.807817363872038,212,Rice,63,47,10.703608476749594,2,3.664232746966813
43,5,3,5,7.571600728890907,129,Rice,83,57,8.941008278172761,0,30.80498503404656
22,22,5,2,8.893532980269274,375,Cotton,192,28,17.779738921470503,0,43.17328747419644
57,18,2,4,11.441789875132816,461,Rice,56,75,14.519588305138265,0,119.70596323247574
58,7,5,5,9.912585365014067,825,Maize,190,36,14.591975439919947,5,20.21233282787076
11,38,3,3,9.784509868425493,186,Rice,83,26,16.175266350659953,4,125.90457579321327
21,12,5,3,6.463991696752817,535,Wheat,62,91,12.214414466909577,2,16.21566252799687
43,0,1,4,11.106346380080357,903,Cotton,53,95,11.862355644195414,6,21.626700649537096
40,5,3,3,11.575645573439981,121,Maize,190,73,17.491450074147252,2,35.71949072779151
44,6,5,2,11.458103492336296,484,Wheat,97,47,11.867813558138355,3,19.45649923100398
49,26,4,4,4.31042421219508,120,Wheat,157,85,8.784778371741616,2,43.07995201757886
8,14,3,5,8.834805090432173,787,Sugarcane,190,47,11.078294909926854,0,44.24662856289932
42,33,1,3,9.14580084580236,590,Rice,142,44,16.735413282122046,1,315.40895366523733
29,22,4,2,6.360521281732028,566,Maize,82,98,8.949600508697726,6,48.23058961187607
9,23,3,5,11.939297465263438,555,Cotton,72,68,15.167052861368456,1,94.2949618449941
34,14,4,6,6.329499670548471,872,Cotton,116,67,10.664011275136135,3,32.39014177925761
16,34,3,2,5.732893265448446,987,Cotton,52,66,15.457703715727995,2,65.83015702540246
8,3,3,3,7.873165203545534,779,Sugarcane,189,81,13.145544583477035,1,12.563306865604897
28,36,2,2,6.585179038162748,320,Maize,173,52,14.365757209990702,6,129.68425947140065
33,16,5,6,11.392235678959555,693,Wheat,105,61,10.431962372432784,2,40.49719527351233
13,30,3,6,7.520613850518182,690,Sugarcane,82,46,9.681186105888603,3,75.59885655436933
8,37,1,2,7.281196437380667,597,Rice,81,27,8.633084972075972,2,275.5588611133805
55,9,5,5,9.006897040868001,912,Wheat,194,81,16.255767908246966,3,32.88877823060937
28,26,2,5,4.648917370008987,258,Cotton,122,57,15.104846038369663,4,70.9965907771871
18,5,5,6,10.053863574532174,242,Rice,54,23,10.933521415364986,1,9.473638591616794
9,5,5,4,10.147190574438971,925,Maize,70,73,16.369133653427482,3,5.240146670045668
22,14,3,4,7.7922066778213415,144,Maize,52,67,16.336966637978666,3,43.85171090204003
46,3,1,5,11.645583528003426,550,Sugarcane,166,88,9.377591441593422,3,52.92885754688406
23,39,3,4,8.634712886365982,335,Maize,86,35,15.136874338704558,3,116.53988585959118
16,6,1,5,9.561891633959927,781,Cotton,84,80,10.922818958577516,6,63.660228584393465
22,25,1,3,11.39475964402481,324,Sugarcane,82,37,12.671893718067437,3,294.9182408595973
21,30,4,5,9.330762747398339,507,Sugarcane,52,64,12.301448126959347,3,71.37871946460484
34,1,3,3,7.454608061804377,393,Cotton,195,37,14.00183749541443,2,18.234178987139813
28,27,2,6,4.198169405065187,918,Maize,180,27,11.471320195613304,5,63.52967298765057
15,12,5,4,9.826394525054475,379,Rice,142,48,8.732539622783873,0,21.38577126078181
39,17,4,6,11.718928092808362,702,Sugarcane,150,40,14.726501579108021,3,56.977291301628604
27,29,2,2,7.761880988287951,516,Rice,182,73,17.605709583358355,0,118.79325642770108
21,10,3,2,6.718149102306113,246,Rice,58,66,14.678677416728885,4,28.934406598794943
5,12,1,6,8.154075411310227,892,Rice,65,85,13.396053042197057,5,108.54705421033762
19,23,3,5,9.827497645477273,681,Rice,140,87,9.63621545619314,4,85.13717580911444
36,28,3,5,4.005523795856394,570,Cotton,122,67,14.251778096090064,6,47.347014673565795
13,4,4,4,11.09769378185483,148,Wheat,106,95,14.11086862276109,1,20.708398115571676
19,34,2,6,11.090902877426576,116,Maize,156,99,14.187531242905493,3,198.30935022600923
32,18,4,2,8.33038346886967,248,Wheat,135,42,16.923130723923556,5,42.07484440225134
28,12,2,6,4.979030129404864,654,Wheat,66,36,15.163200671506967,6,35.205416373217446
39,4,4,6,9.374446356908969,311,Sugarcane,114,80,15.833998663782616,1,17.046983852140105
26,13,5,4,5.102765303706507,815,Wheat,106,71,11.133388993965049,1,21.029555890214546
31,37,1,5,8.060377211461446,816,Wheat,54,61,10.703750144811618,1,309.4620219525086
23,21,1,2,4.749039775848936,949,Cotton,199,70,10.067809137403312,1,112.15755511488477
49,8,1,4,8.71252270638001,162,Rice,178,20,15.783709022792397,2,82.73945337918947
16,39,5,2,6.544554600943899,635,Wheat,181,40,14.985884881024731,6,53.32205392488369
24,25,5,2,10.647931317900023,644,Wheat,199,76,11.420939687542397,3,60.87668754968148
5,4,1,5,10.399569009667317,820,Sugarcane,137,55,9.411060685923092,2,42.16401411747019
25,28,1,5,11.987791003795529,586,Maize,81,21,16.466673059743485,1,344.06747440724826
53,21,2,4,6.060025397634918,579,Sugarcane,159,42,11.842779850874258,3,79.82424567242114
49,2,2,3,4.494408742236643,884,Maize,115,79,9.897492140713693,6,25.908638528767757
5,27,3,4,7.544026121190758,787,Maize,149,78,9.444106120263209,4,71.92786903648665
14,37,4,4,4.6672266797325666,143,Maize,120,85,17.196798642657207,2,51.024743898971394
51,13,2,3,5.427997720526105,764,Cotton,57,62,9.301632562306208,4,55.11240772130482
36,13,2,2,8.77840113089242,555,Cotton,85,78,11.596734514588125,3,73.11149755133754
43,10,2,6,8.73704681075439,610,Rice,61,93,14.321914999056846,6,64.62343350269823
26,8,2,3,4.346619821837523,974,Maize,51,92,12.080763135301972,5,29.079560688712036
22,37,5,6,7.543238011346229,454,Cotton,160,55,12.774604663969747,1,56.96855805969373
52,5,3,2,8.241749542937933,799,Cotton,127,79,16.026217869330054,3,35.65025651895586
50,0,2,3,6.144193902559893,896,Wheat,196,23,17.99234480503182,6,16.52631299712012
36,24,4,5,10.976345455003951,111,Maize,134,40,12.672177819486825,6,75.01121356000691
31,15,2,4,5.288789181171375,455,Sugarcane,98,23,11.78826981107754,1,48.70221315271412
32,14,5,3,6.031214440049715,994,Wheat,161,23,12.067629053730613,4,13.57780661062137
22,33,1,3,5.255955320262024,236,Cotton,86,52,11.691085673425755,3,184.61395380611475
43,16,1,2,4.932373070964465,573,Cotton,109,33,12.73771371234745,6,92.49596177012667
53,2,3,5,11.031833472057007,697,Cotton,91,28,11.33108155805009,3,23.38894966951893
33,2,1,3,6.222873320559855,152,Cotton,56,83,12.626165345677496,6,27.669993087662792
22,36,2,5,9.78019215574285,672,Sugarcane,91,81,17.45457181173653,3,178.25553721849164
48,16,5,6,7.423858877801998,212,Rice,65,26,10.86213222198637,2,32.358170049872214
12,37,3,3,9.086987845871334,915,Rice,164,24,14.51874720333791,0,111.23205896475207
58,0,2,5,11.425409569377674,719,Maize,93,32,12.86933573648166,5,16.00801508651856
35,6,1,4,10.756862936345996,577,Cotton,87,21,15.32396352261825,2,75.17485567102952
38,25,4,2,4.551891139361903,434,Maize,94,31,12.722920580273572,4,38.91051555559362
11,38,2,5,10.761620282233743,914,Sugarcane,193,26,9.605423243923006,1,212.99883312560917
40,18,4,2,7.614588122245577,516,Maize,181,53,16.724187356905,4,43.70650820931295
22,29,4,3,6.801165815039083,166,Rice,143,40,14.757670695988695,3,49.198639705112065
42,13,3,3,9.379103403693026,419,Rice,84,79,13.258708330077921,0,47.96933061438737
13,12,5,6,11.601662984793984,733,Rice,110,29,16.31083719869916,3,30.219601484523196
13,19,1,2,4.7530839807050995,353,Maize,182,57,17.76185592319117,2,104.52800802031125
50,25,1,4,10.144616242001913,500,Cotton,158,77,12.093993684456526,1,270.28168424843494
12,26,2,4,5.628064246063643,399,Wheat,127,75,11.53061197958216,5,81.01466015436202
55,24,1,5,7.041088982615991,104,Rice,177,63,15.535922400382226,4,190.04830288150134
39,8,3,4,10.990584130105999,961,Maize,90,99,12.546055286798412,2,39.840879958306594
22,11,1,2,8.366393472098714,545,Wheat,153,83,8.85768872498562,0,105.90640356409561
9,9,2,3,4.53965318360341,334,Rice,77,39,11.544149236571819,2,24.905056097163527
18,5,1,2,8.064388401093908,546,Rice,187,69,16.086321060786915,2,49.74833397550166
32,33,5,2,10.317135213131394,946,Sugarcane,167,73,15.066941819928207,6,75.4803281740883
34,18,4,3,8.231044702124747,138,Rice,174,65,16.628437161021118,0,47.231135605380274
8,5,4,2,5.335113911832418,299,Wheat,163,59,9.46626529483278,4,6.86261003821813
43,1,4,4,7.560328600460255,781,Wheat,94,43,10.439216136858366,6,10.191799811271053
24,14,5,5,11.394762944317193,969,Cotton,65,77,10.147352662805496,1,35.8505435640376
29,16,3,5,9.265631920752904,959,Wheat,139,50,17.713328228509,2,58.940510193142096
32,15,2,2,9.839092052068715,120,Maize,84,69,9.689244108159935,3,87.85207017076395
16,27,5,3,10.287492059595603,786,Maize,154,29,13.97930055655582,4,56.19100581542928
6,20,2,6,4.7255473935466785,173,Rice,194,33,14.329135985603413,4,49.19969368925829
47,7,3,2,8.652292474159712,895,Cotton,161,38,14.188934196048248,5,34.49868609237007
18,9,5,2,7.007321545482465,248,Rice,199,49,14.916630400287106,5,17.315140089105892
26,9,1,6,5.113273309376777,724,Cotton,70,76,12.839216457614429,0,55.33040578164283
35,9,3,5,5.6216764664321905,383,Sugarcane,95,35,8.83688282067873,4,25.940039189752092
27,8,4,5,10.249283789797875,185,Cotton,106,41,15.012361094184765,5,25.673271327215964
52,27,5,6,5.291912842318182,201,Sugarcane,54,73,10.811048654408424,3,39.0254684950892
24,23,3,3,6.499348857773755,630,Sugarcane,101,89,8.758719364066497,4,62.159516171423206
42,18,3,2,6.278986706104652,162,Rice,180,62,9.697859813232744,6,49.9444883282445
59,32,5,4,4.389042911316541,727,Maize,102,38,10.872196024118146,1,39.00583557742029
8,3,4,5,7.6972675939148685,791,Cotton,132,24,12.324395728085614,0,1.0
19,2,4,5,10.12743873735367,649,Rice,67,90,16.613235291898377,3,11.78543875402411
28,11,3,5,4.177221061991197,913,Sugarcane,192,39,13.3650255770644,1,21.981018753332982
29,17,2,3,4.900411603839169,507,Sugarcane,99,34,12.719672547955788,0,52.86167731180202
5,22,3,6,9.761493436780544,703,Wheat,77,57,9.912578009822155,0,75.97510122119164
11,19,5,3,8.74864792538331,272,Wheat,95,20,17.592627181901356,1,28.116916744144056
35,5,5,5,9.721980912389455,816,Cotton,162,24,17.08515928400025,4,14.467794169202952
16,33,5,2,5.840831639017108,620,Maize,165,73,16.1607723009653,6,43.63036895943192
46,1,4,5,10.43015026637924,620,Wheat,121,80,11.231512282574174,3,14.848945850467407
9,29,1,2,7.8389684808822135,632,Sugarcane,169,97,13.616276242981295,3,235.46454861437172
48,8,5,2,8.882415793430857,123,Rice,162,36,11.888469992692182,2,20.062274491069314
54,26,5,5,4.73722733760669,194,Maize,143,95,12.029141456670594,2,40.92895479745263
46,33,2,5,5.64025266687857,803,Cotton,50,46,8.721313557638283,0,105.94058839616501
42,39,2,2,10.186863052882465,960,Rice,107,89,9.400445823705391,2,214.53187868253585
16,23,3,3,5.791267529510228,395,Cotton,198,44,17.61168786175636,3,44.0581403629913
43,16,3,3,4.740238620171669,279,Rice,105,64,14.100838202568328,3,42.511348105756184
22,28,3,3,8.777626258016802,999,Rice,119,21,8.063096082303035,2,84.95236682330436
6,35,5,4,8.383492129293863,230,Maize,194,41,16.091859576919195,2,51.910035508730836
14,11,2,2,8.863151431866344,632,Cotton,127,73,8.870416192561244,5,60.2926207926483
19,30,3,4,8.946443970904731,107,Wheat,184,36,15.081557581053884,5,94.9911421476604
34,8,2,4,8.00157876691603,987,Rice,128,80,14.208490216263254,6,40.934026990870926
48,18,5,2,7.950191364549246,300,Rice,121,85,8.629512606000874,0,41.463315630004395
21,16,5,4,11.3933245223157,977,Wheat,59,45,13.30939170609036,3,40.139737533028296
8,1,3,2,8.271053799037922,484,Maize,176,75,8.4743530813957,6,2.6923393441962116
11,39,5,6,8.93840161931087,625,Maize,90,52,8.64389749621104,5,64.70902323845851
45,4,5,6,6.135755135509957,943,Maize,196,20,8.511788381383473,4,9.652252880000125
35,38,2,2,10.968745606417528,647,Sugarcane,185,59,10.55441236953596,6,223.098818555762
55,15,1,2,4.194944741273305,505,Sugarcane,156,62,16.017692820935373,3,87.18094207786613
59,16,4,2,8.457814098382196,472,Maize,131,63,11.62454733303671,6,49.45557797985187
43,26,3,3,7.070802361584869,263,Maize,179,81,14.395382462166737,0,73.57250940272348
59,6,1,2,8.831233564483815,656,Wheat,54,55,9.248490127362164,1,73.92233351315839
38,7,3,5,6.881376398171041,755,Sugarcane,126,75,17.328647440817264,5,25.47575985974166
10,7,1,6,9.741503293741175,622,Cotton,89,58,13.042407754310588,2,75.9757877565889
54,22,5,6,4.1626515437874465,934,Maize,60,32,8.245948987513456,1,25.578068447471722
42,31,3,2,7.247115510153144,453,Maize,167,58,13.374066635719096,2,82.64017498494253
49,17,1,6,10.65010879793931,508,Maize,66,31,9.845301258684716,6,198.4709067510433
55,37,4,2,6.001605742235487,610,Rice,124,40,9.958164209307657,6,65.5583734629948
38,11,5,2,4.422007027042576,957,Sugarcane,170,37,14.003745037415925,2,10.834976403387842
48,14,3,6,7.9721925965213485,311,Cotton,75,32,10.263834961920644,4,49.78260872757417
19,27,3,6,11.81226768421432,724,Rice,88,38,10.13981071433464,6,105.70032285887932
18,37,1,5,4.513268492281093,957,Rice,147,54,13.409598382274265,4,172.08466840155302
10,30,3,4,4.5604519419983465,444,Cotton,137,65,10.354594514210786,2,45.92730619445119
54,8,5,5,8.760932519573426,110,Cotton,165,76,9.105126047114911,3,31.37210925133558
41,7,2,5,6.000541703025033,435,Cotton,90,53,12.082569153616157,0,33.63905500351098
54,18,1,6,7.281849869097803,439,Cotton,153,81,8.51998438194219,0,154.75333652868525
36,7,4,5,10.644057223995127,973,Cotton,157,75,17.053230889916385,2,31.764358625693305
7,33,3,6,5.5907894734601316,983,Maize,59,20,12.51537415934791,0,58.77801571483955
7,3,5,3,9.754399495851464,777,Cotton,122,76,8.130946867765697,0,5.683603237215233
26,30,3,2,8.03588410614045,357,Cotton,179,47,10.246520843041095,3,88.60200179133008
26,37,4,4,11.239661539314174,153,Sugarcane,169,23,17.578178476911795,5,106.31679645422118
14,2,5,3,11.783696002348512,704,Maize,198,90,12.963909013435579,3,7.298874724331187
55,34,4,2,7.879686285227167,874,Rice,167,94,11.588896693483433,2,85.46038438741986
7,18,5,2,8.677176472923735,395,Maize,74,95,11.15111507715871,5,31.709578679306205
16,28,2,4,9.966740325900426,656,Wheat,71,59,12.169706516799799,6,144.22342591805514
33,9,5,5,6.54939313497604,316,Cotton,60,72,10.117644037729445,0,17.732512218060194
52,11,4,2,5.8139228041859745,800,Rice,54,58,15.491270523420468,2,27.881029318599175
21,29,1,4,11.717481379544042,487,Wheat,55,54,13.083051980362718,3,351.893012511419
11,29,2,6,7.460923129756625,206,Rice,65,29,15.514336721662703,0,105.3580119993347
17,17,3,2,4.0127266121261895,901,Maize,95,70,10.543817184265261,6,30.92189672388168
6,23,2,2,10.701746388200668,572,Wheat,63,83,8.014524251227284,3,136.05295884912505
8,31,2,5,8.797313290328685,107,Cotton,73,98,17.662290014954912,1,145.0309296893459
14,8,3,5,5.348468501762433,643,Cotton,158,78,13.120660977655875,5,20.05222139632182
43,23,5,6,4.241117545416632,267,Wheat,125,45,8.797392447131864,6,24.568106185688446
28,25,2,2,6.331859448333849,430,Maize,55,22,9.037512236579797,6,80.94170381177524
21,2,2,5,11.423096763789317,136,Wheat,70,96,12.34678139817208,0,22.249552798778005
56,22,1,4,11.467929360284899,330,Maize,161,36,14.952642238873091,1,270.51970078307875
10,10,1,2,6.488027890416945,282,Rice,95,84,11.966418432494208,1,68.67950147500784
23,9,4,4,10.687447942565733,391,Maize,154,97,16.20152496855609,3,30.17932400695622
9,35,3,3,7.5347625860567655,857,Wheat,161,20,11.29059481086424,3,83.56775240436838
36,12,5,6,9.234757993092757,621,Wheat,90,76,8.456053986880946,4,33.53345112795527
14,28,5,5,6.67555100696872,169,Rice,116,30,8.082911640449723,5,35.8626798398042
13,37,4,3,8.127780770167881,336,Wheat,132,86,16.59444293260745,0,78.92509455919215
31,12,5,5,6.350235572402612,563,Sugarcane,132,96,17.84462275904879,5,24.915383608180953
17,25,5,3,4.488914898851702,217,Wheat,114,74,9.327988521167942,4,24.300022315148595
23,19,1,5,5.115025489532311,828,Sugarcane,135,60,8.62040765132463,5,112.61718477446735
25,4,5,6,6.325395955785898,290,Wheat,196,78,17.144076392000933,2,11.044498273021478
28,19,5,2,11.81003027180904,962,Wheat,128,49,9.00756399545782,6,47.67837854465944
42,13,4,4,11.725377201999933,605,Rice,196,44,10.284041874489805,2,44.563551198218036
8,13,4,3,10.62130673987625,603,Sugarcane,74,90,16.016470908862335,6,40.579448054542155
28,7,2,4,5.860048408768695,850,Rice,143,83,17.979843233194877,6,24.583131719837006
39,12,5,4,7.5328171243345805,939,Sugarcane,169,44,12.860138894260627,5,20.0895163578953
7,23,5,5,7.518262707925635,500,Sugarcane,61,85,10.107707890217515,3,39.90879168347027
8,14,5,2,7.095785958545471,990,Cotton,141,53,16.477180165165233,2,11.293645843709966
41,0,1,5,4.359042440717965,416,Sugarcane,119,74,11.943115089069192,1,15.157810012347692
44,21,5,4,8.276218993794542,817,Rice,191,77,10.726422733540787,5,47.33318950205332
52,33,1,6,4.582495936998887,321,Rice,54,73,12.904165571273069,6,172.93616033174666
58,39,2,2,10.415349445743551,757,Maize,109,20,16.55798270276466,2,217.46729716106128
39,2,3,2,9.530457142758252,288,Wheat,127,37,10.33000818492826,4,13.88047011433003
35,25,5,4,6.8218960531482775,849,Cotton,162,35,12.238345496333622,0,34.917874931302194
48,13,4,5,9.177091057699705,391,Wheat,101,75,12.442436871511237,6,44.56982529038874
29,7,4,6,5.864296052472785,322,Rice,186,93,16.327642378998565,3,18.394111008657816
44,15,5,3,6.122000519653059,857,Cotton,193,50,14.76005186492284,0,19.31672730838728
17,20,1,5,6.513068135403239,858,Sugarcane,84,67,15.804866185530004,3,136.25476470171392
8,9,4,2,10.376092799482638,516,Rice,123,96,14.933857847828547,5,28.99046349782593
50,24,4,5,5.685530774768676,506,Rice,162,53,13.926759050960651,2,50.68015367498424
18,37,2,3,8.50224981988831,137,Rice,65,53,9.324092219184713,2,164.02038242202076
17,21,2,6,5.60373691537188,552,Rice,100,79,16.329491896148372,3,65.62779372907175
31,3,2,6,6.280299400499319,306,Cotton,110,95,14.072787122506597,0,25.114343426926887
10,3,4,3,5.883850343891931,499,Wheat,128,56,15.011716178478267,1,4.2501652521932956
21,29,4,3,9.160037368586288,286,Wheat,108,59,15.787479841261277,3,72.55811216158548
40,1,5,4,8.213831555646243,459,Sugarcane,176,36,11.116998544848967,5,12.49333741862463
44,28,5,2,9.770393167244427,703,Rice,152,60,12.373144152664098,1,61.85478660065433
53,35,1,4,5.759547498663887,105,Rice,53,75,13.412906688120106,4,230.03550503501825
39,20,4,5,4.073188285808298,232,Wheat,179,73,11.428224716270343,3,28.262008893110778
21,20,5,3,9.44407653704268,572,Sugarcane,120,98,10.585368230404347,3,38.06882105857802
45,20,5,4,4.918831667960608,703,Maize,151,32,15.768327379845397,1,25.702815011408358
6,3,2,2,5.970441795391649,612,Cotton,111,65,15.537320733937737,5,7.737033311172246
17,0,2,2,6.445489219689781,881,Wheat,147,91,16.31799287269939,1,8.470161162719537
56,25,2,3,9.974416738326944,182,Cotton,74,36,14.966949957072696,5,136.8803912509763
6,1,3,4,9.007134485259417,898,Wheat,120,30,11.117273009816357,2,1.077308600474164
56,8,5,6,5.474123492206631,790,Sugarcane,74,59,11.270022662412599,0,21.92958249825228
32,17,2,3,8.783102484957933,476,Rice,172,65,13.277941787299785,5,85.71543057896793
47,10,2,5,9.665183960884896,434,Maize,115,84,16.355954572545066,6,67.26492173193984
30,24,4,4,7.111177622321372,758,Cotton,75,51,11.46293163958186,2,48.25753320448396
26,25,2,4,5.967623312222816,201,Maize,151,71,15.659390013253908,2,81.54747338809105
51,35,4,3,9.431862183318314,387,Rice,155,29,11.056925906061124,1,90.5892341945264
47,34,1,4,8.887129601131978,924,Wheat,180,78,11.38525382883627,5,318.7576770556837
59,37,2,4,4.623297267766561,130,Sugarcane,188,34,15.523658861706842,6,101.78005488151275
7,2,4,5,9.333437121870034,413,Rice,198,22,14.78575344478461,6,1.0
39,34,2,5,7.908143462682389,253,Maize,92,28,10.082283810986208,3,145.75604634598653
16,39,1,6,10.026951655821819,659,Maize,53,27,16.270212316501485,6,392.7980743506839
28,21,2,5,5.5257403350386145,990,Maize,118,93,15.84610407637814,3,71.65168697148879
9,7,4,6,6.065731343211011,652,Wheat,71,27,15.974180903581875,6,5.63180335634682
24,14,1,5,8.34650191278017,252,Maize,159,35,12.70351178875092,1,125.8752892623318
43,6,1,6,7.853868223137593,793,Wheat,152,30,11.286396230955567,6,60.30674431494252
43,18,1,5,7.090922968451973,331,Maize,55,42,16.497818054315452,6,145.35697700538142
17,39,3,5,9.96826651543831,220,Cotton,199,75,13.882129660150904,3,135.6145498788563
45,16,4,3,8.51801250902626,284,Cotton,65,75,17.309793980999245,5,38.80079358386037
57,0,3,5,9.682174831152949,555,Rice,107,41,10.538270330829977,0,16.028422738434816
49,28,1,6,5.226039698552926,928,Rice,136,37,17.756266163924742,4,158.23624790344766
16,12,3,3,9.831906361164297,487,Sugarcane,172,58,11.792180426600828,5,45.95348499853999
17,28,2,6,7.692224864802335,731,Maize,127,22,11.844718074354269,3,109.48368630602644
14,5,3,5,4.270143485476696,963,Maize,96,27,10.38816649364769,3,7.742813455203343
37,4,5,5,5.875932431971993,325,Wheat,183,24,17.65025358448634,2,12.101549940709447
44,33,1,6,4.206051133924624,723,Rice,180,24,8.397142374607137,5,153.06325284635676
58,10,1,4,7.65499617592835,294,Cotton,62,38,12.73357631189503,1,95.79278024696391
20,8,4,3,6.607038084440683,908,Wheat,164,80,11.654815931055833,5,20.258653171238564
49,37,2,3,11.89959647930601,125,Cotton,102,65,9.5926330419233,3,233.78377019990123
39,39,4,5,10.948032935654904,293,Wheat,116,37,15.132434418894253,6,117.70735974699943
7,8,3,3,10.605366882745194,118,Rice,80,80,16.98321097008266,5,30.876265180325554
9,7,5,6,8.008932392249964,954,Maize,176,79,10.43569252533211,1,11.711011827870653
30,39,5,5,10.456699994806135,636,Maize,116,21,12.97655158463225,2,81.8599162001709
15,2,5,3,6.134957179702042,658,Rice,130,69,13.782139642500606,6,1.0
11,12,5,2,8.485195742772198,810,Cotton,182,82,11.904889383408397,0,15.910223265111336
57,18,2,3,7.14334449055528,363,Sugarcane,186,90,17.21538130281121,4,85.70510876158674
14,33,3,6,5.370735292181838,614,Sugarcane,78,68,12.615161950957432,6,66.88505043522473
46,31,5,3,4.580907450947232,570,Rice,153,99,17.827802398869302,5,43.71259275204764
56,15,1,4,8.46574706377292,338,Wheat,99,90,10.952051476421271,0,154.38504256213457
38,35,3,4,4.781113079041649,388,Maize,79,37,8.732472997386434,6,70.71819580263052
7,17,2,5,9.744024773487858,467,Cotton,64,35,13.749672650431362,4,84.05244380477848
12,13,5,4,11.371747829809246,511,Sugarcane,78,65,16.233400583593472,0,28.093157747269686
35,29,2,6,5.296848877692487,121,Maize,124,44,11.883914334824727,6,86.51268250917819
15,1,5,2,7.767508628081826,966,Rice,106,27,9.850988629846835,5,1.0
49,12,1,2,9.9101967444786,453,Maize,161,83,15.382400010685096,4,141.11501576357557
11,26,3,5,6.294717288264215,641,Sugarcane,100,33,10.708851022635429,0,51.928700878772375
49,16,1,5,11.366116157063498,658,Cotton,117,41,15.697376931711991,6,195.95970660731
6,30,5,4,11.107724470959287,519,Wheat,173,97,10.623215026256712,6,67.48199123346382
10,14,4,6,4.830034845837424,414,Wheat,107,54,13.572882387093523,1,19.94067240033681
45,19,3,4,4.219198172254721,881,Maize,189,70,16.87677141272832,4,40.911712733742455
36,4,2,6,11.811667863835215,428,Wheat,118,95,10.046170718001932,1,42.77852237139797
24,6,5,6,11.651800198169049,569,Sugarcane,155,62,16.206944686534392,6,18.091451993022673
38,17,1,2,7.3782848357277055,972,Cotton,117,94,10.654296719846943,2,143.7944343664705
54,10,4,6,4.404506592847779,881,Wheat,85,22,14.606648812097859,5,22.19459206030133
20,31,5,3,8.951004421968223,562,Wheat,179,92,10.437127970628655,3,60.538524803488095
29,26,2,6,6.34728085910925,539,Rice,84,74,9.145693109436344,2,94.03688949094835
16,25,1,2,11.493783895204434,763,Wheat,174,38,14.640232796221866,2,297.4538183124231
11,36,3,4,10.357295400434428,837,Wheat,149,61,13.948881951359988,4,130.78303475259497
43,27,4,6,9.196750273067547,347,Sugarcane,57,80,12.014835501957705,4,74.59073109778049
21,1,5,3,6.276030780108228,916,Wheat,77,42,8.36682394833778,2,1.0374951584277172
49,19,5,5,9.61014863553374,270,Rice,175,99,12.75279267890981,0,54.678269341915936
15,3,5,4,6.313346134073632,848,Rice,153,23,9.487065053743857,3,1.0
10,12,5,5,4.301047873215008,847,Rice,93,84,11.594716410438707,5,13.807182995295252
27,23,1,3,8.067476700962192,870,Wheat,59,23,13.861979763582191,1,196.35541517911193
31,37,3,2,7.9094763583095276,378,Maize,54,78,17.393523707641755,1,111.88185591344654
50,39,2,2,10.104047784209868,247,Maize,150,99,13.113119625917971,6,221.33638885954292
10,28,4,4,10.925391058835558,720,Sugarcane,169,49,9.947830273116114,0,76.13012770723086
42,35,5,6,6.8357479095540965,242,Maize,78,52,17.46226305331217,3,59.428606537053284
6,1,5,6,7.595784081629367,910,Sugarcane,180,99,8.259099568035241,0,5.653496665955558
26,17,3,5,7.763203357156225,170,Sugarcane,144,52,14.428201328413243,1,49.58452215444932
24,7,3,2,6.593792674979035,410,Rice,51,39,10.623921147058761,0,22.194473594276847
29,14,1,6,9.947095389001522,737,Cotton,128,67,15.575101479097478,4,155.68073090393526
19,16,1,6,8.176809481650395,566,Sugarcane,141,46,11.312231779014773,1,136.68452296873573
53,22,1,2,11.31164619510912,693,Wheat,105,51,12.28746440230267,4,268.9019494667007
33,1,4,2,9.202486175164688,140,Rice,191,46,15.704167131947548,5,12.326896490047265
12,5,1,3,5.695172471151779,998,Wheat,125,44,16.978185784528947,5,32.581636498786644
41,28,5,5,5.318469189976291,870,Wheat,64,85,9.825534412725462,6,42.8189501967033
53,26,1,2,6.979074703330337,455,Maize,134,31,10.962924130619653,5,194.94902201015668
56,36,4,3,6.775412322055786,243,Wheat,173,65,8.04324776520069,3,72.07396440433894
37,33,1,2,7.257054598900082,782,Sugarcane,167,67,16.565716028944408,4,256.0411986155941
26,17,1,4,5.468728562435537,378,Wheat,94,94,17.47128250514606,0,106.83420324018743
54,9,5,4,11.825781360211915,570,Wheat,96,56,10.794456775721795,5,38.422154411888386
51,37,5,4,5.165678182949831,754,Maize,69,23,11.845550706125,3,41.954088118518435
9,16,5,2,9.221190193794568,738,Wheat,173,80,12.289565051406512,2,29.806561987291218
43,12,1,6,4.104553880516718,157,Sugarcane,195,90,12.09751865666808,5,68.05433924987983
22,26,5,6,7.255688306552105,267,Sugarcane,128,66,11.9287534792,3,40.03557787902626
42,1,3,4,6.473467192760291,729,Wheat,110,66,12.758746215481688,5,21.752178625198397
58,33,2,5,7.056197101915348,265,Sugarcane,170,36,9.53783590337018,2,131.26200345539615
57,30,2,3,7.984618758184909,472,Sugarcane,54,51,8.576800017659675,2,135.71221890637995
41,22,5,4,8.803000012194541,181,Maize,107,29,15.235265071768845,5,47.12745471813446
34,6,4,3,8.6680907583544,969,Rice,130,69,16.465660101967938,3,16.0680855407836
55,37,5,3,9.045709360968903,233,Rice,126,94,16.101927791651462,2,83.14254328033807
35,32,5,4,10.756381460430324,463,Cotton,109,78,14.26626486501364,4,72.17330668537123
14,11,1,6,11.093737244917211,584,Rice,190,37,17.688112372353253,5,122.10359085692211
19,11,4,5,9.89800240448638,145,Wheat,149,85,8.01543111953198,4,32.742268756269205
46,18,5,4,4.631537943395232,361,Sugarcane,89,54,11.195423121520388,3,19.87991537925106
52,8,3,3,11.690339132079476,568,Rice,51,25,11.100161111399338,2,39.88595710092043
48,9,2,2,11.57918469077637,734,Maize,188,22,11.496729472423514,0,62.44286392327306
22,16,3,2,9.69363035636283,321,Cotton,60,90,15.999896039442472,3,64.46990685403541
27,39,3,3,8.139512571215391,191,Wheat,59,54,11.514965745362773,2,114.07888225309922
37,38,3,4,6.0049468666871375,118,Rice,77,96,13.270835822005147,5,90.11323954158867
20,9,4,6,10.050809115991008,369,Sugarcane,168,85,14.139398533880376,2,32.25393296671187
58,11,4,4,11.022881429730313,676,Maize,188,85,16.453832412299214,5,38.77973824670657
42,14,4,5,9.321500807119502,830,Rice,56,70,14.158615771389915,6,38.96173097059304
39,30,2,2,9.032581062894167,963,Sugarcane,192,91,11.813064930030194,2,147.64700152651747
38,14,1,3,5.544037636564689,768,Rice,56,92,14.94742155406077,0,99.39673331309267
32,27,5,6,6.862372183153517,514,Wheat,104,53,13.155355786738632,4,44.32109321091373
6,3,5,4,9.785089776260097,764,Cotton,180,58,13.28402234237881,1,3.8555121541304396
34,35,1,5,4.135189910809787,346,Sugarcane,69,68,11.351525367496393,5,164.14113156267592
17,0,5,4,9.130114217511089,810,Cotton,173,66,8.016075182078012,0,4.674763464453421
45,33,3,5,10.133362408081984,842,Cotton,52,55,11.558469476700843,1,126.63156058618368
20,16,2,4,6.677635890166253,401,Maize,69,41,11.027179293134708,5,56.53304485754539
9,38,5,6,4.609342153606312,115,Sugarcane,59,96,9.003390341906538,4,39.11911694215613
59,37,2,6,10.552955031071988,719,Maize,139,63,9.986361979148109,2,218.02357602610311
32,32,1,3,5.134694635880182,602,Cotton,143,86,17.80890078128816,1,184.5040200176321
57,20,5,6,6.9664088477581885,494,Wheat,133,80,10.798169528411066,1,43.762394428580826
43,25,2,5,9.65803284054224,885,Wheat,100,28,13.181580345499086,6,130.22494992691077
49,35,3,3,10.535887901211469,975,Rice,166,67,13.493326162702573,5,137.62743140756535
24,4,3,6,10.899055347908128,795,Rice,146,37,13.600300563927622,0,22.420741287557366
28,32,1,2,8.243337532888924,283,Sugarcane,79,48,8.473281351201774,4,275.88314797061105
31,0,4,5,7.806973571646925,540,Wheat,94,67,15.71462182742352,3,5.031177610654463
34,5,5,3,10.786538216144237,680,Cotton,149,31,15.303450242738673,5,14.899939491654552
49,36,3,5,8.504616760379768,349,Wheat,72,58,17.77192136569413,1,111.84255769891031
31,1,3,3,8.629205827321849,475,Sugarcane,102,42,9.846912625857652,0,10.754766278705015
30,4,1,5,7.471786943950406,557,Rice,91,38,13.537913051271065,2,46.91484989818291
11,25,3,2,6.982511775368317,829,Rice,153,43,16.03830226924103,4,62.213431179170044
46,12,5,6,7.844326858318633,187,Maize,162,63,9.243460204226098,6,27.625888411010422
51,11,1,4,6.918779949569018,445,Rice,134,68,15.895707679600562,6,105.24115558696775
57,4,2,4,6.748371599753908,883,Cotton,120,93,10.69963283940719,2,32.837375638487586
42,1,1,4,11.949314736063151,828,Sugarcane,52,23,10.808460759732743,2,21.101777528903714
9,3,5,3,6.689707952574785,969,Rice,166,81,17.455955550685324,6,2.1114182657127367
27,26,5,6,6.051069980261337,489,Rice,92,37,11.138730905896747,3,31.009875894410577
32,9,2,3,6.831392718741013,279,Cotton,183,79,13.842374118758954,6,48.296218427890764
38,12,1,3,8.72625072508885,736,Rice,103,83,12.400929532844387,1,122.10609226034695
57,1,5,3,11.28792389298532,475,Cotton,101,39,8.781593272532877,3,10.100423987506982
19,25,5,3,10.302914001582089,282,Rice,62,71,17.504825611858912,0,51.51235945905251
36,14,2,6,10.737929112605611,943,Cotton,161,55,10.13725239969264,3,90.77138900949817
30,9,4,4,10.872068885470862,428,Rice,105,81,10.676945267997013,0,32.44307248838507
52,21,1,5,11.364227171574939,589,Sugarcane,153,67,11.772465558352089,1,256.3576396279579
35,39,5,3,5.880569863271039,299,Maize,115,76,12.985359942104761,1,51.1659937556046
23,24,3,6,7.6669282482994845,795,Maize,117,76,9.442857160662001,3,70.15536903579479
13,14,2,2,7.081581332611572,578,Wheat,62,60,14.299365890172233,2,53.197262213659904
33,12,4,5,7.0550159569080035,908,Maize,79,72,13.147024934764215,3,29.903087259750023
58,7,4,3,9.218269213617479,835,Cotton,125,81,11.030103275294369,4,32.33987562930729
55,20,2,3,7.214424482541947,554,Cotton,92,48,14.92651802512543,6,88.82715091460078
43,20,4,5,8.930642447337629,973,Maize,161,58,13.140801420925715,1,56.96684724070647
8,21,5,5,7.058234909822462,539,Cotton,147,29,16.406856360772508,6,21.60203432091477
7,32,4,3,6.489025461795384,988,Sugarcane,52,80,16.55404795703271,6,55.81493918169087
33,26,1,6,6.824617427545446,700,Cotton,92,75,17.80106697251135,4,187.7859418470929
56,39,3,2,10.43005644811008,836,Sugarcane,122,28,8.673357578288568,4,152.03212923607902
15,21,5,6,8.808408289831128,598,Sugarcane,181,69,12.051786404355369,4,37.740295614321866
37,29,2,4,11.791981864132916,729,Sugarcane,141,94,13.015189741509438,6,189.9102511859169
42,8,3,4,10.661249811037862,255,Rice,81,31,10.338098658510217,2,39.4820633053033
15,34,5,4,7.886244866672329,558,Wheat,50,21,17.220351905419086,5,54.75924994660663
31,17,3,3,5.939010680752607,770,Cotton,190,92,8.881283846629538,1,46.458907766143874
37,4,4,2,9.391272891641162,282,Rice,85,36,12.28506094690605,1,20.34849812076233
25,26,2,2,9.813168218495486,535,Wheat,75,54,9.851907213268605,5,138.48834614215173
43,5,2,3,7.713407838335672,813,Rice,199,65,14.821388108336503,1,31.245364929143747
35,31,1,3,5.839377059285526,677,Cotton,137,86,15.049923311404175,5,201.3023072328067
42,7,4,3,8.457906542906121,145,Sugarcane,188,89,16.725140154731676,5,28.98745617664128
50,38,1,2,6.030634018875573,975,Rice,74,54,12.089705651674748,3,246.7253682496335
6,20,1,3,11.519986541043501,871,Wheat,128,98,15.75110377991842,0,240.53790917100636
31,17,4,5,9.031073984269756,343,Wheat,151,91,13.49580567937888,1,46.61914793347846
40,13,5,5,6.335447693353719,255,Wheat,83,53,16.12270909991487,2,32.07470987372896
15,14,1,5,5.725845506676197,493,Rice,81,30,8.853789912287192,2,85.14807553230318
51,25,3,3,9.733786267080967,348,Wheat,151,22,12.63447653391976,6,89.92295642751336
22,31,5,5,9.662346241934024,706,Maize,170,29,9.505605922803223,0,53.28930723824081
5,38,4,3,8.777057852068598,354,Wheat,106,31,15.9035548454146,3,82.75228855458283
39,27,2,5,8.91440820143377,461,Wheat,156,70,9.526713853689522,2,136.01479229640273
39,38,5,3,8.830952022604984,947,Rice,70,78,8.080603705092837,6,76.79175875312852
35,31,1,6,6.880827574484138,812,Cotton,122,21,17.295237399517305,0,225.75283161113936
32,12,3,4,11.499315280059786,918,Rice,134,21,12.845983161896564,2,53.828432975467166
43,14,4,6,7.834227714103342,745,Rice,70,24,17.851908879259742,0,37.26358042174559
5,17,2,4,4.162623201164719,476,Maize,199,41,12.5299723436097,2,36.25014431243044
29,38,3,4,6.786890739106603,252,Cotton,91,52,13.907926366806493,3,89.01070173159033
47,5,2,5,5.042260629180796,866,Rice,60,88,15.441752958773831,6,29.169088445231168
42,10,4,4,6.9070703283830674,871,Maize,107,47,10.80798338275366,3,27.723109625663636
24,31,5,4,8.866099880285862,339,Rice,147,77,9.328563988617864,5,59.157579922078526
7,39,1,6,4.181315796175393,559,Maize,90,33,14.611295130510245,2,169.27746347464827
55,19,4,4,10.961604249822948,251,Sugarcane,135,69,13.10686809890253,5,70.69523456987174
6,32,3,3,8.882472947745404,539,Wheat,193,93,16.268011652261965,5,99.44042784451557
22,39,5,3,6.362975010071958,702,Wheat,152,60,8.450687925363313,6,49.95147708726979
48,7,2,5,6.489641391394253,339,Rice,157,34,13.447701071024227,2,35.11916081285423
14,34,5,6,7.725345412129206,282,Maize,119,93,9.857558946432453,4,56.14705939557315
9,4,5,2,5.984734448014348,409,Sugarcane,95,87,14.173174446987222,1,7.02960065029667
13,34,3,6,4.03473542208757,358,Wheat,97,62,15.604397704622524,3,54.00059075319182
6,13,1,2,4.212459585434106,559,Rice,86,74,10.63010191925608,2,62.87760804468492
38,20,5,4,6.861925375776159,530,Rice,71,68,12.817886799915987,5,36.12485164902237
42,23,5,2,4.993773412868866,599,Maize,129,37,12.202041662593034,1,24.19048862785234
35,16,1,4,4.178909397176655,897,Cotton,184,44,15.548708086110853,6,82.28745210022554
14,17,1,6,10.874154160278723,175,Rice,126,31,13.998677862032842,2,189.79189073384947
54,33,2,6,6.193098509142826,396,Sugarcane,162,74,9.207073992559229,1,116.57109895489889
16,11,2,5,8.02498061733441,461,Sugarcane,66,66,17.767481114486195,6,45.17034848906208
40,15,1,5,5.435272673532985,282,Cotton,52,86,17.123375092310262,1,98.8900412657553
58,3,4,4,4.373799777950098,158,Sugarcane,189,90,13.787200130047868,3,23.79467247640329
25,24,1,4,9.958930395908652,651,Maize,125,83,15.774769106115063,4,249.0295963359111
53,33,2,3,4.999654837174267,656,Rice,68,79,8.19970490249335,0,102.1800933998412
51,27,3,3,4.205735219229269,505,Maize,164,62,10.014918241531142,2,48.557023562797966
10,10,3,3,8.697842626107278,626,Cotton,51,56,15.678630283216194,1,29.72819151619534
52,12,5,6,4.107740579371597,831,Cotton,145,51,9.061880136228941,4,17.986809350302057
53,30,3,2,7.4902875584825725,884,Maize,177,71,8.427266770737148,1,89.4626124448189
7,24,2,4,6.3106883878225295,286,Wheat,67,72,14.157159151077975,2,83.3756138051017
14,38,3,5,6.555343879502023,975,Cotton,104,75,8.342417942831085,0,87.97153711275658
9,9,4,4,4.031192344912238,124,Rice,53,91,9.831138404847758,3,14.729418998724938
50,23,1,2,11.714768643062364,398,Cotton,199,21,8.799819194376585,0,285.536377712143
30,0,1,4,8.135704819868304,291,Maize,169,67,13.34271581558162,3,14.961810285618256
25,24,2,5,8.58009706433347,790,Maize,127,35,14.769342437673576,1,108.86405498475004
49,27,5,5,9.328979879296224,672,Sugarcane,127,55,9.833091943052507,4,61.57149527570486
30,35,1,2,10.380174328398136,230,Wheat,142,29,12.687576216594106,3,373.0610241006597
42,17,3,5,8.863272930473407,860,Maize,83,98,8.201710733554712,1,65.59021759244419
48,5,4,6,10.097584843946471,775,Sugarcane,176,37,10.64660362890412,5,30.396937778600677
30,1,5,5,7.589882354903005,603,Sugarcane,156,21,9.796043517400044,2,2.0488168796050497
12,2,5,2,6.970201123235906,306,Rice,94,59,9.659643589157572,2,4.327346943507289
9,7,5,2,10.58507125985748,337,Sugarcane,172,61,10.250199810575282,4,13.087637897691836
19,30,1,4,10.922484193387703,291,Wheat,142,44,16.05344065298616,6,340.73909302567006
20,18,5,5,5.10245335829547,127,Rice,187,20,17.49750594048409,4,13.630304663568126
5,5,2,5,8.341281495680489,206,Maize,147,35,15.060522949050004,2,24.70523598547031
20,13,3,2,9.469139443889276,322,Maize,100,61,8.72255502342066,2,41.949210407835075
41,2,4,4,4.6687898930557346,479,Sugarcane,192,56,14.28163812233991,3,9.106928115001462
7,0,3,4,11.436774533942014,528,Cotton,186,56,15.341153358214928,4,4.004409186399042
56,29,2,6,8.160878181737047,183,Wheat,107,90,9.111253237503472,2,141.82041116257295
51,18,2,6,9.163659338534018,597,Wheat,199,25,10.94322773407,5,93.354657699798
35,18,3,2,5.425941984722829,336,Sugarcane,62,97,12.283813218235075,6,45.53511325035635
17,8,1,4,6.115477519643418,248,Wheat,157,41,11.107239899646597,3,59.24303485643692
20,6,2,4,4.968009733449619,894,Rice,169,93,13.183183906590592,1,30.44273796793539
59,36,5,6,6.111989774831111,950,Sugarcane,177,65,9.309201994957732,4,59.37932128212247
47,6,4,6,7.93917412233439,711,Cotton,93,59,12.44749403205394,4,23.236806312133872
25,8,4,2,10.669036795658371,943,Maize,135,73,15.332802422826958,2,31.456787089407275
6,3,2,4,8.269787320162909,134,Wheat,79,65,12.60933242964464,2,15.20493603343612
58,24,5,2,5.955708785848769,196,Maize,126,55,10.104349096741618,2,40.30678715182999
31,11,3,6,4.356968599125824,967,Cotton,107,60,16.021125390422558,6,23.22223008620104
42,5,4,5,8.975758687256036,332,Cotton,132,86,11.943955844815694,5,20.272567812448575
30,17,5,6,7.361279178933184,506,Rice,171,42,12.250924005807496,2,30.067070167872565
42,39,5,4,11.874830934536561,624,Cotton,184,62,11.576235194887438,0,101.61965828168334
50,20,1,2,10.238079083293544,857,Cotton,84,80,10.89731634092071,6,227.49659186968003
29,14,2,4,10.466902554186955,588,Wheat,55,36,14.019479330851377,2,82.89017679951527
15,2,5,6,4.097880183043174,503,Maize,127,84,9.878072991365752,1,9.514396853024873
12,1,3,6,10.222362663232456,873,Wheat,114,22,15.692296937752868,2,6.849729365284616
12,39,4,3,5.5569064854039425,322,Wheat,159,97,12.816994961914352,2,58.42566978000744
37,3,1,6,8.686366978306447,502,Sugarcane,134,94,16.835874966072364,1,44.3896999262013
57,31,3,4,7.579372578525749,550,Sugarcane,188,49,17.38890844609923,5,93.2155153757021
11,1,4,2,8.57283080462144,685,Rice,58,40,11.829729795013108,3,1.1000965744030988
42,28,2,2,5.06754823538397,877,Rice,187,35,9.588232117477958,1,84.4097001534542
25,1,3,3,7.655133451289171,283,Cotton,92,81,13.052600644478066,4,14.17877345929031
12,33,4,4,4.295557487613305,376,Rice,169,79,10.70451776049464,1,43.00306836079729
55,26,1,6,4.327994785277046,994,Rice,99,28,12.265229540366775,4,133.91909854836751
58,38,4,5,9.26190504619256,667,Cotton,162,85,11.774428722438063,0,105.7970248622444
25,37,5,2,11.613586987777438,668,Maize,112,45,12.504721485390604,1,85.85518925149422
24,17,1,4,10.219143349638266,485,Cotton,185,86,12.985655925254607,3,188.2947543532555
12,35,3,3,7.7532462445678165,592,Cotton,182,34,14.274288931876342,6,89.95494999658652
50,18,2,5,4.446965920738983,394,Maize,184,31,8.038139696066361,6,56.38055023556952
35,26,1,4,4.360161195656834,160,Cotton,96,38,10.56420374871567,0,129.4523346079572
54,19,1,6,5.263138088864465,784,Sugarcane,191,33,9.702542115620309,2,119.32819214412764
33,20,1,2,11.806484031472213,721,Rice,74,34,15.104466596661444,3,248.07601766327033
52,22,4,6,7.189288531529305,245,Cotton,134,30,16.3232717792881,1,51.89205488020666
13,29,5,3,10.747258334981161,625,Wheat,142,82,15.257564575085144,1,63.846838170398485
19,24,2,2,9.641139511588776,282,Rice,101,62,17.7466381243258,3,121.32230951641517
34,30,2,5,8.84342927372853,414,Sugarcane,176,86,8.772475296313758,2,148.70822104829597
30,26,5,2,11.582608893229933,976,Sugarcane,53,62,12.647542371501192,2,69.4273226466577
14,33,4,6,5.843292564952176,758,Cotton,167,20,16.99370271209529,0,45.00349773442554
33,7,4,4,7.639117299753229,843,Maize,95,23,11.190883647669159,3,16.58301206401857
58,18,5,4,10.917783725396763,908,Wheat,145,44,16.02317107602074,6,53.70023639567268
20,25,5,4,8.414090461137949,751,Cotton,50,93,13.617406700828289,4,47.170549449384175
40,27,3,3,5.971561117008888,759,Maize,117,72,17.785566727094736,6,66.77913343776626
24,3,4,3,5.671331334738214,992,Sugarcane,127,54,11.710219522478248,3,6.880716520494819
49,30,1,4,10.023048008338408,135,Rice,171,44,12.171672580932398,6,319.3498709952564
58,15,2,5,4.10231115401671,888,Sugarcane,168,22,9.638064992876211,2,46.00176247341729
41,9,4,6,11.313536619223065,155,Cotton,127,70,9.596401318750821,6,32.484159160115865
26,37,5,5,4.147343904921624,140,Maize,179,69,16.610022970484057,5,37.13898105229878
11,9,1,4,9.047912375045634,482,Cotton,70,32,12.07295125755251,2,88.18565620987263
27,8,3,6,8.837983691536058,268,Sugarcane,78,54,14.20465533176215,0,30.354559951535453
45,38,3,3,8.627289208438249,270,Wheat,125,74,15.522522457236686,3,126.95774287918958
44,35,1,2,7.794744406934044,717,Sugarcane,131,37,12.382432360819493,1,284.0739603842895
33,35,1,2,10.819442661508889,838,Cotton,71,70,17.537839945312804,4,390.92916187600946
20,18,5,6,9.274662962323873,555,Maize,189,49,17.381736787191553,3,32.979773955248625
42,18,5,5,10.254898251995147,697,Cotton,106,59,14.801183027083075,5,45.621654622358484
32,11,2,6,4.9241744478335185,590,Rice,57,49,17.952078133146856,6,38.681631250567726
52,12,2,5,4.399189099659539,393,Rice,106,77,8.026484973454656,4,44.228113655932916
42,24,3,5,4.228228071438229,757,Maize,66,84,8.092527034765315,3,50.820834858605046
35,35,1,2,5.177647883788742,363,Sugarcane,70,91,8.675348153947043,2,197.25258120885013
18,24,3,3,9.336063122035327,346,Cotton,100,31,17.4351982859342,5,69.95659692245653
57,27,5,4,7.952174045929366,247,Rice,184,27,14.048345440026614,6,48.78308487416566
37,38,4,3,10.018018049296568,540,Wheat,103,94,17.277223920624063,4,112.55249018107924
13,29,5,4,5.53384269393686,461,Rice,109,97,9.270981723574591,3,33.49860074991595
31,4,4,2,6.935704335763693,321,Sugarcane,93,37,8.319786675852951,1,10.145547555659912
28,16,1,4,11.10798038839636,757,Maize,126,84,13.432822524800962,5,188.16014891475754
17,17,1,5,11.485716368228267,207,Wheat,78,29,9.752193830976664,2,202.97530942961558
30,20,1,6,11.373833239913374,314,Cotton,110,56,16.59833877838996,6,238.7962996191524
33,21,2,4,10.546440353606101,856,Cotton,110,48,12.204093902900931,1,121.15313162142056
55,38,2,3,9.505887028783135,229,Maize,121,65,15.704567613236582,0,199.25816619188421
53,5,4,2,11.30942315221971,675,Wheat,69,63,13.16438834900189,0,23.26921300232752
47,15,3,2,9.713452734661113,399,Wheat,105,55,13.286704546524764,0,60.5992951316446
32,1,3,6,11.63148998980395,534,Wheat,123,37,14.818450082420833,2,14.833676488088221
32,0,4,5,4.198306656295108,968,Maize,192,98,11.354518250142078,6,11.842725828535377
12,29,2,5,11.373136687156617,461,Maize,95,51,17.48847301270215,1,163.96963818202565
27,36,5,2,8.445924289114998,323,Cotton,94,39,12.004101063350832,3,62.377237297201525
33,22,4,5,4.894382014563666,676,Rice,91,53,11.98042383426592,2,32.78340974977931
9,0,3,6,5.7192901578983575,586,Sugarcane,57,92,15.074222409595151,6,4.700934382064426
46,18,4,2,10.81727427131931,676,Cotton,133,60,14.362518578072574,3,58.70341397320918
11,2,4,5,8.048935638772129,473,Wheat,63,54,17.957816131334503,2,2.941860055897355
46,1,1,4,11.862541787961892,991,Rice,75,76,16.502308095704834,4,30.821526001368774
40,36,2,4,4.940248876039768,793,Sugarcane,151,46,10.84590786077319,5,99.56231706024792
45,16,1,5,7.300027711201033,207,Wheat,90,37,9.015526127723644,5,134.58948386260144
31,27,2,4,6.654995544646081,450,Maize,78,40,9.066271801462747,6,97.04337145475826
50,17,4,6,8.129083488519374,522,Rice,62,37,11.616087749187866,6,41.664023868596125
6,32,2,3,9.067502550957748,491,Maize,147,46,12.771859951140424,0,150.91912159696463
29,14,3,6,9.293035755053236,934,Sugarcane,96,47,14.371240915102986,0,49.31403201672741
13,21,1,6,4.010367039294224,722,Sugarcane,70,34,16.577260353626173,6,88.53436852665024
57,26,4,5,4.711683470252543,175,Wheat,144,64,17.89540482155315,4,40.76119790558645
31,36,3,6,4.280510669247615,349,Maize,61,66,12.08715998517117,6,55.43454204245897
5,31,2,5,10.916793171186217,340,Cotton,155,55,13.455803735863569,1,172.15528729953343
27,18,2,2,6.506338025277245,325,Cotton,73,38,14.007473203296312,0,68.12429962216439
14,27,3,5,6.936507535010914,916,Maize,70,64,13.585617424071003,0,70.83842105108087
46,27,2,5,7.602969991573541,572,Sugarcane,53,76,8.903130852330245,1,119.64001863366515
56,9,1,2,10.794435178028607,775,Rice,74,95,9.150406679617706,1,121.64841267167164
29,19,5,3,4.113330087697079,362,Maize,57,48,16.88755483855234,4,17.462714969505505
58,24,2,2,4.948946195038803,114,Wheat,83,35,14.7558400261699,0,78.34010722187972
7,20,4,5,9.481304977127202,440,Cotton,163,41,14.787611110100816,6,46.40209739625573
10,13,2,4,11.711140181660777,764,Wheat,99,91,16.14781751666262,4,82.20591706029153
10,21,4,5,9.14229137037606,595,Rice,140,74,8.841416131720404,2,49.034861402490684
57,25,2,2,6.088987747740186,540,Cotton,77,31,12.154799489621265,1,88.20345283460057
6,10,2,5,8.15891543029294,649,Cotton,111,35,10.466744245645287,5,40.340954142144646
22,6,4,2,11.799843804651474,136,Cotton,142,74,14.608066319313913,6,24.617360587507633
27,16,1,6,8.224612372542328,733,Wheat,176,66,10.149348948262428,1,145.395167729888
6,17,5,3,6.988061037825619,883,Sugarcane,93,92,14.921248759148575,0,22.273030499194395
16,6,5,3,7.0674044387097625,868,Wheat,57,46,11.87900465790683,5,3.4307500295177533
26,19,1,2,11.736268068733846,274,Sugarcane,194,30,12.394055381664016,3,230.9849232315332
41,37,2,3,9.751332213853647,535,Maize,189,34,16.180127968237624,4,199.2115182286194
24,10,5,4,9.497382844976379,392,Cotton,174,72,11.481670244508953,1,24.341374403253933
43,15,1,4,5.856434573525974,400,Wheat,139,52,10.565992021055717,1,100.3758027127028
28,26,1,3,8.475877102108594,753,Rice,155,90,16.502647733647404,0,234.7364035743433
52,10,5,2,6.853961588178508,773,Rice,120,41,14.853990887200293,0,20.864085261179618
24,15,4,4,5.921612206831599,438,Sugarcane,150,84,12.038955790890107,3,30.796714776205107
5,22,3,3,11.164418288112836,122,Sugarcane,81,77,12.985609207635903,2,81.22812133216473
5,11,4,5,7.065246470100908,449,Cotton,59,46,11.478580688592356,2,20.105057409512128
21,39,2,4,6.262297299771182,948,Sugarcane,128,94,13.512089886254937,0,133.8061087721671
5,2,4,6,11.453763172866944,165,Rice,178,31,9.38695816307952,3,2.200184505109889
57,1,3,4,5.578771171649003,494,Wheat,126,79,16.884420994451347,0,17.701964504290267
56,37,3,3,9.964038277732183,532,Wheat,124,91,13.540480285762705,2,140.57233993706407
49,23,1,3,9.221977155714102,669,Sugarcane,139,96,11.852689393048284,4,228.06003120978585
34,28,2,3,11.363875426978284,128,Sugarcane,74,52,13.715936872470706,1,170.43573693736602
45,33,1,2,10.656377100538226,182,Rice,101,85,9.61192651868935,1,374.6744761774502
51,19,4,2,9.642361743517132,575,Maize,101,28,8.78472817681883,3,53.54834961448255
7,17,4,5,6.516573285576765,534,Wheat,61,96,13.481261365803931,2,30.838102760507685
50,13,5,5,7.964552090164394,740,Sugarcane,95,45,8.704967119564369,5,27.932396720482952
59,17,1,4,11.555966090777439,232,Cotton,186,64,14.608693228423563,3,216.0676664656116
15,1,1,3,4.185621044651948,214,Sugarcane,94,74,16.00241531919599,3,11.15616965231153
28,0,1,5,10.354654590560312,133,Sugarcane,85,71,17.883673897941804,3,15.867543983356605
26,19,1,3,6.014482803631035,736,Wheat,186,28,15.692438669229464,1,122.54948078955479
48,33,3,4,5.480135546350334,177,Sugarcane,146,98,17.74125205618151,3,75.2464127993271
49,10,5,2,5.8577969153785565,374,Cotton,137,26,8.221828959626457,2,20.69387541786604
30,26,2,5,4.478007931974777,443,Cotton,102,76,13.588476219221885,5,67.35832869861716
17,22,2,6,11.935838594289343,779,Cotton,158,76,9.647367245204933,2,140.7172516038074
5,37,2,6,10.95895314580116,180,Rice,94,56,10.451353115777486,5,205.26897502966452
28,2,3,6,8.168447749057819,706,Cotton,175,92,15.345354249003002,4,19.938065884468546
14,11,5,6,9.720825428456735,820,Wheat,146,97,10.528260322494605,5,25.717167402011846
39,29,5,6,8.452762903388061,171,Maize,78,49,9.7981157389965,2,56.82067891320874
28,30,3,6,10.492631555606659,244,Sugarcane,97,70,11.71845204083862,1,113.16864538185489
32,22,1,6,10.75812153245609,137,Sugarcane,131,66,8.832547768814704,2,252.0826519960625
40,0,4,5,5.86232342522561,573,Sugarcane,108,73,9.464939628357266,6,10.343774933405989
20,19,1,6,7.677982165201966,270,Cotton,111,42,9.464505018990621,6,155.17486575069648
44,5,2,6,9.078781873516569,139,Cotton,84,98,10.260565339923467,5,43.143054966212816
20,10,1,4,11.8275266448662,272,Cotton,108,77,16.707015411238853,0,135.70010373013199
21,34,3,5,9.461515032769316,523,Maize,179,75,10.95236682362589,3,107.1019627299715
55,3,2,4,11.181080085953258,298,Maize,138,50,10.738680567047012,5,31.89095664102028
58,28,4,3,10.768896407896701,987,Maize,183,87,9.259883980523421,4,88.91361947887641
19,9,2,6,8.656504509428512,955,Maize,74,81,8.161051816508394,6,46.05251581846349
20,28,1,2,11.149242880495112,321,Maize,102,79,9.60378843190834,0,324.7321608403266
19,37,5,6,7.019373822601875,701,Sugarcane,173,56,15.229712577026337,6,53.374526718883246
38,0,5,6,7.034268243586491,897,Sugarcane,127,53,17.698463018984565,2,10.154527376484456
15,39,5,4,10.247725145941352,774,Maize,163,20,15.438139674609804,2,78.74695583428017
5,7,2,3,5.076349325080088,549,Sugarcane,181,60,16.532276768062406,5,21.92537049219501
19,37,5,4,6.446601739667352,527,Maize,141,63,15.867456604909739,3,56.16390811753818
30,16,3,5,8.868579606986739,999,Maize,105,54,10.960522575002663,3,54.046120536503594
55,18,4,3,7.360524790935589,547,Maize,51,46,15.312301789879355,1,49.186568724744376
8,32,5,3,11.525789679105827,744,Sugarcane,194,40,15.505870499818258,5,67.91989514272217
47,14,3,3,11.668048556953092,531,Rice,97,91,10.58563801663664,4,67.26665204277626
9,30,3,4,8.020650470510313,421,Rice,141,42,17.206536239360076,1,79.58161644393144
39,20,2,6,8.312495122925451,962,Rice,151,60,17.979471746212266,2,99.42148594181293
17,2,2,6,9.79701673459017,894,Wheat,83,99,13.612972547074085,6,19.079607216557534
14,1,4,6,7.658119401873388,251,Rice,145,69,11.16595146590491,5,5.401273711771993
15,34,4,6,5.520787743523814,923,Rice,144,93,11.57610628324075,4,50.56081438486744
22,15,1,6,9.975753348983446,144,Rice,55,41,13.824436412946348,4,157.9935872524999
38,20,4,5,9.902287114823986,423,Cotton,55,59,8.077796959767664,5,62.5293892253977
43,11,2,2,5.959848827134236,511,Maize,77,21,11.08336514506723,6,42.65445043493215
45,27,3,3,10.66333215824806,360,Sugarcane,185,61,8.490041113961642,6,113.2275956137556
46,11,1,2,8.909193571361286,318,Cotton,178,49,14.241798164211598,1,110.67449733315902
54,32,4,5,5.890412882522924,719,Maize,129,63,14.040536356399262,2,53.93457179950461
27,19,3,6,9.216313153349635,146,Rice,67,29,13.9104805132248,2,59.660654851818286
11,39,2,5,5.868876210324486,744,Rice,129,82,9.50990673134289,1,122.86343057750615
43,20,5,5,6.121863632640142,872,Cotton,172,43,17.4455917440819,4,30.928385734598244
7,38,1,2,10.784074454425248,787,Sugarcane,141,25,13.342288002112081,4,410.6962490834082
16,35,3,3,11.435932553918551,732,Cotton,60,64,13.558619989771481,0,133.57545320442154
11,21,2,4,6.055061266865689,940,Cotton,55,37,13.44259245509799,5,62.76137344286468
53,25,2,4,11.424408296681486,402,Maize,191,35,13.244130896854031,1,155.71909325668773
30,6,1,3,5.910390772018828,289,Wheat,161,59,17.384279334239114,2,48.756901871458425
37,6,1,6,4.938138924340685,871,Sugarcane,71,35,14.020242052244974,0,44.636953562700974
41,7,4,5,4.465791024570089,788,Sugarcane,77,98,12.851252149360516,6,19.7346818391966
52,25,4,6,5.936905926661066,958,Cotton,196,89,15.664451770239207,6,51.17185853230271
19,23,1,5,7.081972325417882,676,Cotton,164,32,10.514624989268945,1,166.8308166940907
6,23,1,4,11.420387040874438,963,Rice,178,87,9.920100279386798,5,274.517727992058
45,39,3,3,5.9372639976482295,435,Cotton,190,69,12.392126438055428,6,90.78842595096903
11,11,4,2,6.923722759607147,954,Maize,50,48,8.15685645931759,4,19.79447189218739
36,7,2,2,9.873246997948577,319,Rice,78,77,10.93517006256292,3,47.903933927161944
8,8,4,3,6.416592703898252,928,Wheat,190,26,12.200744118648231,1,5.0929929292984495
24,2,4,4,9.474945213436644,759,Maize,91,24,13.786987294306279,4,5.242153397018176
54,20,1,5,7.456622553988019,711,Sugarcane,78,59,13.432034382811501,5,171.15623949535873
57,30,1,2,5.571559621273378,218,Sugarcane,143,23,11.674018763477001,3,183.52023109574242
40,23,4,4,9.872471207753089,720,Maize,193,26,11.432630793969759,2,62.38704897289056
36,3,5,3,4.216310666853473,181,Cotton,109,99,8.013187810259874,6,8.717415085606765
32,19,5,6,6.338678600583831,112,Cotton,154,56,16.81112746614587,6,33.86630252922895
17,15,4,4,6.8494523133470295,577,Cotton,89,94,10.312736999257192,3,32.05371236635862
5,9,5,4,7.665746039901088,398,Sugarcane,142,78,11.580031586173874,2,16.48022801669255
39,25,4,6,9.438953855809114,191,Maize,101,69,8.202549804986011,3,68.13257318886295
52,28,1,4,7.675239953488295,849,Cotton,113,88,17.56843147490865,6,239.20810134761382
34,4,1,2,8.75459289828973,795,Rice,53,48,12.945725436739744,6,48.58789546618844
58,10,1,2,8.76623262734254,789,Sugarcane,160,74,8.232724793269352,4,112.28342515075819
40,28,2,2,6.986173199168062,821,Maize,67,86,10.511940325346128,0,121.80208392097286
59,14,1,4,11.471770126037587,375,Maize,135,49,16.792625646014947,2,181.58833306123995
29,5,1,4,11.64683064701154,403,Maize,59,39,11.757016146832516,5,68.11653357464851
20,14,4,4,8.654807072755727,967,Maize,164,86,14.894051223007635,1,38.79280602278715
23,19,5,3,4.573527042363455,886,Wheat,63,80,14.138507051178518,3,19.84310045286373
5,33,5,6,7.929020514047486,936,Rice,167,63,12.719383647359752,1,47.699142455427555
9,1,1,4,5.4753546143520575,372,Wheat,159,75,16.332187975148038,2,13.645239133055814
55,15,1,6,7.86571617498323,511,Cotton,144,98,8.403542976555054,2,142.3733495028023
26,18,1,5,5.507865235988334,135,Wheat,148,79,17.124236146852645,3,118.72641001843877
28,33,4,2,9.630841965191074,521,Wheat,95,60,15.180554076747814,1,82.43058240901743
47,13,4,3,4.64343296053074,577,Sugarcane,110,97,16.637137666355187,0,31.076751913566813
49,23,4,6,11.626432611167392,601,Maize,179,59,8.169324480124034,0,79.93718744736437
56,27,5,2,5.563007115466822,437,Wheat,83,69,8.847945932742004,0,40.48725615583654
41,31,2,3,9.285250688393964,681,Maize,142,29,10.058788384723737,5,156.66917872503248
57,36,5,2,11.335698805835914,727,Rice,119,36,13.935607978578687,6,94.33774569994132
40,9,4,4,5.9830905118725,509,Wheat,114,34,8.924208954500674,5,21.433802456896423
40,8,3,4,11.474375192297039,562,Sugarcane,96,72,17.315470023145945,0,46.26257635904468
8,23,2,2,7.109397325282181,612,Sugarcane,60,92,15.485941013443188,0,84.68691886454802
40,35,1,3,11.68424653802072,180,Cotton,164,70,16.07596247622146,3,428.82928410527387
56,28,5,2,11.770910865076203,578,Wheat,181,85,13.83850008538884,0,78.44200040483122
57,28,2,5,5.504639240553918,485,Rice,135,45,14.309480694387494,2,89.50111841409846
22,22,3,3,10.648698695448434,519,Maize,82,57,10.210578407748107,6,84.73539615850353
54,26,2,3,5.547368102668402,539,Wheat,144,49,17.10041301537108,5,82.6048079948245
20,30,5,2,5.811524962648653,134,Cotton,123,74,14.489178168208596,6,38.42151918822224
45,6,4,6,4.673012032187186,994,Sugarcane,77,28,12.177401820939098,2,16.961401431917036
22,3,1,2,5.252295571985424,894,Wheat,72,35,16.816719759714207,3,19.40059202100717
26,13,4,6,9.057751745976862,600,Cotton,98,43,16.63821878200766,0,30.677167840063927
6,9,4,3,7.594021840414292,806,Rice,125,39,8.005392141828835,5,15.886534232734654
25,33,5,4,10.32755389735068,283,Maize,51,81,17.248375351551918,3,71.07599743831335
40,25,4,4,6.655974518612977,657,Rice,126,71,11.634271941074747,3,48.8753253365891
48,22,4,2,11.74899653840847,247,Rice,149,97,12.221468871528405,4,79.52426702611962
43,8,5,6,4.398980326554997,363,Maize,160,71,8.853134609383709,2,20.04396873040008
51,36,5,2,4.503487635219532,704,Wheat,194,62,16.77577140721635,1,48.20557944446514
43,7,3,5,9.610999190545089,939,Maize,92,29,13.392046580601082,6,29.16748207695025
33,13,4,2,11.100311079782877,588,Cotton,146,85,17.05704214394582,3,49.335565865070635
58,6,2,2,10.364001533073196,725,Rice,108,90,15.808156806834191,3,56.582575077106895
30,6,1,2,7.9185367029353095,958,Maize,170,84,16.979813248029107,6,68.45255729239454
25,8,1,2,6.15713089044016,381,Sugarcane,115,34,17.4825863593464,3,57.323793771138064
21,2,5,6,4.1076122344377195,714,Maize,123,94,16.85904362882252,5,10.336481676344272
20,13,5,6,8.075611631358205,301,Maize,88,69,10.098352796867783,5,24.488065401534307
35,16,3,6,7.805089578474212,673,Cotton,75,60,8.701125331918485,0,49.984851763748715
55,21,4,5,6.753967195761919,705,Rice,199,79,14.202531719841264,1,53.22386596958092
13,25,5,5,8.62458230377988,516,Cotton,71,52,9.55056232105386,0,36.58574062803948
35,27,5,2,9.830517579050186,416,Cotton,137,71,16.631066211261164,0,63.707275758529725
18,13,1,6,9.60710588982594,327,Sugarcane,78,57,17.4745629785129,1,138.660025641996
53,8,4,5,6.106022734273724,167,Cotton,164,83,9.212768378886208,4,30.094383943522892
41,25,3,4,8.682429508916744,896,Cotton,59,29,10.358393287647045,2,80.4465149170183
6,1,5,2,5.190195828671987,913,Sugarcane,159,69,14.25225108325077,5,1.0
56,10,5,3,4.972814751106837,579,Wheat,198,82,15.252579160349775,2,28.974333439738885
52,16,5,6,10.286846690072943,776,Cotton,167,78,13.123121362526721,2,42.265514657778766
50,33,1,2,9.549967216764287,200,Maize,172,31,11.690324733984756,0,334.2550837174908
18,18,5,2,10.14343120505303,342,Cotton,115,77,11.06024934251025,6,44.4173473572866
37,38,5,3,5.219698193633767,189,Rice,183,28,14.659681142775426,0,44.95700834234457
39,17,1,4,11.31694871496368,699,Maize,50,68,15.445614883589382,6,210.9524682711844
43,12,5,5,5.06489290577887,226,Maize,77,80,10.88836110462106,0,12.501481811593937
51,4,4,5,10.960295745581831,718,Wheat,188,97,11.259958017275503,6,30.802177475654585
55,22,4,3,6.81903433044745,933,Rice,173,70,12.600673571192504,4,53.80783230128898
24,23,1,3,4.8434727442731145,498,Rice,195,64,12.502169829451292,0,123.62257587534364
6,28,4,5,6.294151684524207,401,Rice,69,86,16.426546514946065,1,46.42142078039123
55,7,3,4,5.451584113711064,593,Cotton,125,99,12.369095409522235,0,36.71635721816115
45,25,5,4,7.925357749533713,855,Cotton,140,37,17.784093450729817,0,50.99954159845057
23,14,3,2,11.597962784318149,796,Maize,107,80,11.109633712318207,3,64.17798098971765
41,0,4,3,6.622969292660148,875,Wheat,147,69,14.92820806668275,5,6.896056958060713
22,27,1,3,8.89679188545691,520,Cotton,195,33,15.58936255393749,1,249.3549831981963
20,13,1,3,11.133767005919708,712,Cotton,115,29,14.304039675629138,3,151.58683796868183
8,33,3,5,9.040591437569855,864,Wheat,152,93,11.670477606314963,3,108.18510179493106
16,30,4,5,6.897593126958115,241,Rice,114,25,10.574152535644691,0,51.146920708645624
33,5,5,5,11.926713017407033,352,Maize,175,22,14.04282162540352,4,15.067589541749353
11,4,4,4,5.499308811524269,172,Cotton,154,21,14.58631186609774,6,1.0
18,30,4,5,8.186048119164063,313,Wheat,76,95,10.57622186364664,6,66.76423137676946
59,36,1,2,10.37364398989438,478,Wheat,79,20,11.364891047645632,1,387.6411509741552
16,14,2,5,4.005190956617795,398,Rice,135,71,16.620629866289782,0,33.98783446559626
39,14,5,4,9.616346017139495,478,Sugarcane,125,32,16.10512537820593,2,32.351544418362145
9,4,5,3,6.131991173647509,591,Sugarcane,178,51,9.837807984773907,2,4.911535719521622
21,27,1,2,5.357813781535017,783,Sugarcane,90,44,17.333558343997097,4,151.83004540766598
46,32,4,4,6.193555706946332,403,Sugarcane,162,57,14.280328465319247,1,62.72885273629421
36,10,1,6,11.734531406718272,597,Cotton,50,24,12.967547817282318,1,128.1736870551586
14,5,4,3,11.135482073917483,841,Wheat,182,37,10.008645470557369,3,11.8125342374248
47,22,2,5,5.71003565170962,336,Maize,182,29,15.301951730571266,2,77.35890870352407
21,39,2,4,4.9362141849475565,329,Cotton,120,72,17.20795118533782,5,103.50146486320494
9,1,3,6,6.913220836115741,106,Sugarcane,133,53,8.649483933156658,2,6.457355527838592
49,14,4,4,8.738691840800588,806,Maize,75,49,13.207446656280563,2,39.59018408046281
46,22,1,5,10.937157028648965,355,Maize,98,51,16.77132050425793,1,264.8204894602145
13,21,1,4,11.728721000320622,270,Sugarcane,119,30,17.525228990421432,0,256.1780981259096
53,8,1,6,10.009226945384789,651,Maize,139,49,8.721397574278807,2,95.61521344565573
37,39,3,4,8.792057701613246,387,Cotton,110,20,15.910548298916122,2,120.57266090240641
40,29,5,2,5.138656209048135,839,Rice,52,25,10.814062397341598,4,32.50051764109512
40,15,1,2,4.5922270109864884,333,Cotton,127,97,13.415043535956643,3,86.95386856263211
22,29,2,5,8.768215028233609,972,Cotton,63,75,15.837324841704866,6,139.614888483945
13,8,1,6,8.312512846135416,794,Rice,69,86,13.45134522676847,4,78.41818505097255
33,0,1,6,10.768704861872816,592,Sugarcane,186,77,9.100599123779487,0,13.640855833663904
54,37,1,6,6.580846806840831,310,Sugarcane,55,98,13.905348614721875,4,265.92107227913243
18,7,5,6,4.317526858798481,961,Rice,151,38,9.178109097386583,5,7.275477305663043
29,17,1,6,7.389666152728266,466,Cotton,154,80,11.474437724362522,6,137.26266997762028
19,26,5,3,11.753458431501915,328,Wheat,92,81,13.58230986057208,6,65.91445205669044
10,17,5,4,10.364599239492184,444,Maize,113,90,17.91414976918613,6,34.8566593147496
46,31,3,6,4.270177389138185,866,Maize,146,54,15.26930315561498,4,59.28034822344358
33,31,2,2,10.997431231185402,176,Maize,93,62,11.033026937881665,5,181.07873374345104
19,35,1,4,7.773515916970539,559,Wheat,54,24,16.765523561416742,2,278.17376469580853
33,35,1,5,6.9181442545436465,364,Cotton,190,65,10.26147064174769,2,255.2264841513542
8,20,1,5,6.7739163264223325,603,Sugarcane,169,54,11.839918130043648,6,144.91884661584794
22,31,5,6,8.761154024310915,843,Rice,192,55,14.470213156309123,3,58.860819115455456
54,30,4,3,8.2447953475261,748,Maize,168,23,12.105614287828832,5,73.08898393143737
53,36,2,3,9.253017953346104,675,Wheat,139,80,15.29576985496534,3,188.84977026439654
48,15,1,4,8.589131720320374,344,Rice,79,21,14.506072326106562,4,144.5060945955769
43,13,4,3,5.151556598733748,528,Cotton,105,54,14.672844865780451,1,25.099964810604927
20,23,4,5,6.057888070066546,190,Wheat,173,65,12.20263746768426,1,36.52714970661093
15,24,4,6,10.728236576814673,544,Wheat,117,23,8.551299272818138,3,63.36596347659687
18,34,2,2,9.30606811756504,332,Rice,174,79,16.7270726960193,0,168.1596340518348
7,16,4,5,7.587205003317929,962,Rice,96,67,8.740228023935286,3,30.42982547992263
55,3,1,5,5.460811454670923,553,Maize,77,23,12.640345243294068,5,29.640473791156694
54,10,1,4,4.061528287818495,448,Cotton,86,89,11.01940274418031,4,64.39368545571861
46,14,3,3,6.495099225508945,193,Rice,123,70,10.963309503145393,5,46.337290663126524
42,29,5,2,4.43877565541335,521,Maize,122,36,10.266242899816719,1,36.03718727195678
49,23,4,2,7.858273064699641,814,Maize,176,23,10.71652742273756,5,53.62106770595202
46,1,5,3,10.574411622065668,589,Rice,85,76,17.553412919749988,6,9.77987719310863
22,33,5,6,6.283189291058378,785,Wheat,178,95,17.720528700719573,4,47.79558263961429
24,22,5,3,10.782033292440396,223,Wheat,124,26,13.709245582394722,0,47.62732576683736
52,30,5,6,9.636515168692714,681,Wheat,124,67,13.24656708214745,2,68.22690025632733
29,36,5,2,5.002098634838923,714,Maize,90,96,8.483650871962144,5,42.69043664328319
42,12,1,4,9.156495130156667,332,Wheat,118,52,16.037354168412573,3,128.35353862962467
17,32,2,5,5.213438458444346,163,Cotton,106,96,9.705517831268093,2,93.25955003970797
8,6,4,2,9.23832736219935,706,Wheat,52,87,9.425834105162833,6,16.487687653660622
59,31,4,2,5.141715877824849,262,Wheat,185,75,12.240709262013738,1,53.82808959255692
18,6,1,2,7.140090928124528,879,Maize,97,44,11.475408055231593,5,50.92782503219293
37,37,1,5,8.53275416190555,403,Sugarcane,108,54,8.966365976124134,0,328.0137563788841
32,12,5,6,4.402993371391534,418,Cotton,162,92,9.479342935050514,6,17.00711088766293
56,23,2,4,5.226466758836219,784,Maize,85,58,17.92337120248826,5,74.43894849055637
41,27,4,4,6.5632706004179715,105,Cotton,128,42,15.348256851894444,4,54.23148763350262
12,31,3,4,7.698560686174891,400,Cotton,126,30,13.985571956923028,3,78.1510751517571
48,17,1,6,10.867898351371476,957,Wheat,123,98,11.036164872714279,1,204.2876107993188
38,33,3,3,5.498184706831857,200,Cotton,108,41,12.284401141382034,0,69.15800017727054
48,33,4,3,6.779767604020205,515,Wheat,79,66,14.279835953835684,4,70.99870751414011
9,37,1,4,7.806209890241445,459,Cotton,138,31,15.842795799385296,4,293.8264815561025
58,0,4,2,6.36622844791495,230,Sugarcane,111,54,17.464091396024884,5,15.160141377128994
9,30,1,2,9.005982229766968,994,Cotton,119,53,9.226804537047952,1,279.07037628000387
35,0,4,5,6.052819478207761,485,Rice,104,20,9.916416989027514,4,7.137062833056682
49,15,3,3,10.178803368905946,119,Wheat,150,51,13.67571593978099,6,65.06284744363884
13,38,2,2,8.041232758809468,822,Sugarcane,149,23,17.384933596248537,2,156.13881074805434
46,14,1,4,4.690439067688882,394,Wheat,145,43,12.525419403640814,2,83.75948404825544
36,32,3,5,9.015991161855661,495,Sugarcane,71,90,14.339464681621454,0,111.64780747855922
37,22,4,3,8.553948030390059,544,Wheat,168,95,10.937254740355833,2,61.88370002126543
7,33,3,5,6.708778833653382,391,Rice,146,41,16.11738769084083,1,71.84090883426876
34,16,1,2,4.089256627112171,589,Rice,71,54,14.052611114244327,6,77.93573761363321
54,24,3,4,5.60561233739498,447,Sugarcane,149,48,11.818083602203293,0,61.369915410246996
16,5,4,4,7.2456762310588205,364,Maize,131,36,13.42621264998927,3,10.27368731382891
33,30,5,4,5.599312270346379,864,Wheat,190,47,14.947571926250317,4,42.14090650155964
7,4,2,2,8.619928967517422,143,Maize,72,66,10.135126722366902,2,26.54012243273762
30,39,2,6,9.698599151410054,174,Cotton,195,60,11.414450843721099,3,202.639065543406
34,39,5,4,10.848141254006684,152,Rice,123,36,10.505104763475526,4,82.15151305691613
13,29,1,6,9.175860949469989,385,Wheat,115,23,17.601595129408302,1,272.67286441200554
30,4,3,4,9.512073770038501,982,Rice,63,60,8.429681498156606,3,21.43572565526258
6,11,3,6,8.867534921844197,165,Cotton,196,25,8.564412075946983,0,28.129920734131215
7,6,5,3,11.88388846090163,137,Sugarcane,118,98,11.557361775043036,1,14.479479444749298
50,12,5,3,6.088004552639266,865,Wheat,145,63,13.380267973571076,2,22.307779307282516
8,3,4,4,6.130069444102067,905,Wheat,171,43,11.288972408904872,3,6.210615520456068
29,2,4,5,5.010669131374877,516,Wheat,123,73,16.569324155426056,5,12.154129647335386
55,11,2,5,7.885474606956259,810,Sugarcane,182,91,9.693834677205185,1,59.403414300636314
17,0,1,2,4.769293629047375,847,Rice,196,50,11.646260747136282,1,8.459107597478852
43,26,1,3,6.16117277518483,568,Sugarcane,124,28,12.879507586249641,3,170.18851671278492
48,12,5,3,7.861447430171133,154,Rice,151,72,10.021646463290558,2,33.11806017145226
39,16,2,5,11.660764927440137,943,Wheat,108,21,10.900903236932788,1,99.6672815671995
59,7,2,4,11.710503950721339,215,Sugarcane,143,39,17.474097726578798,5,51.52236195781558
27,31,4,2,9.949921873092446,696,Cotton,143,23,13.202270510367544,3,80.55459563299704
13,19,3,3,7.114001292605479,378,Sugarcane,59,63,16.69666529469397,1,51.267836577366104
6,16,1,2,10.921290187012369,553,Rice,156,81,10.693662806488913,0,185.08384816730134
58,33,2,3,11.003646415261123,241,Wheat,132,32,14.12369495530918,3,197.51940850181063
45,34,4,6,11.281579046372418,707,Rice,167,39,15.632448369032627,3,105.24879504079844
48,34,4,6,9.120200385721704,148,Maize,64,71,12.2158678822302,5,92.66889790460183
35,37,4,2,5.6143423648630435,468,Wheat,109,25,14.247132022268472,1,60.0475543517295
48,23,3,5,4.728646182165454,469,Cotton,84,34,16.632194793521123,6,47.46643965293952
51,17,2,5,11.31820403232104,400,Cotton,84,91,9.407850561535955,3,115.4939797167205
6,38,5,3,4.444368864972824,816,Maize,50,83,11.547417570147694,0,26.83239895128987
36,32,5,6,6.367120475503959,451,Rice,96,55,16.239037287270467,5,47.26072183985219
22,22,4,6,7.895694136301897,294,Cotton,158,55,10.308962833928117,2,51.56713059698115
17,24,4,2,4.1758135429878065,404,Rice,160,22,13.561143116904121,0,26.520271313391405
50,36,3,2,11.255298069425951,349,Wheat,67,99,12.380155510472555,5,157.04566610951127
9,26,4,5,6.29696795897788,357,Sugarcane,75,59,14.648971149440673,5,42.964655809981764
46,0,2,5,4.228038391364602,549,Wheat,109,57,14.680053460249411,3,16.41061599670969
48,20,4,5,11.948719977812146,970,Rice,195,64,13.784812635490596,3,69.70976702898467
14,9,4,4,6.491145446540123,158,Maize,112,81,17.467803827948792,1,17.02480291820665
47,30,2,6,11.014119259882982,320,Wheat,90,99,9.75326276381202,4,181.473534980761
29,24,1,6,7.627795631367047,671,Cotton,92,85,16.3508697104092,4,200.299286325314
38,19,5,2,9.305007208439992,633,Wheat,87,43,12.894179838725748,2,44.576959748984514
41,1,4,6,5.928721196298838,956,Wheat,105,25,14.61812129498723,1,11.81822235712584
34,14,2,2,8.023002615816175,461,Wheat,176,21,10.737468795702975,5,61.27496261974251
11,27,5,4,6.061209539400216,152,Maize,148,45,8.946131030363237,0,29.608358893863606
10,12,3,5,11.60867105012083,886,Rice,136,63,15.777060398854621,1,45.03671014543859
58,13,1,4,4.48756329932997,660,Maize,105,20,10.51750535444759,1,72.35364211680432
59,1,4,5,6.197391420038779,628,Cotton,166,21,11.902930472080937,0,9.901417532550738
7,33,1,5,11.14487101239903,597,Rice,111,30,8.475245516938655,6,375.06974973142576
17,34,4,2,7.84028766005827,738,Cotton,149,49,14.502039137100201,1,67.61626660681493
7,36,4,5,8.80067289523336,254,Rice,167,53,14.874486447153117,6,74.69385245852173
30,24,4,4,9.21354697196514,886,Rice,86,80,17.0165943205063,3,61.98076444862615
28,14,1,3,4.567420094188507,846,Wheat,69,53,16.910206192960594,2,78.83039624753805
57,11,3,2,4.141909927268681,589,Wheat,84,90,15.05135716663943,4,35.72283812108495
10,8,2,5,11.502728413690452,897,Maize,120,21,11.221290573692428,0,44.037288146129434
47,30,2,5,6.172022762375046,177,Rice,147,83,11.746262372384827,4,114.81509532362732
53,13,3,6,7.042504883484231,273,Cotton,55,22,11.817017361646862,3,43.87790899605628
46,28,3,2,9.456745365788397,717,Wheat,68,85,9.296322503441997,4,102.21985553547151
16,37,4,2,5.89043101658177,419,Cotton,155,49,17.472869606287794,3,56.00541930210225
53,7,4,4,9.864570961340146,131,Wheat,57,54,16.181644524672112,4,33.283674449507245
40,2,2,3,7.66593745730616,391,Rice,65,41,9.452697623840555,6,17.6412971914422
6,1,4,4,10.85287844229913,621,Cotton,166,81,17.46463795305265,6,6.009114096069016
15,15,4,4,6.228325086123859,414,Maize,159,73,16.43224115246541,2,27.991457072473743
43,18,3,4,5.630579843706388,713,Maize,73,79,17.188532982333356,3,46.04290380014707
38,29,1,3,10.653506830998976,729,Maize,190,57,10.856444069117128,0,321.24433944014584
30,15,5,4,6.610608519942669,768,Wheat,168,49,11.355699391464544,0,16.846208696451345
